OBJECT_NAME,OBJECT_ID,EPOCH,MEAN_MOTION,ECCENTRICITY,INCLINATION,RA_OF_ASC_NODE,ARG_OF_PERICENTER,MEAN_ANOMALY,EPHEMERIS_TYPE,CLASSIFICATION_TYPE,NORAD_CAT_ID,ELEMENT_SET_NO,REV_AT_EPOCH,BSTAR,MEAN_MOTION_DOT,MEAN_MOTION_DDOT
COSMOS 1408 DEB,1982-092RU,2026-05-28T18:21:46.857024,15.47522017,.0014274,82.5638,247.0469,331.3039,28.7424,0,U,50032,999,25185,.10458E-3,.5435E-4,0
COSMOS 1408 DEB,1982-092SW,2026-05-28T17:54:29.826720,15.79014617,.001172,82.6098,252.6554,185.3796,174.7347,0,U,50058,999,25426,.38114E-3,.68142E-3,0
COSMOS 1408 DEB,1982-092ADS,2026-05-27T17:03:08.281728,15.84628804,.00244142,82.1732,38.8611,325.0687,34.8978,0,U,50404,999,23742,.53002664E-2,.1230851E-1,.62453945E-3
COSMOS 1408 DEB,1982-092ALR,2026-05-28T07:02:21.278112,15.67658044,.0021031,82.5661,259.3154,249.2173,110.6834,0,U,50621,999,24850,.38842E-3,.4304E-3,0
COSMOS 2251,1993-036A,2026-05-29T01:21:30.378240,14.33251888,.0023953,74.0405,10.1687,52.7316,307.6014,0,U,22675,999,72170,.45961E-4,.101E-5,0
COSMOS 2251 DEB,1993-036E,2026-05-29T01:58:04.811232,14.32621780,.0014875,74.0379,18.1144,351.1725,161.3100,0,U,33757,999,90392,.39726E-4,.82E-6,0
COSMOS 2251 DEB,1993-036F,2026-05-29T00:38:51.155808,14.52752774,.001665,74.0281,259.5960,291.2934,182.9263,0,U,33758,999,90733,.79348E-3,.3236E-4,0
COSMOS 2251 DEB,1993-036H,2026-05-29T05:17:27.254112,14.35774380,.0019957,74.0320,334.0573,33.3815,83.1829,0,U,33760,999,90528,.98587E-4,.26E-5,0
COSMOS 2251 DEB,1993-036J,2026-05-28T21:36:26.820288,14.43011240,.0023022,74.0355,301.8866,345.0698,141.1780,0,U,33761,999,90645,.35278E-3,.1159E-4,0
COSMOS 2251 DEB,1993-036K,2026-05-29T01:24:32.486976,14.33715639,.0014767,74.0422,4.1213,25.7943,127.0043,0,U,33762,999,90445,.44451E-4,.98E-6,0
COSMOS 2251 DEB,1993-036M,2026-05-28T22:55:16.243968,14.39840444,.0022321,74.0334,323.7938,247.4514,239.7653,0,U,33764,999,90563,.26923E-3,.821E-5,0
COSMOS 2251 DEB,1993-036N,2026-05-29T02:30:00.953280,15.22537413,.0055289,73.9994,183.5985,233.1999,126.4120,0,U,33765,999,92155,.22419E-2,.54619E-3,0
COSMOS 2251 DEB,1993-036P,2026-05-29T02:14:58.731648,14.35468417,.0064037,74.1851,190.9243,345.6570,14.2763,0,U,33766,999,90146,.37447E-3,.1077E-4,0
COSMOS 2251 DEB,1993-036R,2026-05-28T22:30:49.201344,13.58612463,.0367215,74.0685,309.9685,70.7112,91.4319,0,U,33768,999,85566,.36428E-3,.395E-5,0
COSMOS 2251 DEB,1993-036U,2026-05-29T04:47:18.735360,14.74340032,.0013679,74.0436,204.8130,207.3220,213.6538,0,U,33779,999,90993,.92737E-3,.6126E-4,0
COSMOS 2251 DEB,1993-036X,2026-05-28T22:49:52.034016,14.40882736,.0020397,74.0326,328.1840,357.1058,131.8727,0,U,33782,999,90534,.36794E-3,.1156E-4,0
COSMOS 2251 DEB,1993-036AA,2026-05-28T21:10:08.083200,14.73937879,.0017365,73.8644,91.1703,353.3104,62.2998,0,U,33785,999,90967,.10024E-2,.6568E-4,0
COSMOS 2251 DEB,1993-036AE,2026-05-29T00:43:59.056032,13.89023046,.0240806,74.0618,163.4217,240.0283,148.2791,0,U,33789,999,87418,.3444E-3,.502E-5,0
COSMOS 2251 DEB,1993-036AG,2026-05-29T00:56:33.689184,14.43927058,.002996,74.1737,89.2584,233.1421,208.7869,0,U,33791,999,90466,.67279E-3,.2283E-4,0
COSMOS 2251 DEB,1993-036AH,2026-05-29T04:27:37.154880,13.46123979,.0429551,73.8993,77.8401,113.0958,319.0334,0,U,33792,999,84695,.77102E-3,.79E-5,0
COSMOS 2251 DEB,1993-036AJ,2026-05-29T04:44:24.696384,14.28263161,.0078787,73.9803,205.4091,317.2710,98.0263,0,U,33793,999,89597,.43621E-3,.1098E-4,0
COSMOS 2251 DEB,1993-036AL,2026-05-29T04:47:37.254336,15.14040391,.0030753,74.0425,90.9703,141.0073,285.8429,0,U,33795,999,92549,.14376E-2,.26496E-3,0
COSMOS 2251 DEB,1993-036AN,2026-05-29T05:19:16.195008,14.58581987,.0061233,74.0463,76.4426,122.2452,30.0697,0,U,33797,999,91426,.4427E-3,.2084E-4,0
COSMOS 2251 DEB,1993-036AP,2026-05-29T04:54:59.370048,14.44793861,.0092487,74.0281,183.9279,264.1177,162.1084,0,U,33798,999,91012,.10731E-3,.363E-5,0
COSMOS 2251 DEB,1993-036AQ,2026-05-29T00:09:51.643872,14.84343588,.0023287,74.0298,111.2117,148.5630,285.1743,0,U,33799,999,91289,.22696E-2,.19166E-3,0
COSMOS 2251 DEB,1993-036AW,2026-05-29T00:41:10.747968,14.58240910,.0060626,74.0310,352.9809,139.2352,221.3373,0,U,33805,999,91665,.27005E-3,.1249E-4,0
COSMOS 2251 DEB,1993-036BC,2026-05-28T20:48:06.856128,15.12384269,.0027464,73.8311,314.0031,12.3380,101.3472,0,U,33811,999,92539,.12433E-2,.218E-3,0
COSMOS 2251 DEB,1993-036BH,2026-05-29T02:06:53.649216,13.82045662,.02646,73.8936,181.6729,163.3273,197.6764,0,U,33816,999,86985,.44652E-3,.604E-5,0
COSMOS 2251 DEB,1993-036BK,2026-05-29T01:55:13.753056,15.31551692,.0005523,74.0730,175.3441,102.7499,257.4322,0,U,33818,999,92408,.26517E-2,.81703E-3,0
COSMOS 2251 DEB,1993-036BL,2026-05-28T16:31:45.310368,14.32811785,.0089261,74.1789,267.6978,81.5988,28.3336,0,U,33819,999,89886,.63058E-3,.1773E-4,0
COSMOS 2251 DEB,1993-036BN,2026-05-28T22:31:40.491840,15.36864075,.0036485,74.0237,146.0584,137.6067,222.7969,0,U,33821,999,77560,.11434E-2,.42331E-3,0
COSMOS 2251 DEB,1993-036BP,2026-05-28T16:35:41.595360,14.14062230,.0150051,74.0691,258.6693,265.2726,221.2352,0,U,33822,999,88413,.1342E-2,.2818E-4,0
COSMOS 2251 DEB,1993-036BQ,2026-05-28T15:53:50.141760,13.99340157,.0209102,73.8094,216.6773,312.9524,174.4241,0,U,33823,999,87944,.29167E-3,.485E-5,0
COSMOS 2251 DEB,1993-036BS,2026-05-29T04:31:05.487744,14.72754648,.0076881,73.9844,61.3544,347.5793,173.3909,0,U,33825,999,91342,.15775E-2,.1054E-3,0
COSMOS 2251 DEB,1993-036BT,2026-05-28T21:59:27.780000,14.53905846,.0081985,74.0637,95.0276,98.8221,318.4934,0,U,33826,999,90197,.30042E-2,.13213E-3,0
COSMOS 2251 DEB,1993-036BV,2026-05-28T20:42:17.700768,14.44842220,.0028988,74.0459,287.1677,321.0255,201.0151,0,U,33828,999,90726,.34333E-3,.1173E-4,0
COSMOS 2251 DEB,1993-036BX,2026-05-29T00:37:02.253792,14.78955323,.004211,74.0324,261.7783,340.7373,134.4809,0,U,33830,999,91943,.77346E-3,.5764E-4,0
COSMOS 2251 DEB,1993-036BZ,2026-05-28T16:12:45.614016,14.62850974,.0022314,74.0549,250.8152,243.8609,239.6503,0,U,33832,999,90864,.12765E-2,.6521E-4,0
COSMOS 2251 DEB,1993-036CC,2026-05-29T00:49:38.493120,14.63749733,.0053919,74.0546,140.6803,152.2768,265.1353,0,U,33835,999,91236,.75434E-3,.3986E-4,0
COSMOS 2251 DEB,1993-036CD,2026-05-29T01:55:40.151712,14.82737963,.002397,73.9959,287.8521,93.7541,27.6538,0,U,33836,999,66566,.14224E-2,.11531E-3,0
COSMOS 2251 DEB,1993-036CE,2026-05-28T21:54:55.925856,14.51044059,.0035406,74.0114,100.7652,280.5109,79.2064,0,U,33837,999,91220,.25137E-3,.974E-5,0
COSMOS 2251 DEB,1993-036CF,2026-05-29T03:13:17.122080,14.48851875,.0027954,74.0362,196.1841,276.3915,114.4286,0,U,33838,999,90993,.26879E-3,.993E-5,0
COSMOS 2251 DEB,1993-036CG,2026-05-29T05:25:36.826752,14.64895471,.008476,74.0392,244.5082,313.9979,71.9191,0,U,33839,999,92032,.17369E-3,.944E-5,0
COSMOS 2251 DEB,1993-036CJ,2026-05-29T00:07:00.244416,14.38082602,.0020567,74.0375,330.0195,12.4213,148.6512,0,U,33841,999,90518,.19147E-3,.555E-5,0
COSMOS 2251 DEB,1993-036CK,2026-05-28T18:30:43.437312,14.43052060,.0047268,74.0333,269.5083,336.6150,23.2856,0,U,33842,999,90746,.23455E-3,.77E-5,0
COSMOS 2251 DEB,1993-036CM,2026-05-29T00:06:26.716032,14.34115724,.0046927,74.0650,107.2955,89.1296,340.9305,0,U,33844,999,90123,.41432E-3,.1148E-4,0
COSMOS 2251 DEB,1993-036CR,2026-05-29T04:36:33.972768,14.45247223,.0042334,74.0324,45.7421,66.4044,91.4059,0,U,33848,999,90249,.10845E-2,.3821E-4,0
COSMOS 2251 DEB,1993-036CV,2026-05-28T03:45:29.819232,14.23869518,.01131039,73.8002,158.3088,160.7010,276.7272,0,U,33892,999,89323,.47134546E-3,.1127E-4,0
COSMOS 2251 DEB,1993-036CX,2026-05-28T19:53:16.586880,13.21704203,.0570214,73.7661,90.5259,346.0780,12.5126,0,U,33894,999,82915,.32816E-2,.3182E-4,0
COSMOS 2251 DEB,1993-036CZ,2026-05-29T05:01:09.600960,14.19532700,.0125751,73.7663,212.5006,359.7343,59.9330,0,U,33896,999,89116,.51957E-3,.1158E-4,0
COSMOS 2251 DEB,1993-036DC,2026-05-28T23:32:24.923328,14.62486019,.0056143,74.0509,125.9226,146.3423,270.3281,0,U,33899,999,91283,.69079E-3,.3552E-4,0
COSMOS 2251 DEB,1993-036DD,2026-05-29T03:42:34.638912,14.59025038,.0047824,74.0189,40.6980,150.5561,9.2367,0,U,33900,999,91477,.38973E-3,.183E-4,0
COSMOS 2251 DEB,1993-036DE,2026-05-29T03:02:37.794912,15.45019685,.0031431,73.7658,47.2748,164.8502,195.3656,0,U,33901,999,92073,.29726E-2,.145539E-2,0
COSMOS 2251 DEB,1993-036DJ,2026-05-29T00:52:55.827264,14.35968549,.0057136,73.8868,6.8412,219.2247,291.7001,0,U,33905,999,90088,.55303E-3,.1609E-4,0
COSMOS 2251 DEB,1993-036DK,2026-05-29T01:02:29.480928,14.59800428,.0032856,74.0302,2.8074,2.2728,149.7843,0,U,33906,999,90447,.16799E-2,.8067E-4,0
COSMOS 2251 DEB,1993-036DL,2026-05-28T21:22:14.192256,14.32535912,.0114528,74.0674,89.4820,106.6104,311.4850,0,U,33907,999,88972,.19998E-2,.5812E-4,0
COSMOS 2251 DEB,1993-036DM,2026-05-28T09:29:38.212224,14.08661882,.0216645,73.8374,269.6735,263.7035,93.9388,0,U,33908,999,87819,.10047E-2,.2119E-4,0
COSMOS 2251 DEB,1993-036DQ,2026-05-29T02:47:45.739968,14.79212359,.0010311,74.0887,194.6655,76.2008,314.5701,0,U,33911,999,91116,.16172E-2,.12008E-3,0
COSMOS 2251 DEB,1993-036DR,2026-05-28T16:53:50.531712,14.52927624,.0011659,74.0349,234.9035,278.0146,207.4298,0,U,33912,999,90857,.68835E-3,.2811E-4,0
COSMOS 2251 DEB,1993-036DS,2026-05-28T16:30:42.018912,14.49160104,.0048288,74.0339,230.6605,292.3340,190.0259,0,U,33913,999,90875,.39813E-3,.1509E-4,0
COSMOS 2251 DEB,1993-036DT,2026-05-29T05:04:20.671104,13.72203171,.0303729,74.0889,99.0219,163.2242,327.4732,0,U,33914,999,86378,.40274E-3,.489E-5,0
COSMOS 2251 DEB,1993-036DU,2026-05-28T21:49:34.955040,14.35537135,.010553,74.0423,87.6070,139.4294,284.3015,0,U,33915,999,90156,.39257E-3,.1178E-4,0
COSMOS 2251 DEB,1993-036DV,2026-05-28T23:23:53.320416,13.68759445,.0325357,74.0497,125.7821,260.4785,154.8249,0,U,33916,999,86179,.38219E-3,.452E-5,0
COSMOS 2251 DEB,1993-036DW,2026-05-29T04:47:53.608992,13.69819957,.0333566,74.1063,207.7015,269.0482,87.2410,0,U,33917,999,86026,.16522E-2,.2116E-4,0
COSMOS 2251 DEB,1993-036DZ,2026-05-28T22:17:43.154016,14.60823118,.003142,74.0600,340.0129,309.4416,50.3970,0,U,33920,999,90554,.14701E-2,.7211E-4,0
COSMOS 2251 DEB,1993-036EB,2026-05-29T05:25:46.149312,14.50045470,.0023821,74.0463,193.5638,263.0034,164.2241,0,U,33922,999,91005,.28667E-3,.1087E-4,0
COSMOS 2251 DEB,1993-036ED,2026-05-29T00:53:11.139936,13.50460510,.040211,73.9138,1.2534,6.2757,354.3171,0,U,33924,999,84997,.45804E-3,.464E-5,0
COSMOS 2251 DEB,1993-036EH,2026-05-28T21:02:36.654432,14.47767411,.0060261,73.9245,97.7847,355.3391,4.7197,0,U,33928,999,91063,.31702E-3,.1169E-4,0
COSMOS 2251 DEB,1993-036EM,2026-05-29T00:20:13.158816,14.39219210,.0036054,74.0342,7.2821,45.9614,314.4501,0,U,33932,999,90404,.39834E-3,.1218E-4,0
COSMOS 2251 DEB,1993-036EN,2026-05-28T23:12:13.407840,14.33838807,.0070295,74.0872,115.2478,81.7697,279.1419,0,U,33933,999,90181,.33061E-3,.921E-5,0
COSMOS 2251 DEB,1993-036EP,2026-05-29T00:52:41.580768,14.60354745,.0017022,74.0350,141.4535,223.2818,136.7011,0,U,33934,999,91180,.73539E-3,.3535E-4,0
COSMOS 2251 DEB,1993-036ER,2026-05-29T04:53:20.008320,14.61336830,.002864,74.0176,77.1152,188.7587,171.3084,0,U,33936,999,91335,.6525E-3,.3214E-4,0
COSMOS 2251 DEB,1993-036ET,2026-05-28T18:30:11.616192,14.47388186,.0016767,74.0453,255.1477,299.0865,184.2911,0,U,33938,999,90816,.40983E-3,.1478E-4,0
COSMOS 2251 DEB,1993-036EU,2026-05-28T21:36:40.125024,15.21461341,.0012468,73.9988,94.7141,201.8941,158.1726,0,U,33939,999,91276,.37829E-2,.86199E-3,0
COSMOS 2251 DEB,1993-036EV,2026-05-28T12:50:12.126048,14.60290631,.0011936,74.0386,185.4673,230.1830,281.6564,0,U,33940,999,91027,.71902E-3,.3448E-4,0
COSMOS 2251 DEB,1993-036EX,2026-05-28T21:36:22.871808,14.38209210,.0020362,74.0363,326.9117,12.1860,105.8616,0,U,33942,999,90537,.18506E-3,.537E-5,0
COSMOS 2251 DEB,1993-036EZ,2026-05-29T01:39:49.951296,14.37665339,.0112663,74.0405,0.9839,60.0461,95.7231,0,U,33944,999,90432,.28422E-3,.892E-5,0
COSMOS 2251 DEB,1993-036FA,2026-05-28T23:51:17.032032,14.34725659,.0022121,74.0302,359.7686,47.6517,312.6504,0,U,33945,999,90414,.11829E-3,.31E-5,0
COSMOS 2251 DEB,1993-036FD,2026-05-29T00:56:41.675136,14.35806632,.0022882,74.0359,358.1343,35.7086,324.5591,0,U,33948,999,90424,.15678E-3,.429E-5,0
COSMOS 2251 DEB,1993-036FE,2026-05-29T02:56:55.276800,14.40014482,.0018754,74.0246,304.3003,7.3439,115.6855,0,U,33971,999,90548,.23276E-3,.708E-5,0
COSMOS 2251 DEB,1993-036FF,2026-05-28T05:45:13.031424,14.38011535,.012361,73.9942,243.5054,12.8661,15.2272,0,U,33972,999,89466,.10123E-2,.3319E-4,0
COSMOS 2251 DEB,1993-036FG,2026-05-29T00:13:21.029088,14.45548710,.0047291,74.0061,150.5345,288.3890,141.0581,0,U,33973,999,91017,.12073E-3,.404E-5,0
COSMOS 2251 DEB,1993-036FJ,2026-05-28T23:58:01.606080,14.00766537,.019202,73.7991,150.3725,254.2821,103.7058,0,U,33975,999,88171,.30079E-3,.499E-5,0
COSMOS 2251 DEB,1993-036FP,2026-05-29T04:50:15.443232,14.59648188,.0029754,74.0191,99.9325,201.8282,274.9864,0,U,33980,999,91237,.66493E-3,.3157E-4,0
COSMOS 2251 DEB,1993-036FR,2026-05-29T03:16:46.097760,14.61053303,.0073752,74.0714,40.7868,42.2435,118.3269,0,U,33982,999,91603,.46375E-3,.2336E-4,0
COSMOS 2251 DEB,1993-036FS,2026-05-29T05:02:42.518112,14.51300808,.0021835,74.0488,192.3137,253.9164,167.4787,0,U,33983,999,91058,.35909E-3,.1406E-4,0
COSMOS 2251 DEB,1993-036FT,2026-05-29T03:13:40.024992,14.67897238,.0024318,74.0095,23.4316,173.8628,343.4143,0,U,33984,999,91521,.79686E-3,.4548E-4,0
COSMOS 2251 DEB,1993-036FV,2026-05-29T00:36:18.429120,14.43975857,.0041315,74.0359,351.7325,27.5539,133.7190,0,U,33986,999,90442,.57564E-3,.1961E-4,0
COSMOS 2251 DEB,1993-036FZ,2026-05-29T02:39:30.229056,13.50245911,.0405122,73.9292,17.2597,6.6272,158.7044,0,U,33990,999,84988,.2976E-3,.295E-5,0
COSMOS 2251 DEB,1993-036GB,2026-05-29T02:48:12.496320,14.67608133,.0052966,74.0243,14.4913,91.4264,66.8682,0,U,33992,999,91579,.79631E-3,.4591E-4,0
COSMOS 2251 DEB,1993-036GD,2026-05-28T17:04:26.833152,14.41325404,.0023637,74.0436,241.3873,334.3161,144.7654,0,U,33994,999,90825,.76408E-4,.221E-5,0
COSMOS 2251 DEB,1993-036GE,2026-05-29T00:43:19.170336,14.35567925,.0059069,74.0590,173.0761,147.1706,213.3139,0,U,33995,999,89919,.62143E-3,.1801E-4,0
COSMOS 2251 DEB,1993-036GJ,2026-05-28T15:53:36.447360,14.87393050,.0041506,73.9172,256.7223,109.2424,251.3253,0,U,33999,999,91729,.17496E-2,.16075E-3,0
COSMOS 2251 DEB,1993-036GL,2026-05-28T22:34:14.511936,14.37277981,.0019988,74.0384,334.0937,16.8033,148.7524,0,U,34001,999,90548,.14748E-3,.414E-5,0
COSMOS 2251 DEB,1993-036GN,2026-05-28T23:55:03.637632,13.84904239,.0278349,74.0772,3.4090,77.1270,286.0791,0,U,34003,999,86740,.15655E-2,.2369E-4,0
COSMOS 2251 DEB,1993-036GP,2026-05-28T23:49:04.431360,14.50463719,.002965,74.0353,359.0876,336.9588,23.0240,0,U,34004,999,90454,.10829E-2,.4233E-4,0
COSMOS 2251 DEB,1993-036GQ,2026-05-28T13:57:19.401984,14.40433193,.0020811,74.0454,265.3533,342.6412,32.4090,0,U,34005,999,90781,.97059E-4,.283E-5,0
COSMOS 2251 DEB,1993-036GR,2026-05-29T01:04:11.932320,15.10932165,.0002938,74.0452,161.9796,319.3571,72.0205,0,U,34006,999,91182,.40093E-2,.67459E-3,0
COSMOS 2251 DEB,1993-036GS,2026-05-29T02:16:11.691264,14.66048382,.0046133,74.0197,24.3770,117.5383,243.0485,0,U,34007,999,91531,.74555E-3,.4125E-4,0
COSMOS 2251 DEB,1993-036GT,2026-05-29T02:40:13.098144,14.33255408,.0023617,74.0353,24.6178,340.1570,172.0924,0,U,34008,999,90362,.99369E-4,.248E-5,0
COSMOS 2251 DEB,1993-036GU,2026-05-29T03:57:43.719840,14.33352525,.0026754,74.0382,30.9452,61.6948,97.1858,0,U,34009,999,90344,.12253E-3,.313E-5,0
COSMOS 2251 DEB,1993-036GW,2026-05-28T08:53:11.384160,14.42653625,.0038121,74.0143,20.7001,68.6026,291.9191,0,U,34011,999,90318,.74719E-3,.248E-4,0
COSMOS 2251 DEB,1993-036GZ,2026-05-28T20:43:53.347296,14.75107532,.0038321,74.0161,314.1223,53.3979,61.3841,0,U,34014,999,91766,.93192E-3,.6332E-4,0
COSMOS 2251 DEB,1993-036HA,2026-05-29T02:48:08.490816,14.61368854,.0021272,74.0227,199.3390,257.6491,130.9536,0,U,34015,999,90975,.34648E-3,.1688E-4,0
COSMOS 2251 DEB,1993-036HD,2026-05-29T00:53:42.083232,13.81290562,.0264706,73.8754,168.5137,173.8558,216.8441,0,U,34018,999,86967,.32266E-3,.423E-5,0
COSMOS 2251 DEB,1993-036HE,2026-05-28T06:27:16.054848,14.34562220,.0062466,73.9517,104.3008,246.6641,182.8193,0,U,34019,999,89908,.52589E-3,.1491E-4,0
COSMOS 2251 DEB,1993-036HG,2026-05-28T08:11:35.103264,14.50469117,.0021504,74.0345,176.8579,278.7293,96.6782,0,U,34021,999,91045,.26916E-3,.1028E-4,0
COSMOS 2251 DEB,1993-036HH,2026-05-28T22:21:20.615904,14.39193527,.0022394,74.0537,322.6631,348.4289,172.5545,0,U,34022,999,90600,.18646E-3,.553E-5,0
COSMOS 2251 DEB,1993-036HJ,2026-05-28T21:15:17.625024,14.40903541,.0018667,74.0245,302.3153,1.1751,120.5096,0,U,34023,999,90621,.27466E-3,.856E-5,0
COSMOS 2251 DEB,1993-036HK,2026-05-29T00:10:17.348736,14.35573448,.0020872,74.0471,9.3728,21.7643,96.2999,0,U,34024,999,90424,.15828E-3,.431E-5,0
COSMOS 2251 DEB,1993-036HM,2026-05-29T04:25:48.823104,13.65626165,.0347219,73.7678,58.7863,262.3733,252.7819,0,U,34026,999,85817,.62391E-3,.745E-5,0
COSMOS 2251 DEB,1993-036HP,2026-05-28T20:15:01.594080,13.20780033,.0546426,73.8813,90.9890,200.7482,188.0105,0,U,34028,999,83214,.33948E-3,.282E-5,0
COSMOS 2251 DEB,1993-036HS,2026-05-29T02:08:18.384288,14.61356140,.0024046,74.0113,175.5850,256.1391,134.9241,0,U,34031,999,91009,.87486E-3,.4315E-4,0
COSMOS 2251 DEB,1993-036HW,2026-05-29T03:02:29.765760,14.53965188,.0039586,74.0657,33.7890,358.9061,151.8744,0,U,34035,999,90397,.14229E-2,.6033E-4,0
COSMOS 2251 DEB,1993-036HX,2026-05-29T03:36:41.770080,15.12152573,.0009443,74.0122,166.6919,220.0110,140.0388,0,U,34036,999,91086,.39766E-2,.69284E-3,0
COSMOS 2251 DEB,1993-036HY,2026-05-29T04:44:46.857120,14.35163101,.0052667,74.0497,103.8119,114.0740,246.5936,0,U,34037,999,90119,.49835E-3,.1421E-4,0
COSMOS 2251 DEB,1993-036JB,2026-05-28T23:36:51.913152,13.68994362,.0336182,73.9552,149.3601,70.0990,293.6015,0,U,34040,999,85888,.15838E-2,.2012E-4,0
COSMOS 2251 DEB,1993-036JG,2026-05-29T00:51:18.482112,14.34155640,.0025753,74.0396,4.7042,48.6609,101.5087,0,U,34045,999,90431,.85826E-4,.215E-5,0
COSMOS 2251 DEB,1993-036JH,2026-05-29T04:11:24.537984,14.47940621,.0076639,74.0392,57.4268,101.5466,48.0727,0,U,34046,999,90248,.12744E-2,.4881E-4,0
COSMOS 2251 DEB,1993-036JM,2026-05-28T13:33:17.911296,13.96611665,.021686,74.0868,83.7516,108.5506,66.9336,0,U,34050,999,87760,.70129E-3,.1163E-4,0
COSMOS 2251 DEB,1993-036JQ,2026-05-28T19:16:09.015168,13.49355927,.042378,73.8440,332.8779,93.7259,271.2397,0,U,34053,999,84937,.54559E-3,.58E-5,0
COSMOS 2251 DEB,1993-036JT,2026-05-28T23:50:27.898944,14.21669400,.012546,74.0560,136.9944,146.1854,282.8080,0,U,34056,999,88787,.13403E-2,.3165E-4,0
COSMOS 2251 DEB,1993-036JV,2026-05-28T07:58:08.617152,13.56271905,.037729,73.9337,268.0271,231.7057,155.1307,0,U,34058,999,85401,.57659E-3,.618E-5,0
COSMOS 2251 DEB,1993-036JW,2026-05-29T04:26:02.138208,14.53924068,.001833,74.0375,230.1019,268.8467,116.6932,0,U,34059,999,90892,.5215E-3,.2172E-4,0
COSMOS 2251 DEB,1993-036JY,2026-05-28T13:09:02.613024,14.40698462,.0020375,74.0387,314.9581,354.5637,65.8896,0,U,34061,999,90582,.27665E-3,.859E-5,0
COSMOS 2251 DEB,1993-036JZ,2026-05-28T12:11:55.543200,14.83874803,.0069495,74.0254,168.4814,206.8627,305.3131,0,U,34062,999,91065,.14098E-2,.12199E-3,0
COSMOS 2251 DEB,1993-036KB,2026-05-28T22:52:50.825856,14.42894495,.0021788,74.0318,320.4999,351.1378,170.7049,0,U,34064,999,90553,.40707E-3,.1337E-4,0
COSMOS 2251 DEB,1993-036KC,2026-05-28T21:50:22.743744,14.38226964,.0016405,74.0354,310.1522,9.2116,116.2078,0,U,34065,999,90608,.13787E-3,.393E-5,0
COSMOS 2251 DEB,1993-036KH,2026-05-28T06:06:12.161952,14.82101455,.002039,73.9970,147.6010,227.1403,147.2003,0,U,34070,999,91074,.1997E-2,.15946E-3,0
COSMOS 2251 DEB,1993-036KK,2026-05-28T22:00:56.899008,14.59698555,.0041409,74.0568,86.1511,44.0503,19.7194,0,U,34114,999,90238,.26782E-2,.12917E-3,0
COSMOS 2251 DEB,1993-036KL,2026-05-29T00:18:14.574816,14.82270237,.0029993,74.0058,271.3235,51.2714,309.1137,0,U,34115,999,91888,.11203E-2,.8994E-4,0
COSMOS 2251 DEB,1993-036KM,2026-05-29T05:15:16.479936,14.54056731,.0012095,74.0410,226.5502,266.8929,124.2041,0,U,34116,999,90920,.65415E-3,.2736E-4,0
COSMOS 2251 DEB,1993-036KN,2026-05-29T02:42:49.933152,14.40693148,.0056261,74.0398,34.4097,72.0502,288.6775,0,U,34117,999,90533,.63656E-3,.2046E-4,0
COSMOS 2251 DEB,1993-036KP,2026-05-28T19:07:59.649024,15.01287536,.0055993,73.9501,269.1945,57.1769,65.2376,0,U,34118,999,91677,.20414E-2,.27221E-3,0
COSMOS 2251 DEB,1993-036KR,2026-05-28T20:53:11.582880,13.98851837,.0182436,73.9917,286.6634,77.9298,45.3587,0,U,34120,999,88317,.27712E-3,.438E-5,0
COSMOS 2251 DEB,1993-036KS,2026-05-28T12:42:30.381984,13.92533884,.0238914,73.9898,171.1880,340.3629,138.7084,0,U,34121,999,87446,.1108E-2,.178E-4,0
COSMOS 2251 DEB,1993-036KT,2026-05-28T23:47:12.518304,14.67235310,.008044,74.0335,156.2363,8.9859,18.4977,0,U,34122,999,91136,.13218E-2,.7793E-4,0
COSMOS 2251 DEB,1993-036KY,2026-05-28T22:16:49.053792,14.32867867,.0112782,74.1763,101.3491,252.9465,163.5099,0,U,34127,999,89165,.161E-2,.4693E-4,0
COSMOS 2251 DEB,1993-036KZ,2026-05-28T21:00:18.734112,15.13921504,.0022766,73.9936,312.2849,38.6212,88.5870,0,U,34128,999,91685,.22607E-2,.41419E-3,0
COSMOS 2251 DEB,1993-036LA,2026-05-29T00:14:14.345664,14.78702853,.0032747,74.0345,11.3650,55.6924,304.7343,0,U,34129,999,63768,.13275E-2,.9808E-4,0
COSMOS 2251 DEB,1993-036LH,2026-05-28T19:26:39.188256,14.81188688,.008501,74.0200,72.8014,152.9449,233.8646,0,U,34136,999,92483,.38566E-3,.3158E-4,0
COSMOS 2251 DEB,1993-036LL,2026-05-28T20:58:50.638944,14.61539127,.0040553,74.0296,294.7830,330.3375,183.8856,0,U,34139,999,90589,.1294E-2,.6473E-4,0
COSMOS 2251 DEB,1993-036LN,2026-05-28T21:18:23.658048,14.51253182,.0050882,74.0095,74.2701,122.0258,303.2237,0,U,34141,999,90117,.18149E-2,.7318E-4,0
COSMOS 2251 DEB,1993-036LQ,2026-05-28T23:23:27.407328,14.66219259,.004914,74.0115,344.0665,95.5220,265.1557,0,U,34270,999,91546,.77854E-3,.4336E-4,0
COSMOS 2251 DEB,1993-036LR,2026-05-29T05:24:10.857024,14.75235804,.0016786,74.0197,232.5882,258.3526,134.2208,0,U,34271,999,90701,.19174E-2,.12992E-3,0
COSMOS 2251 DEB,1993-036LT,2026-05-28T22:23:23.701344,14.62654920,.001564,74.0340,127.3390,209.5137,183.3305,0,U,34273,999,91065,.88846E-3,.45E-4,0
COSMOS 2251 DEB,1993-036LU,2026-05-28T23:13:36.758784,14.66664347,.0023611,74.0015,105.8244,211.6201,219.7077,0,U,34274,999,91126,.11264E-2,.6265E-4,0
COSMOS 2251 DEB,1993-036LW,2026-05-29T00:10:03.631008,14.58240439,.0023584,74.0207,127.0042,230.3384,187.7845,0,U,34276,999,91030,.66064E-3,.3034E-4,0
COSMOS 2251 DEB,1993-036MT,2026-05-28T23:12:27.732096,14.36763513,.0017105,74.0484,337.1232,6.8129,122.5475,0,U,34297,999,90466,.11721E-3,.32E-5,0
COSMOS 2251 DEB,1993-036MX,2026-05-29T04:40:11.705952,14.94206567,.0010505,74.0020,191.1171,241.6445,185.9588,0,U,34301,999,90894,.28441E-2,.30616E-3,0
COSMOS 2251 DEB,1993-036MY,2026-05-29T01:43:04.617408,14.40124562,.0077823,74.1766,177.1525,343.6938,46.3622,0,U,34302,999,90129,.62349E-3,.2014E-4,0
COSMOS 2251 DEB,1993-036MZ,2026-05-28T23:08:44.287008,14.56365185,.0135002,74.0044,330.5032,68.9328,57.2734,0,U,34303,999,90395,.16654E-2,.834E-4,0
COSMOS 2251 DEB,1993-036NA,2026-05-28T13:06:48.369888,14.39057561,.012851,74.0113,174.5489,272.3425,214.9146,0,U,34304,999,89695,.84997E-3,.2864E-4,0
COSMOS 2251 DEB,1993-036ND,2026-05-28T19:15:14.725728,13.54597495,.0392674,74.0545,44.9652,199.4943,237.1220,0,U,34307,999,85124,.68861E-3,.75E-5,0
COSMOS 2251 DEB,1993-036NL,2026-05-29T00:49:04.784160,14.17815335,.0104103,74.0062,9.7281,78.0350,71.7934,0,U,34314,999,89028,.61852E-3,.1307E-4,0
COSMOS 2251 DEB,1993-036NN,2026-05-28T23:43:02.150112,14.99364003,.0011243,74.0635,359.7173,81.9054,278.3408,0,U,34316,999,91710,.22466E-2,.27593E-3,0
COSMOS 2251 DEB,1993-036NP,2026-05-28T23:58:31.192896,13.65345107,.0334676,73.9223,120.3455,78.3895,353.3319,0,U,34317,999,85902,.36851E-3,.42E-5,0
COSMOS 2251 DEB,1993-036NT,2026-05-29T02:14:47.471136,14.50748821,.0016437,74.0280,201.7341,290.1097,92.8330,0,U,34321,999,90913,.39932E-3,.1546E-4,0
COSMOS 2251 DEB,1993-036NV,2026-05-28T23:46:40.088928,14.79085994,.0054006,73.9490,153.5030,161.8378,220.9368,0,U,34323,999,90909,.16944E-2,.12846E-3,0
COSMOS 2251 DEB,1993-036NX,2026-05-28T23:59:36.079296,14.05345347,.0189903,73.8705,257.8602,243.9215,239.1682,0,U,34325,999,87864,.12688E-2,.2391E-4,0
COSMOS 2251 DEB,1993-036NZ,2026-05-29T02:23:40.043328,14.93541830,.0032895,73.9923,195.2876,328.3471,62.4199,0,U,34327,999,92003,.11199E-2,.1191E-3,0
COSMOS 2251 DEB,1993-036PN,2026-05-29T01:55:19.096032,13.80087036,.0291738,74.0773,28.3143,98.0542,50.5632,0,U,34340,999,86576,.13739E-2,.1949E-4,0
COSMOS 2251 DEB,1993-036PR,2026-05-29T00:31:39.027936,14.72298654,.0019724,74.0166,124.3521,351.7370,69.1268,0,U,34343,999,91190,.16424E-2,.10397E-3,0
COSMOS 2251 DEB,1993-036PS,2026-05-28T04:07:59.100384,14.17480006,.01542254,73.9759,172.9270,319.3388,110.2690,0,U,34344,999,88454,.11050398E-2,.2493E-4,0
COSMOS 2251 DEB,1993-036PU,2026-05-29T02:51:10.965024,14.00257784,.0209455,73.9941,21.6388,162.4105,352.9405,0,U,34346,999,87752,.98137E-3,.173E-4,0
COSMOS 2251 DEB,1993-036PY,2026-05-28T20:19:01.227072,15.37174599,.0008387,74.0205,306.0188,71.2450,288.9666,0,U,34383,999,91656,.48246E-2,.180055E-2,0
COSMOS 2251 DEB,1993-036QC,2026-05-28T14:32:42.098784,14.44217253,.0038807,74.0406,261.6244,318.1381,56.8535,0,U,34387,999,90590,.24625E-3,.826E-5,0
COSMOS 2251 DEB,1993-036QD,2026-05-28T18:53:01.375872,14.50289836,.0012827,74.0384,269.5354,282.5194,201.1388,0,U,34388,999,90576,.62441E-3,.2409E-4,0
COSMOS 2251 DEB,1993-036QE,2026-05-28T21:32:08.232000,14.41954705,.0029368,74.0181,299.7348,13.7740,148.3065,0,U,34389,999,90421,.33508E-3,.1077E-4,0
COSMOS 2251 DEB,1993-036QM,2026-05-28T23:30:34.052256,14.78805250,.0006031,74.0257,156.0851,190.7071,190.5871,0,U,34396,999,90815,.1953E-2,.14366E-3,0
COSMOS 2251 DEB,1993-036RA,2026-05-28T16:14:39.113376,14.58374502,.0079593,74.0632,349.6909,21.1674,53.5418,0,U,34409,999,91626,.17212E-3,.801E-5,0
COSMOS 2251 DEB,1993-036RB,2026-05-28T07:14:45.712608,15.46432129,.0014771,73.7263,260.0655,46.0514,314.1911,0,U,34410,999,92323,.34288E-2,.174354E-2,0
COSMOS 2251 DEB,1993-036RD,2026-05-28T01:27:32.610240,14.48777461,.01862398,73.9486,11.3281,69.9184,292.1911,0,U,34412,999,90058,.11096907E-2,.5196E-4,0
COSMOS 2251 DEB,1993-036RE,2026-05-28T05:58:46.021728,14.30198084,.0090475,74.0306,322.1587,2.1875,178.6908,0,U,34413,999,89510,.10107E-2,.2712E-4,0
COSMOS 2251 DEB,1993-036RM,2026-05-29T03:19:45.205824,14.68642418,.0106166,74.0310,140.0535,218.3896,261.9154,0,U,34420,999,92227,.10755E-3,.645E-5,0
COSMOS 2251 DEB,1993-036RS,2026-05-29T00:17:27.589632,14.63100714,.0026915,74.0168,93.6082,177.2593,182.8727,0,U,34425,999,91186,.33504E-3,.1699E-4,0
COSMOS 2251 DEB,1993-036RX,2026-05-28T23:49:19.828704,14.40072368,.0060345,74.0516,354.6524,24.4379,335.9615,0,U,34430,999,90362,.3323E-3,.1044E-4,0
COSMOS 2251 DEB,1993-036RY,2026-05-29T05:25:42.465216,14.29305411,.0066831,74.0752,231.8813,175.9306,184.2402,0,U,34431,999,89535,.57164E-3,.1465E-4,0
COSMOS 2251 DEB,1993-036RZ,2026-05-29T00:58:35.933088,14.03354659,.0182803,73.8256,167.4365,220.2772,169.1308,0,U,34432,999,88031,.39189E-3,.684E-5,0
COSMOS 2251 DEB,1993-036SA,2026-05-29T03:58:44.535936,14.13736927,.0151404,74.0077,218.1274,317.7228,41.2318,0,U,34433,999,88315,.10855E-2,.2264E-4,0
COSMOS 2251 DEB,1993-036SB,2026-05-28T20:31:07.985856,13.91236765,.0281912,74.0579,85.4755,182.7032,244.2675,0,U,34434,999,86289,.1566E-2,.2703E-4,0
COSMOS 2251 DEB,1993-036SP,2026-05-29T04:46:16.254336,14.49522366,.0051423,74.0403,103.1945,199.0482,160.8757,0,U,34446,999,91120,.112E-3,.408E-5,0
COSMOS 2251 DEB,1993-036SS,2026-05-28T06:25:32.765376,15.07406777,.0017668,74.0240,91.2000,117.1122,33.2005,0,U,34449,999,91192,.34942E-2,.5346E-3,0
COSMOS 2251 DEB,1993-036SU,2026-05-28T07:18:27.783936,15.09326804,.0015425,74.0400,108.0648,115.2577,245.0215,0,U,34451,999,91137,.32825E-2,.52867E-3,0
COSMOS 2251 DEB,1993-036SV,2026-05-28T10:08:06.197280,15.17120821,.0058571,74.0251,196.0829,230.1405,129.4631,0,U,34452,999,93186,.74057E-3,.15339E-3,0
COSMOS 2251 DEB,1993-036SX,2026-05-29T04:36:42.585120,14.39048685,.0035239,74.0585,329.1822,351.3897,8.6648,0,U,34454,999,90476,.19291E-3,.574E-5,0
COSMOS 2251 DEB,1993-036TC,2026-05-28T21:53:40.219584,14.00754105,.0191163,74.0788,325.0455,355.0970,4.8284,0,U,34459,999,88052,.22304E-3,.366E-5,0
COSMOS 2251 DEB,1993-036TM,2026-05-29T03:09:19.490976,14.47973915,.00765,74.0109,163.4965,267.6963,91.5436,0,U,34468,999,90884,.20897E-3,.775E-5,0
COSMOS 2251 DEB,1993-036TR,2026-05-28T11:35:05.559072,13.70795932,.0331043,74.0821,183.7858,275.6268,80.7191,0,U,34472,999,86011,.15201E-2,.197E-4,0
COSMOS 2251 DEB,1993-036TT,2026-05-29T03:25:09.071904,14.07553142,.0201173,74.0772,33.6027,68.6847,84.0955,0,U,34474,999,87863,.16442E-2,.3314E-4,0
COSMOS 2251 DEB,1993-036TV,2026-05-29T00:05:47.436000,13.83508545,.0311962,74.0044,160.1719,342.5944,16.4669,0,U,34476,999,85950,.31779E-2,.5076E-4,0
COSMOS 2251 DEB,1993-036TW,2026-05-29T01:53:47.461920,14.57852508,.0076148,73.9763,110.3285,256.8203,231.4219,0,U,34477,999,91063,.60295E-3,.2842E-4,0
COSMOS 2251 DEB,1993-036TX,2026-05-29T00:26:27.926592,15.33285539,.0031978,74.0368,16.5280,172.7801,187.3871,0,U,34478,999,91514,.48924E-2,.163332E-2,0
COSMOS 2251 DEB,1993-036UA,2026-05-29T01:09:54.624960,14.33064926,.0071023,73.9774,106.7864,241.6441,246.9432,0,U,34481,999,89845,.53154E-3,.1471E-4,0
COSMOS 2251 DEB,1993-036UB,2026-05-28T18:29:26.512800,14.73301345,.0040267,74.0359,258.9686,281.5250,200.6211,0,U,34482,999,90644,.18447E-2,.12075E-3,0
COSMOS 2251 DEB,1993-036UE,2026-05-28T02:33:37.280736,13.54942136,.03813939,73.9162,294.6453,292.3932,187.4869,0,U,34544,999,85135,.50651648E-3,.53E-5,0
COSMOS 2251 DEB,1993-036UG,2026-05-28T20:40:13.071360,14.46129578,.0021508,74.0299,297.3653,335.5095,146.6759,0,U,34546,999,90441,.5316E-3,.1877E-4,0
COSMOS 2251 DEB,1993-036UH,2026-05-28T08:38:00.784320,14.75739898,.00184,74.0276,135.3548,181.7133,178.3981,0,U,34547,999,90977,.14809E-2,.10146E-3,0
COSMOS 2251 DEB,1993-036UP,2026-05-29T00:00:46.223136,14.59493526,.0019355,74.0249,233.1630,274.0755,139.8015,0,U,34553,999,90535,.11612E-2,.55E-4,0
COSMOS 2251 DEB,1993-036UQ,2026-05-29T00:43:07.995360,14.38242958,.0022997,74.0386,350.8737,16.1674,139.8342,0,U,34554,999,90160,.25895E-3,.763E-5,0
COSMOS 2251 DEB,1993-036US,2026-05-29T00:46:56.436960,14.83059572,.0008535,74.0125,154.5502,200.4877,190.1162,0,U,34556,999,90805,.21742E-2,.17721E-3,0
COSMOS 2251 DEB,1993-036UW,2026-05-29T04:02:04.475904,14.76129900,.0015363,74.0147,174.8595,225.2102,225.0535,0,U,34560,999,90719,.17029E-2,.11772E-3,0
COSMOS 2251 DEB,1993-036UZ,2026-05-29T01:50:46.135104,14.47086120,.0013938,74.0378,251.1201,306.7535,120.3306,0,U,34563,999,90617,.37852E-3,.1354E-4,0
COSMOS 2251 DEB,1993-036VA,2026-05-29T04:32:17.235168,14.40967925,.0019129,74.0325,288.1238,353.5482,68.5437,0,U,34564,999,90418,.21602E-3,.669E-5,0
COSMOS 2251 DEB,1993-036VD,2026-05-29T04:10:08.739264,14.24178152,.0074565,74.0415,215.3850,249.3494,140.1845,0,U,34567,999,89508,.15081E-3,.332E-5,0
COSMOS 2251 DEB,1993-036VF,2026-05-28T06:17:03.465888,14.25235468,.0157008,73.9906,256.8836,47.2990,338.4241,0,U,34569,999,89340,.39779E-3,.1038E-4,0
COSMOS 2251 DEB,1993-036VG,2026-05-28T20:11:39.524352,14.00154409,.0190389,73.9579,287.5739,134.8436,353.7922,0,U,34570,999,87939,.90324E-3,.1535E-4,0
COSMOS 2251 DEB,1993-036VH,2026-05-27T15:18:25.527744,14.51962168,.00605132,74.0389,230.6333,227.2674,132.3386,0,U,34571,999,89699,.1941821E-2,.8008E-4,0
COSMOS 2251 DEB,1993-036VJ,2026-05-28T11:24:58.052160,14.52780062,.0063292,74.0075,161.0570,197.0908,313.8429,0,U,34572,999,89797,.16657E-2,.7001E-4,0
COSMOS 2251 DEB,1993-036VL,2026-05-28T21:25:56.196192,14.73077342,.0063193,74.0678,78.6365,57.6004,8.7544,0,U,34574,999,91238,.14216E-2,.9423E-4,0
COSMOS 2251 DEB,1993-036VN,2026-05-29T01:41:33.849024,14.56517275,.0009385,74.0320,180.8692,274.7500,115.9465,0,U,34576,999,90902,.53103E-3,.2336E-4,0
COSMOS 2251 DEB,1993-036VR,2026-05-28T19:23:24.085824,14.45826829,.0027041,74.0526,272.7063,301.5276,211.9507,0,U,34579,999,90588,.37019E-3,.1293E-4,0
COSMOS 2251 DEB,1993-036VU,2026-05-29T03:32:01.500576,14.43997929,.0048875,74.0186,320.8539,32.8708,327.5471,0,U,34582,999,90363,.46363E-3,.1581E-4,0
COSMOS 2251 DEB,1993-036WA,2026-05-28T19:53:43.128960,14.42498645,.0018352,74.0428,318.5074,335.1003,90.3196,0,U,34588,999,90359,.37097E-3,.1205E-4,0
COSMOS 2251 DEB,1993-036WB,2026-05-28T23:09:47.327040,13.86378281,.0247543,73.9235,131.0024,41.8297,349.0399,0,U,34589,999,87029,.59125E-3,.848E-5,0
COSMOS 2251 DEB,1993-036WC,2026-05-29T01:51:05.753952,14.55025384,.0068288,74.0444,5.9478,93.2054,61.3395,0,U,34590,999,91554,.14186E-3,.601E-5,0
COSMOS 2251 DEB,1993-036WE,2026-05-29T00:18:58.936896,14.22407916,.0142507,73.7306,160.8217,353.1588,35.0970,0,U,34609,999,89010,.66361E-3,.1612E-4,0
COSMOS 2251 DEB,1993-036WF,2026-05-28T22:21:56.326752,14.07926189,.0180977,74.0164,328.8548,61.8025,300.1257,0,U,34610,999,87912,.82731E-3,.1609E-4,0
COSMOS 2251 DEB,1993-036WG,2026-05-29T03:09:21.313152,14.72554423,.0020565,74.0497,136.1460,141.5851,337.9542,0,U,34611,999,90852,.16727E-2,.10655E-3,0
COSMOS 2251 DEB,1993-036WJ,2026-05-28T23:23:01.963392,14.27407267,.0113556,73.9631,334.5991,127.9419,23.9578,0,U,34613,999,88848,.15497E-2,.4047E-4,0
COSMOS 2251 DEB,1993-036WK,2026-05-29T03:40:10.345728,14.21213034,.018201,73.8774,41.5570,7.6278,154.3781,0,U,34614,999,87142,.46708E-2,.12017E-3,0
COSMOS 2251 DEB,1993-036WL,2026-05-28T09:50:07.152864,13.52405123,.0397272,74.0079,26.8066,259.3761,284.5341,0,U,34615,999,85068,.51181E-3,.532E-5,0
COSMOS 2251 DEB,1993-036WQ,2026-05-28T06:56:36.631104,14.65105583,.0094086,74.0445,239.7506,291.9606,67.1584,0,U,34619,999,91737,.15555E-3,.856E-5,0
COSMOS 2251 DEB,1993-036WR,2026-05-28T23:53:40.851744,14.52673243,.007215,74.0495,265.1196,262.3240,96.9724,0,U,34620,999,89253,.24705E-2,.10462E-3,0
COSMOS 2251 DEB,1993-036WT,2026-05-29T00:46:24.882816,14.22631886,.0106615,74.0412,6.6833,51.1898,100.5467,0,U,34622,999,88838,.76297E-3,.1784E-4,0
COSMOS 2251 DEB,1993-036WX,2026-05-29T01:28:48.362304,14.74110296,.0027389,74.0478,358.0142,49.3897,113.3953,0,U,34626,999,91608,.86241E-3,.5689E-4,0
COSMOS 2251 DEB,1993-036XF,2026-05-29T05:32:43.819008,14.56179086,.0044975,74.0511,77.7209,142.5072,7.6605,0,U,34634,999,91219,.33052E-3,.1451E-4,0
COSMOS 2251 DEB,1993-036XG,2026-05-29T01:39:45.986400,14.70507354,.0029058,74.0428,106.6984,136.4486,353.0426,0,U,34635,999,75677,.13049E-2,.7946E-4,0
COSMOS 2251 DEB,1993-036XJ,2026-05-28T23:31:20.247744,14.61410841,.0049881,74.0466,141.8323,170.9402,220.2152,0,U,34637,999,90969,.70787E-3,.3537E-4,0
COSMOS 2251 DEB,1993-036XN,2026-05-28T08:46:23.716128,14.53122633,.0015627,73.8362,123.6261,3.7439,148.9128,0,U,34641,999,90675,.95712E-3,.3939E-4,0
COSMOS 2251 DEB,1993-036XP,2026-05-29T04:39:36.021888,13.99555457,.0209121,74.0035,49.5801,190.7159,326.5916,0,U,34642,999,87635,.86752E-3,.1504E-4,0
COSMOS 2251 DEB,1993-036XR,2026-05-29T01:03:06.232032,14.69711662,.0012494,74.0247,170.4989,219.2214,171.5070,0,U,34671,999,90753,.13982E-2,.8319E-4,0
COSMOS 2251 DEB,1993-036XS,2026-05-22T09:10:42.287232,14.36637594,.0023843,74.0345,10.3845,46.9311,129.6939,0,U,34672,999,67484,.12188E-3,.334E-5,0
COSMOS 2251 DEB,1993-036XY,2026-05-29T05:24:59.679936,14.30091475,.0024333,74.0386,61.1973,70.7830,94.6333,0,U,34678,999,89773,.26509E-4,.43E-6,0
COSMOS 2251 DEB,1993-036YA,2026-05-28T12:11:48.791904,14.62252509,.0007772,74.0413,170.9745,232.3917,279.7405,0,U,34680,999,90764,.81957E-3,.4106E-4,0
COSMOS 2251 DEB,1993-036YB,2026-05-28T13:02:39.302016,14.86896023,.0022277,74.0609,319.5996,341.5652,74.8733,0,U,34681,999,91747,.1133E-2,.10146E-3,0
COSMOS 2251 DEB,1993-036YC,2026-05-28T22:13:01.303392,14.60004013,.0019545,74.0371,124.2595,213.6344,177.1623,0,U,34682,999,91125,.72232E-3,.3448E-4,0
COSMOS 2251 DEB,1993-036YD,2026-05-28T22:57:46.418400,14.66405735,.0019592,74.0261,130.1801,204.1714,187.0457,0,U,34683,999,90798,.10549E-2,.5823E-4,0
COSMOS 2251 DEB,1993-036YF,2026-05-29T05:14:14.112096,14.58930509,.0015287,74.0283,189.9328,255.3921,170.3073,0,U,34685,999,90973,.76447E-3,.3562E-4,0
COSMOS 2251 DEB,1993-036YK,2026-05-28T19:54:41.014368,14.06778001,.022064,74.0879,292.1203,322.2363,191.3134,0,U,34689,999,86689,.22525E-2,.4649E-4,0
COSMOS 2251 DEB,1993-036YP,2026-05-28T10:11:28.171104,13.97532526,.021504,73.9234,36.9129,302.4099,238.0777,0,U,34721,999,87477,.9047E-3,.1524E-4,0
COSMOS 2251 DEB,1993-036YQ,2026-05-27T17:16:01.140096,14.12377477,.01640619,73.8764,39.9606,294.0324,95.1850,0,U,34722,999,88588,.37157631E-3,.751E-5,0
COSMOS 2251 DEB,1993-036YU,2026-05-29T01:42:27.563040,14.60185683,.0043311,74.0286,26.9227,134.9195,225.5499,0,U,34726,999,90944,.39307E-3,.1889E-4,0
COSMOS 2251 DEB,1993-036YW,2026-05-29T01:12:56.440800,14.72270253,.0041887,74.0162,286.1467,42.1327,318.3051,0,U,34728,999,91261,.72009E-3,.4581E-4,0
COSMOS 2251 DEB,1993-036YX,2026-05-28T20:31:02.019072,14.87771652,.001686,74.0166,25.9797,114.1764,11.0409,0,U,34729,999,90939,.19318E-2,.1769E-3,0
COSMOS 2251 DEB,1993-036ZA,2026-05-28T10:45:08.694720,14.47458478,.0040594,74.0431,141.6203,250.4606,263.9862,0,U,34732,999,90555,.10931E-3,.377E-5,0
COSMOS 2251 DEB,1993-036ZG,2026-05-28T12:52:55.677792,14.46662174,.0047551,74.0146,191.4128,296.9617,184.9882,0,U,34738,999,90270,.21942E-3,.775E-5,0
COSMOS 2251 DEB,1993-036ZU,2026-05-29T01:51:37.799712,14.63297083,.0035562,74.1070,242.5918,147.5492,272.8571,0,U,34750,999,90677,.12673E-2,.6575E-4,0
COSMOS 2251 DEB,1993-036ZW,2026-05-29T00:56:15.334368,15.04593546,.0046624,74.0123,18.7467,105.9408,254.6926,0,U,34752,999,92362,.12578E-2,.18095E-3,0
COSMOS 2251 DEB,1993-036ZY,2026-05-29T03:41:49.835328,14.40710674,.0029688,74.0306,277.8543,353.9986,60.2794,0,U,34754,999,90544,.15543E-3,.473E-5,0
COSMOS 2251 DEB,1993-036ZZ,2026-05-28T17:03:49.330368,13.50896716,.0405587,73.9256,21.5944,10.9058,45.1035,0,U,34755,999,84778,.81024E-3,.853E-5,0
COSMOS 2251 DEB,1993-036AAA,2026-05-29T02:08:30.835392,13.67675292,.0341668,74.0021,189.0438,29.6845,332.3184,0,U,34756,999,85709,.67736E-3,.837E-5,0
COSMOS 2251 DEB,1993-036AAC,2026-05-29T02:12:27.561024,13.58514388,.0387612,74.1063,30.0025,115.2973,248.8823,0,U,34758,999,85182,.14301E-2,.1686E-4,0
COSMOS 2251 DEB,1993-036AAE,2026-05-28T00:20:06.307296,14.19964875,.0096192,74.0636,5.5292,18.8181,50.7469,0,U,34760,999,89048,.46180998E-3,.1003E-4,0
COSMOS 2251 DEB,1993-036AAF,2026-05-29T03:11:41.561952,14.38696576,.0036459,74.0287,54.1307,52.1407,308.3036,0,U,34761,999,90056,.59904E-3,.1826E-4,0
COSMOS 2251 DEB,1993-036AAM,2026-05-28T07:51:57.968064,14.61541396,.0050515,74.0068,5.2741,132.9045,227.6379,0,U,34784,999,90968,.45175E-3,.2253E-4,0
COSMOS 2251 DEB,1993-036AAT,2026-05-28T20:21:42.494400,14.25188802,.0099224,74.0530,302.6729,324.9940,187.5872,0,U,34790,999,88953,.38004E-3,.914E-5,0
COSMOS 2251 DEB,1993-036AAV,2026-05-29T04:06:34.189056,14.57361029,.0013217,74.0172,211.5190,270.3423,120.5595,0,U,34792,999,90088,.74095E-3,.3334E-4,0
COSMOS 2251 DEB,1993-036AAW,2026-05-28T21:30:16.312896,14.38899864,.0050909,74.0024,301.4721,56.5553,104.8090,0,U,34793,999,89734,.22624E-3,.681E-5,0
COSMOS 2251 DEB,1993-036AAZ,2026-05-28T00:23:58.052832,14.49545266,.00992037,74.0296,264.3431,326.0168,155.4446,0,U,34796,999,90436,.36503626E-3,.146E-4,0
COSMOS 2251 DEB,1993-036ABA,2026-05-26T10:31:08.903136,14.44560875,.00722815,73.9749,152.6324,227.8424,131.6580,0,U,34797,999,89792,.12963702E-2,.4602E-4,0
COSMOS 2251 DEB,1993-036ABC,2026-05-28T04:56:15.942048,13.51454747,.04400389,73.9300,225.3190,228.0251,128.2586,0,U,34813,999,83903,.39842647E-2,.4743E-4,0
COSMOS 2251 DEB,1993-036ABD,2026-05-28T07:52:11.252064,14.37597820,.0054056,73.8954,16.3168,227.7599,255.2937,0,U,34814,999,89726,.56799E-3,.1706E-4,0
COSMOS 2251 DEB,1993-036ABE,2026-05-28T18:55:17.246784,14.80584070,.0055347,74.0443,273.1220,300.4152,59.1562,0,U,34815,999,91098,.76002E-3,.5954E-4,0
COSMOS 2251 DEB,1993-036ABF,2026-05-28T12:17:40.147008,13.58663850,.0372873,73.8874,230.9284,265.5004,113.1372,0,U,34816,999,85048,.79259E-3,.888E-5,0
COSMOS 2251 DEB,1993-036ABH,2026-05-28T12:40:15.215232,14.37189278,.0024271,74.0360,350.2067,28.1662,358.9696,0,U,34818,999,89766,.21137E-3,.605E-5,0
COSMOS 2251 DEB,1993-036ABJ,2026-05-29T02:06:10.723104,14.66323223,.0016692,74.0164,180.2483,238.0376,153.4377,0,U,34819,999,90680,.10851E-2,.5975E-4,0
COSMOS 2251 DEB,1993-036ABN,2026-05-28T23:33:13.951872,14.55654837,.0153573,74.0382,145.4660,187.9984,171.8731,0,U,34823,999,90814,.30677E-3,.1538E-4,0
COSMOS 2251 DEB,1993-036ABP,2026-05-28T09:39:27.323712,14.46177790,.0022618,74.0242,197.1725,316.4647,43.4725,0,U,34845,999,89875,.1902E-3,.655E-5,0
COSMOS 2251 DEB,1993-036ABQ,2026-05-29T02:46:58.492128,14.48165284,.0025342,74.0298,308.4941,339.7801,20.2352,0,U,34846,999,89826,.72222E-3,.2676E-4,0
COSMOS 2251 DEB,1993-036ABW,2026-05-27T03:27:19.338912,14.37124671,.00161679,74.0325,318.7392,23.5484,336.6406,0,U,34852,999,89910,.10046907E-3,.273E-5,0
COSMOS 2251 DEB,1993-036ABY,2026-05-25T09:56:09.449664,14.78121005,.0064995,74.0277,197.2995,267.2875,92.0860,0,U,34854,999,74299,.31190943E-3,.2301E-4,0
COSMOS 2251 DEB,1993-036ACA,2026-05-28T16:05:49.018272,15.15407503,.0032691,74.0058,98.9263,197.4927,229.2720,0,U,34856,999,91633,.18317E-2,.35202E-3,0
COSMOS 2251 DEB,1993-036ACB,2026-05-28T23:32:42.357984,14.60189762,.006601,74.0123,147.4397,230.6964,158.8831,0,U,34857,999,90341,.67606E-3,.3329E-4,0
COSMOS 2251 DEB,1993-036ACF,2026-05-29T05:07:25.931712,15.25158703,.001194,74.0056,63.0282,165.1814,352.3827,0,U,34861,999,90625,.61763E-2,.158536E-2,0
COSMOS 2251 DEB,1993-036ACM,2026-05-28T04:37:08.411808,14.37170824,.00504151,74.0363,127.8233,114.9903,261.6797,0,U,34874,999,89435,.78084778E-3,.2332E-4,0
COSMOS 2251 DEB,1993-036ACN,2026-05-28T03:17:16.107072,14.49475491,.00166538,74.0437,206.2966,288.5132,100.6835,0,U,34875,999,90166,.30571817E-3,.1145E-4,0
COSMOS 2251 DEB,1993-036ACR,2026-05-28T16:22:33.178080,13.44425810,.04335,73.9613,142.4079,94.1287,22.8301,0,U,34878,999,83516,.57867E-3,.576E-5,0
COSMOS 2251 DEB,1993-036ACS,2026-05-29T02:39:00.342432,13.39595951,.0494354,73.9050,29.5264,80.6365,285.0259,0,U,34879,999,60581,.35328E-2,.3893E-4,0
COSMOS 2251 DEB,1993-036ACV,2026-05-27T17:50:39.708096,14.61902005,.00826765,74.0467,268.0990,352.3285,7.6609,0,U,34882,999,90950,.11557821E-3,.574E-5,0
COSMOS 2251 DEB,1993-036ACW,2026-05-28T05:06:34.832160,14.55958464,.00909896,74.1967,111.1757,242.8638,116.3227,0,U,34883,999,88859,.32967765E-2,.15333E-3,0
COSMOS 2251 DEB,1993-036ACX,2026-05-28T20:39:50.913216,14.99759119,.0008395,74.0128,79.1530,163.8101,252.6038,0,U,34884,999,90303,.31506E-2,.39155E-3,0
COSMOS 2251 DEB,1993-036ACY,2026-05-29T05:32:25.408896,14.52443811,.0015329,74.0304,227.3734,275.8715,115.0235,0,U,34885,999,89910,.53748E-3,.2167E-4,0
COSMOS 2251 DEB,1993-036ADD,2026-05-28T20:59:15.579168,14.37987117,.0039567,74.0576,76.3684,54.2720,12.7113,0,U,34908,999,89681,.54835E-3,.1648E-4,0
COSMOS 2251 DEB,1993-036ADE,2026-05-27T21:18:48.562848,14.78920835,.00836868,74.0110,109.5993,203.1082,156.6323,0,U,34909,999,69307,.29471058E-3,.2268E-4,0
COSMOS 2251 DEB,1993-036ADF,2026-05-29T03:10:15.574080,13.37930986,.0467882,73.8736,197.2031,287.3772,97.1103,0,U,34910,999,83763,.74167E-3,.712E-5,0
COSMOS 2251 DEB,1993-036ADG,2026-05-28T15:50:15.658944,14.59603725,.0083587,74.0407,286.5462,9.6228,8.6316,0,U,34911,999,91022,.10782E-3,.506E-5,0
COSMOS 2251 DEB,1993-036ADJ,2026-05-28T07:13:45.852096,14.34684762,.0020313,74.0281,337.2449,48.0900,129.3841,0,U,34913,999,67576,.48644E-4,.112E-5,0
COSMOS 2251 DEB,1993-036ADP,2026-05-21T07:48:03.076704,14.63661343,.0025723,74.0698,8.4827,292.1964,190.9179,0,U,34918,999,67669,.5756E-3,.2979E-4,0
COSMOS 2251 DEB,1993-036ADV,2026-05-29T02:58:42.314304,14.61332728,.0054498,74.0380,129.7105,172.7298,312.2419,0,U,34924,999,90167,.70342E-3,.352E-4,0
COSMOS 2251 DEB,1993-036ADX,2026-05-20T03:13:17.684544,14.14599011,.02209525,73.7425,306.1485,128.2162,233.9101,0,U,34944,999,66322,.52885321E-3,.1259E-4,0
COSMOS 2251 DEB,1993-036ADZ,2026-05-28T23:56:50.097120,14.62931641,.0050484,74.0232,21.3923,117.1051,243.5279,0,U,34946,999,90654,.54544E-3,.2813E-4,0
COSMOS 2251 DEB,1993-036AEC,2026-05-28T06:23:31.502976,14.74898284,.0079753,74.0153,144.0703,247.0897,112.1844,0,U,34949,999,90816,.29396E-3,.204E-4,0
COSMOS 2251 DEB,1993-036AEG,2026-05-28T04:50:23.613216,14.70802218,.00542399,74.0927,65.8343,14.1942,136.5886,0,U,34953,999,90574,.10595648E-2,.6595E-4,0
COSMOS 2251 DEB,1993-036AEJ,2026-05-21T17:02:36.110688,15.03648366,.00724969,74.0355,280.1978,308.0188,51.4470,0,U,34955,999,92436,.29433219E-3,.4225E-4,0
COSMOS 2251 DEB,1993-036AER,2026-05-28T06:59:35.028096,14.47071680,.0019077,74.0297,242.0870,316.0588,43.9053,0,U,34962,999,89987,.34279E-3,.1224E-4,0
COSMOS 2251 DEB,1993-036AES,2026-05-28T13:14:49.547040,14.52625706,.0042155,74.1689,91.0766,234.4778,125.2450,0,U,34963,999,89222,.12455E-2,.5134E-4,0
COSMOS 2251 DEB,1993-036AET,2026-05-17T04:34:27.330240,14.01316647,.02118197,73.9712,77.1201,261.4902,96.2177,0,U,34964,999,86655,.67949326E-3,.1219E-4,0
COSMOS 2251 DEB,1993-036AEU,2026-05-25T20:16:06.868416,14.49078358,.00269537,74.0504,181.1402,266.5850,93.2227,0,U,34965,999,89490,.16534694E-3,.603E-5,0
COSMOS 2251 DEB,1993-036AEW,2026-05-25T17:19:35.224608,14.44975337,.00396265,73.9920,307.7535,56.8684,303.6266,0,U,34967,999,67325,.44557559E-3,.1542E-4,0
COSMOS 2251 DEB,1993-036AEX,2026-05-28T19:21:54.398304,14.59665647,.0086498,74.0386,288.5213,6.6311,353.5976,0,U,34968,999,90915,.10753E-3,.507E-5,0
COSMOS 2251 DEB,1993-036AEY,2026-05-28T12:44:51.607104,14.32529433,.007475,74.0139,78.2870,171.6735,188.5677,0,U,34969,999,67525,.2569E-3,.693E-5,0
COSMOS 2251 DEB,1993-036AFA,2026-05-27T18:54:40.328928,14.55900923,.00697312,73.9781,329.1638,155.1627,224.4871,0,U,34971,999,68589,.20015784E-3,.877E-5,0
COSMOS 2251 DEB,1993-036AFB,2026-05-28T06:48:49.862880,14.76114891,.0035669,73.9872,83.5585,197.4454,316.1611,0,U,34972,999,90105,.13594E-2,.9463E-4,0
COSMOS 2251 DEB,1993-036AFF,2026-05-28T22:54:30.478752,14.79431404,.00437,74.0553,338.2127,344.1137,166.0186,0,U,34976,999,90744,.97808E-3,.7392E-4,0
COSMOS 2251 DEB,1993-036AFJ,2026-05-28T19:22:22.302048,14.82232948,.0046295,74.0383,297.7334,335.7747,24.1253,0,U,34979,999,90693,.98317E-3,.7966E-4,0
COSMOS 2251 DEB,1993-036AFN,2026-05-12T20:09:28.248192,14.42776032,.0015401,74.0451,331.1273,0.6638,359.4536,0,U,34990,999,89525,.19268935E-3,.617E-5,0
COSMOS 2251 DEB,1993-036AFV,2026-05-23T21:06:06.563232,14.47266441,.00902055,73.8800,5.4847,307.8567,51.4453,0,U,34997,999,73091,.5983611E-3,.2272E-4,0
COSMOS 2251 DEB,1993-036AFW,2026-05-29T03:27:26.942976,14.49974500,.0021844,74.0093,205.2988,309.8254,80.1154,0,U,34998,999,89846,.37255E-3,.1418E-4,0
COSMOS 2251 DEB,1993-036AFZ,2026-05-28T10:24:18.656928,14.45717265,.008171,74.0186,160.5724,260.0184,99.1746,0,U,35012,999,89970,.10722E-3,.366E-5,0
COSMOS 2251 DEB,1993-036AGB,2026-05-28T12:17:14.843904,14.78811957,.0010811,73.9978,75.7186,191.9739,168.1181,0,U,35014,999,73799,.16928E-2,.12453E-3,0
COSMOS 2251 DEB,1993-036AGC,2026-05-29T01:21:13.151808,14.47885070,.0074334,73.9482,280.1136,109.9152,12.3009,0,U,35015,999,67861,.10176E-2,.3877E-4,0
COSMOS 2251 DEB,1993-036AGD,2026-05-26T00:20:05.292960,14.35415892,.01131178,73.9300,351.1893,232.0084,280.1011,0,U,35016,999,89139,.21750317E-3,.643E-5,0
COSMOS 2251 DEB,1993-036AGF,2026-05-28T09:45:05.044896,13.67604093,.0344408,73.9766,195.3751,70.6770,293.1246,0,U,35018,999,85464,.68765E-3,.856E-5,0
COSMOS 2251 DEB,1993-036AGH,2026-05-23T06:28:31.390464,14.63060930,.00905778,74.0464,249.4209,321.9265,37.5523,0,U,35020,999,90600,.62042568E-4,.303E-5,0
COSMOS 2251 DEB,1993-036AGK,2026-05-27T06:51:36.586368,14.61509014,.0047253,74.0243,5.2024,161.8568,198.4299,0,U,35022,999,61561,.38711E-3,.192E-4,0
COSMOS 2251 DEB,1993-036AGL,2026-05-28T12:21:45.130752,15.01856300,.0029875,74.0356,234.2751,275.3513,100.9082,0,U,35023,999,90778,.1661E-2,.21926E-3,0
COSMOS 2251 DEB,1993-036AGN,2026-05-29T05:07:44.461920,14.73681025,.0082947,73.9369,94.5394,328.3307,31.2888,0,U,35025,999,91109,.48843E-3,.3331E-4,0
COSMOS 2251 DEB,1993-036AGP,2026-05-28T08:38:59.418816,14.53725640,.0082451,74.0473,4.2331,75.5036,102.0007,0,U,35026,999,90564,.72051E-4,.286E-5,0
COSMOS 2251 DEB,1993-036AGR,2026-05-28T10:51:07.914816,14.56714845,.0082524,74.0376,314.5699,46.2533,344.6602,0,U,35028,999,90713,.82619E-4,.356E-5,0
COSMOS 2251 DEB,1993-036AGU,2026-05-27T17:26:47.683392,14.38470266,.00188407,74.0379,313.4044,8.2624,351.8836,0,U,35031,999,67670,.14518536E-3,.418E-5,0
COSMOS 2251 DEB,1993-036AGV,2026-05-29T03:46:51.455136,14.60016675,.006701,73.8521,44.4546,219.1061,292.6514,0,U,35032,999,90116,.72512E-3,.3561E-4,0
COSMOS 2251 DEB,1993-036AGW,2026-05-28T21:02:22.733664,14.51810266,.0015006,74.0259,221.8154,290.0387,69.9158,0,U,35033,999,68352,.49409E-3,.1963E-4,0
COSMOS 2251 DEB,1993-036AHB,2026-05-28T20:50:08.547072,14.26424472,.0109593,74.1050,102.0111,44.6491,346.7526,0,U,35038,999,87951,.17444E-2,.445E-4,0
COSMOS 2251 DEB,1993-036AHG,2026-05-28T11:37:59.232576,14.85582336,.0084667,73.9472,74.5043,237.5999,121.6968,0,U,35043,999,69888,.29789E-2,.27566E-3,0
COSMOS 2251 DEB,1993-036AHJ,2026-05-27T15:45:29.471904,14.00732941,.01808876,73.7170,119.5937,336.3763,22.9135,0,U,35045,999,86966,.711623E-3,.1196E-4,0
COSMOS 2251 DEB,1993-036AHP,2026-05-28T18:18:57.447360,14.41959629,.0018233,74.0369,294.8377,342.5384,17.5143,0,U,35060,999,89649,.2876E-3,.918E-5,0
COSMOS 2251 DEB,1993-036AHQ,2026-05-28T22:39:45.073152,14.69142728,.0040098,74.0452,342.4483,52.6972,307.7843,0,U,35061,999,91029,.69083E-3,.4083E-4,0
COSMOS 2251 DEB,1993-036AHR,2026-05-28T10:11:09.176064,14.24471573,.0124079,74.0760,153.9450,113.2011,248.2261,0,U,35062,999,87871,.94038E-3,.2337E-4,0
COSMOS 2251 DEB,1993-036AHU,2026-05-23T13:47:15.799488,14.46234499,.00200188,74.0195,252.0847,339.1123,20.9215,0,U,35065,999,70690,.20954559E-3,.725E-5,0
COSMOS 2251 DEB,1993-036AJA,2026-05-16T21:19:31.504512,15.07164045,.00631812,73.9319,213.4156,70.8476,289.9539,0,U,35071,999,69871,.49106258E-3,.7695E-4,0
COSMOS 2251 DEB,1993-036AJC,2026-05-28T06:27:47.539872,15.17418293,.0015118,73.9900,346.3357,93.9150,266.3774,0,U,35073,999,69991,.25266E-2,.51006E-3,0
COSMOS 2251 DEB,1993-036AJN,2026-05-29T04:06:01.154016,14.38491269,.0016619,74.0486,316.0958,353.5248,123.7561,0,U,35284,999,67933,.14758E-3,.425E-5,0
COSMOS 2251 DEB,1993-036AJR,2026-05-28T06:19:37.032384,14.36507833,.0017623,74.0298,330.1042,28.6896,151.8124,0,U,35287,999,89283,.12007E-3,.327E-5,0
COSMOS 2251 DEB,1993-036AJS,2026-05-28T11:11:16.755360,14.67502233,.0037669,73.9505,51.9673,241.3819,118.3559,0,U,35288,999,90322,.10443E-2,.5954E-4,0
COSMOS 2251 DEB,1993-036AJU,2026-05-28T19:50:52.570176,14.85721749,.0007641,74.0021,87.9403,181.4763,178.6395,0,U,35290,999,90435,.2358E-2,.2051E-3,0
COSMOS 2251 DEB,1993-036AKB,2026-05-19T01:08:46.808736,14.34994696,.00255532,74.0356,50.1601,70.3763,305.1766,0,U,35433,999,88837,.13842887E-3,.37E-5,0
COSMOS 2251 DEB,1993-036AKC,2026-05-28T14:24:37.564992,14.26217419,.0086404,74.0404,272.3013,303.7644,55.5293,0,U,35434,999,88496,.42142E-3,.1024E-4,0
COSMOS 2251 DEB,1993-036AKD,2026-05-28T05:19:59.160864,14.83517984,.00113782,74.0078,134.9671,201.5622,172.6491,0,U,35435,999,90004,.20457792E-2,.16864E-3,0
COSMOS 2251 DEB,1993-036AKH,2026-05-27T04:27:31.715136,13.93586971,.02413602,74.0173,211.0362,343.1333,46.5574,0,U,35439,999,86265,.78776059E-3,.1291E-4,0
COSMOS 2251 DEB,1993-036AKJ,2026-05-25T13:13:15.746880,14.69730844,.00689814,74.0140,249.9244,350.0935,9.8870,0,U,35440,999,71171,.22995823E-3,.1387E-4,0
COSMOS 2251 DEB,1993-036AKK,2026-05-26T21:43:37.335072,14.65187705,.0034912,74.1342,342.7876,182.8762,177.2213,0,U,35441,999,89847,.14273E-2,.7728E-4,0
COSMOS 2251 DEB,1993-036AKL,2026-05-28T15:51:45.387936,14.91786423,.0003585,74.0217,125.7626,191.8969,168.2129,0,U,35442,999,89836,.26744E-2,.27045E-3,0
COSMOS 2251 DEB,1993-036AKM,2026-05-28T06:10:38.172864,15.19065036,.0055305,73.9683,347.9639,93.3061,267.4464,0,U,35443,999,89387,.59282E-2,.131643E-2,0
COSMOS 2251 DEB,1993-036AKP,2026-05-27T23:03:26.506944,14.62032697,.01391581,74.0367,342.2794,29.1454,331.7386,0,U,35445,999,89756,.11125982E-2,.6387E-4,0
COSMOS 2251 DEB,1993-036AKQ,2026-05-28T22:14:31.875648,14.54795295,.0074689,74.0472,2.0243,77.8659,283.0858,0,U,35446,999,90439,.11635E-3,.488E-5,0
COSMOS 2251 DEB,1993-036AKS,2026-05-28T22:06:44.628768,14.55523696,.0012376,73.9021,130.4658,264.7646,95.2104,0,U,35448,999,89766,.57546E-3,.248E-4,0
COSMOS 2251 DEB,1993-036AKV,2026-05-28T13:27:12.574080,15.75207617,.0020907,73.9150,93.5552,249.5059,110.3923,0,U,35451,999,69992,.23443E-2,.371299E-2,0
COSMOS 2251 DEB,1993-036AKZ,2026-05-28T22:44:05.586432,14.50722759,.0100407,74.0279,340.5134,44.9650,315.9585,0,U,35455,999,88967,.1064E-2,.4439E-4,0
COSMOS 2251 DEB,1993-036ALA,2026-05-22T07:49:47.529120,14.72787036,.0062756,73.9479,163.8002,333.3803,26.4149,0,U,35456,999,68237,.84195E-3,.5521E-4,0
COSMOS 2251 DEB,1993-036ALD,2026-05-25T12:39:18.463392,14.37736782,.00161303,73.8714,242.7832,157.6339,202.5521,0,U,35459,999,60715,.17324178E-3,.495E-5,0
COSMOS 2251 DEB,1993-036ALG,2026-05-26T21:02:59.449344,14.30548741,.0083296,74.0353,328.4206,325.0167,34.5526,0,U,35462,999,68741,.72460454E-3,.1936E-4,0
COSMOS 2251 DEB,1993-036ALK,2026-05-25T13:05:33.628704,14.44792257,.00640564,73.9992,251.3865,12.9212,347.3567,0,U,35465,999,89607,.20666996E-3,.708E-5,0
COSMOS 2251 DEB,1993-036ALP,2026-05-28T11:54:07.183872,14.49959814,.0077145,74.0172,70.3831,184.8623,175.1798,0,U,35469,999,90528,.84758E-4,.311E-5,0
COSMOS 2251 DEB,1993-036ALV,2026-05-28T10:05:46.205952,14.73405858,.0019941,74.0208,201.2380,240.2515,119.6674,0,U,35475,999,68069,.14352E-2,.9315E-4,0
COSMOS 2251 DEB,1993-036ALW,2026-05-28T21:35:38.659200,14.80111317,.0012166,73.9758,91.4304,44.6941,12.5116,0,U,35476,999,90357,.21561E-2,.16383E-3,0
COSMOS 2251 DEB,1993-036ALX,2026-05-26T23:14:08.142720,13.84622006,.02787593,73.9013,257.5538,231.4259,126.1597,0,U,35580,999,64543,.13431324E-2,.2015E-4,0
COSMOS 2251 DEB,1993-036AMA,2026-05-28T18:13:19.498080,13.55721512,.0382721,73.9170,301.2533,294.7907,61.3841,0,U,35583,999,84675,.75206E-3,.815E-5,0
COSMOS 2251 DEB,1993-036AMC,2026-05-28T11:26:34.154016,13.75849762,.0305955,73.9719,69.9112,307.7017,172.4363,0,U,35585,999,66356,.12487E-2,.1678E-4,0
COSMOS 2251 DEB,1993-036AMD,2026-05-24T10:49:13.622304,13.52254794,.04038307,74.0227,41.7781,242.6507,298.3250,0,U,35586,999,62581,.2931753E-3,.299E-5,0
COSMOS 2251 DEB,1993-036AME,2026-05-28T13:21:25.809408,14.71995739,.0101949,74.0032,93.3815,239.2532,119.8570,0,U,35587,999,68800,.16228E-3,.1067E-4,0
COSMOS 2251 DEB,1993-036AML,2026-05-28T06:28:00.122304,14.26375699,.0100538,74.0856,348.5082,314.6713,44.6273,0,U,35593,999,87439,.58364E-3,.1454E-4,0
COSMOS 2251 DEB,1993-036AMM,2026-05-27T22:13:49.097280,14.92474477,.00301,73.8030,129.0832,209.6017,150.3463,0,U,35594,999,90661,.12535E-2,.12958E-3,0
COSMOS 2251 DEB,1993-036AMV,2026-05-29T02:11:01.886784,15.42709837,.0074847,73.9912,180.0024,202.4930,189.2580,0,U,35602,999,92666,.46923E-3,.22723E-3,0
COSMOS 2251 DEB,1993-036AMZ,2026-05-29T04:54:43.392096,13.41418694,.0454833,73.8090,103.8444,282.6367,72.4253,0,U,35606,999,63285,.55808E-3,.547E-5,0
COSMOS 2251 DEB,1993-036ANE,2026-05-27T04:24:56.124288,14.77511845,.00206437,74.0189,215.4035,256.0947,103.7931,0,U,35611,999,89730,.1805106E-2,.12914E-3,0
COSMOS 2251 DEB,1993-036ANH,2026-05-25T21:46:55.591968,14.68527015,.00750441,73.9589,8.7030,182.3558,177.7271,0,U,35614,999,90138,.60343683E-3,.3621E-4,0
COSMOS 2251 DEB,1993-036ANL,2026-05-28T15:32:32.003232,14.47357684,.0070627,73.9618,134.6006,252.0985,107.2464,0,U,35645,999,89185,.13739E-2,.5168E-4,0
COSMOS 2251 DEB,1993-036ANM,2026-05-28T07:21:27.927936,13.41106653,.04597,73.8677,151.6419,233.1819,143.2683,0,U,35646,999,84091,.7669E-3,.768E-5,0
COSMOS 2251 DEB,1993-036ANN,2026-05-24T06:52:23.442816,14.44409037,.00469144,74.0223,351.9725,54.8406,305.7133,0,U,35647,999,70010,.41365832E-3,.1418E-4,0
COSMOS 2251 DEB,1993-036ANR,2026-05-28T11:06:44.112384,14.88892399,.001365,74.0447,47.2492,77.3719,98.9526,0,U,35650,999,90111,.18683E-2,.17572E-3,0
COSMOS 2251 DEB,1993-036APB,2026-05-25T08:55:59.426112,14.50451019,.00189597,74.0389,185.9248,292.3974,82.6077,0,U,35660,999,68243,.23415808E-3,.89E-5,0
COSMOS 2251 DEB,1993-036APC,2026-05-28T07:05:46.186080,14.88799763,.0085474,74.0114,107.0594,168.9889,191.3190,0,U,35661,999,90345,.58972E-3,.5876E-4,0
COSMOS 2251 DEB,1993-036APE,2026-05-28T07:07:38.036928,14.68065924,.0007469,74.0171,162.9257,211.9058,148.1660,0,U,35663,999,75824,.13223E-2,.7571E-4,0
COSMOS 2251 DEB,1993-036APJ,2026-05-28T08:44:44.996352,14.61570570,.0019502,74.0538,182.0683,204.7701,155.2532,0,U,35667,999,73236,.785E-3,.3882E-4,0
COSMOS 2251 DEB,1993-036APK,2026-05-28T13:47:47.908320,14.64479437,.0082819,74.0449,260.1331,322.6775,36.8655,0,U,35668,999,90089,.17868E-3,.961E-5,0
COSMOS 2251 DEB,1993-036APL,2026-05-21T00:00:45.731520,13.57510772,.03863099,73.8593,259.4877,343.7510,15.1485,0,U,35669,999,62950,.36264691E-3,.399E-5,0
COSMOS 2251 DEB,1993-036APM,2026-05-29T03:47:50.936352,14.99521739,.0029329,73.8919,82.8735,5.2740,354.8748,0,U,35670,999,90232,.18506E-2,.22975E-3,0
COSMOS 2251 DEB,1993-036APN,2026-05-28T16:44:28.035744,14.48588582,.004162,74.0156,126.2017,258.8881,275.0402,0,U,35671,999,89180,.17728E-3,.645E-5,0
COSMOS 2251 DEB,1993-036APR,2026-05-28T07:23:46.683744,14.56301157,.0092018,74.0596,1.3840,6.3863,353.8449,0,U,35674,999,88534,.11706E-2,.5464E-4,0
COSMOS 2251 DEB,1993-036APW,2026-05-21T00:58:12.471168,13.81457788,.0289266,74.0055,34.3240,208.6652,149.8310,0,U,35701,999,64358,.93752733E-3,.1348E-4,0
COSMOS 2251 DEB,1993-036APY,2026-05-27T11:13:38.624160,14.93017052,.00619729,74.0409,70.2713,97.9572,262.8651,0,U,35703,999,69087,.81349787E-3,.8756E-4,0
COSMOS 2251 DEB,1993-036AQA,2026-05-28T08:32:57.909120,14.79016602,.0023157,74.2701,174.4715,61.3045,299.0456,0,U,35705,999,88384,.26669E-2,.19827E-3,0
COSMOS 2251 DEB,1993-036AQB,2026-05-28T08:09:48.324096,13.66420709,.0343217,73.8848,147.4242,167.3614,193.6389,0,U,35706,999,64337,.81184E-3,.987E-5,0
COSMOS 2251 DEB,1993-036AQG,2026-05-26T00:12:44.296992,14.64267225,.00848088,74.0461,265.1148,324.1229,35.4260,0,U,35711,999,90175,.12515785E-3,.661E-5,0
COSMOS 2251 DEB,1993-036AQM,2026-05-25T00:34:34.561632,14.60293191,.00884589,73.9949,241.6841,43.1540,135.7698,0,U,35716,999,90010,.65843305E-4,.303E-5,0
COSMOS 2251 DEB,1993-036AQN,2026-05-24T15:22:40.641024,14.39715554,.00781425,74.1597,279.1437,91.7976,269.2132,0,U,35717,999,76443,.89925355E-3,.2894E-4,0
COSMOS 2251 DEB,1993-036AQP,2026-05-27T18:24:46.462752,14.71633631,.00104231,74.0295,167.8077,189.7968,170.3002,0,U,35718,999,68280,.11917316E-2,.7401E-4,0
COSMOS 2251 DEB,1993-036AQS,2026-05-19T13:29:33.882144,14.35752074,.01455156,73.9502,246.7421,358.6292,1.4439,0,U,35721,999,60053,.45487016E-3,.1454E-4,0
COSMOS 2251 DEB,1993-036AQV,2026-05-27T19:52:16.992480,14.58581334,.00596175,74.0322,346.4698,98.3465,262.4465,0,U,35724,999,89950,.23975051E-3,.1113E-4,0
COSMOS 2251 DEB,1993-036ARD,2026-05-28T14:05:38.311872,14.65443595,.0076778,74.0375,255.0137,330.9227,28.7675,0,U,35759,999,68579,.19343E-3,.1059E-4,0
COSMOS 2251 DEB,1993-036ARJ,2026-05-22T08:26:24.018432,14.79353342,.0025068,74.0263,27.5888,110.0971,250.2906,0,U,35764,999,68421,.69099E-3,.5145E-4,0
COSMOS 2251 DEB,1993-036ARR,2026-05-27T15:00:17.711136,14.16771064,.019944,74.1585,17.8875,270.3809,87.4484,0,U,35771,999,85207,.29418E-2,.7132E-4,0
COSMOS 2251 DEB,1993-036ART,2026-05-29T01:00:21.426624,14.63026290,.004649,74.0071,19.6684,137.2490,223.2309,0,U,35773,999,89285,.50923E-3,.2622E-4,0
COSMOS 2251 DEB,1993-036ARX,2026-05-28T11:55:15.508128,13.41464362,.0450052,73.7721,56.2915,286.1931,261.2904,0,U,35777,999,81920,.34565E-3,.325E-5,0
COSMOS 2251 DEB,1993-036ASE,2026-05-28T06:11:15.368928,14.50391633,.0042206,74.0357,136.9241,225.8350,133.9339,0,U,35784,999,68120,.22311E-3,.852E-5,0
COSMOS 2251 DEB,1993-036ASG,2026-05-28T19:09:19.897344,14.68048770,.0035826,74.0130,80.8219,168.4935,191.7062,0,U,35786,999,75858,.99097E-3,.5714E-4,0
COSMOS 2251 DEB,1993-036ASK,2026-05-28T22:23:11.232096,14.36103905,.0047403,74.0384,337.4509,36.7661,323.6727,0,U,35789,999,63627,.10386E-3,.28E-5,0
COSMOS 2251 DEB,1993-036ASP,2026-05-28T14:16:08.948064,14.83174749,.0005915,74.0378,90.9893,157.4075,20.3639,0,U,35793,999,68267,.1907E-2,.15572E-3,0
COSMOS 2251 DEB,1993-036ASW,2026-05-26T04:17:08.225952,13.89054447,.02539487,73.8415,125.9494,182.8302,177.1407,0,U,35824,999,86510,.83098701E-3,.128E-4,0
COSMOS 2251 DEB,1993-036ASX,2026-05-28T13:24:03.117024,13.71597777,.0352419,74.1120,228.2163,284.5865,71.6421,0,U,35825,999,84795,.115E-2,.159E-4,0
COSMOS 2251 DEB,1993-036ATB,2026-05-28T22:05:17.669760,14.80697113,.0007266,74.0221,129.9272,175.9036,184.2201,0,U,35829,999,90246,.20517E-2,.15792E-3,0
COSMOS 2251 DEB,1993-036ATC,2026-05-25T18:35:12.027264,14.25482489,.01170179,73.8613,327.5172,263.3014,95.4804,0,U,35830,999,63600,.93360222E-3,.2343E-4,0
COSMOS 2251 DEB,1993-036ATG,2026-05-29T00:57:17.830944,14.13104969,.0110317,73.9320,6.7930,132.0816,17.8736,0,U,35834,999,68626,.20984E-3,.391E-5,0
COSMOS 2251 DEB,1993-036ATH,2026-05-28T20:57:53.906976,13.83441272,.0295896,74.0627,347.2599,90.6527,272.8507,0,U,35835,999,64010,.12119E-2,.1849E-4,0
COSMOS 2251 DEB,1993-036ATJ,2026-05-29T03:31:25.311072,14.74955550,.0022138,74.0316,206.6022,229.8664,130.0571,0,U,35836,999,65985,.15432E-2,.10395E-3,0
COSMOS 2251 DEB,1993-036ATK,2026-05-25T04:16:17.973984,13.64981599,.0410835,73.7286,295.3742,191.2945,349.1942,0,U,35837,999,60205,.3959831E-2,.5684E-4,0
COSMOS 2251 DEB,1993-036ATN,2026-05-24T22:18:55.756800,14.39628675,.0111875,73.9302,215.2147,81.5529,279.8287,0,U,35840,999,87638,.78418E-3,.2611E-4,0
COSMOS 2251 DEB,1993-036ATW,2026-05-28T21:30:04.319712,14.50943670,.008392,74.0220,115.4556,203.4601,186.8290,0,U,35883,999,64810,.19851E-3,.79E-5,0
COSMOS 2251 DEB,1993-036ATX,2026-05-25T10:19:58.929024,14.26797925,.0113547,73.9898,39.2888,147.6147,213.2038,0,U,35884,999,24691,.96054155E-3,.2468E-4,0
COSMOS 2251 DEB,1993-036ATY,2026-05-28T06:46:26.907168,14.37807658,.002354,74.0281,348.0759,31.6053,328.6509,0,U,35885,999,67409,.2444E-3,.712E-5,0
COSMOS 2251 DEB,1993-036AUB,2026-05-29T01:12:42.423264,14.58944182,.0049314,74.0333,38.0090,127.8956,232.6685,0,U,35888,999,88713,.37083E-3,.1739E-4,0
COSMOS 2251 DEB,1993-036AUD,2026-05-27T15:33:55.973664,14.59974784,.00547012,73.9347,284.7318,15.4729,344.8092,0,U,35890,999,67570,.13710159E-2,.669E-4,0
COSMOS 2251 DEB,1993-036AUE,2026-05-28T13:48:41.806368,15.52875219,.0035095,73.9818,90.6988,182.2739,177.8322,0,U,35891,999,69793,.14471E-2,.93299E-3,0
COSMOS 2251 DEB,1993-036AUJ,2026-05-22T11:40:44.006016,14.02355818,.020431,74.0463,68.5697,129.5584,232.3802,0,U,35895,999,61265,.78113E-3,.1418E-4,0
COSMOS 2251 DEB,1993-036AUM,2026-05-24T18:37:48.491616,14.97300825,.00773093,73.9900,327.1286,69.9135,307.2104,0,U,35898,999,69248,.5228934E-3,.6411E-4,0
COSMOS 2251 DEB,1993-036AUQ,2026-05-28T02:30:55.780992,15.41580978,.00169862,73.9987,32.3252,166.1312,194.0367,0,U,35901,999,88658,.54907446E-2,.239282E-2,0
COSMOS 2251 DEB,1993-036AUR,2026-05-28T01:56:16.940832,14.27746273,.01025625,73.9815,292.4290,11.1605,349.1783,0,U,35902,999,63503,.6399482E-3,.1645E-4,0
COSMOS 2251 DEB,1993-036AUU,2026-05-28T22:09:23.232384,15.01591983,.0086435,74.0324,230.6262,266.8705,92.2590,0,U,35905,999,91090,.47072E-3,.6574E-4,0
COSMOS 2251 DEB,1993-036AUZ,2026-05-29T00:26:30.115968,14.34246928,.0021675,74.0330,5.8089,47.6811,312.6173,0,U,35959,999,87326,.10818E-3,.278E-5,0
COSMOS 2251 DEB,1993-036AVB,2026-05-19T15:51:58.137984,14.06264461,.01873912,73.9230,286.1933,186.5521,173.3165,0,U,35961,999,64901,.93460408E-3,.178E-4,0
COSMOS 2251 DEB,1993-036AVR,2026-05-25T09:43:39.105408,14.27914576,.01119111,74.0508,33.5581,75.0630,286.2877,0,U,35975,999,66437,.11328703E-2,.2976E-4,0
COSMOS 2251 DEB,1993-036AVV,2026-05-22T15:51:53.074080,14.76479377,.0058497,74.0097,283.0406,16.2584,355.1958,0,U,35979,999,91007,.41415861E-3,.2931E-4,0
COSMOS 2251 DEB,1993-036AVW,2026-05-26T08:14:15.667296,14.61263957,.00550753,73.9110,165.9497,263.9206,95.5682,0,U,35980,999,63889,.81519381E-3,.4079E-4,0
COSMOS 2251 DEB,1993-036AVY,2026-05-28T02:05:45.769920,14.63748418,.00637404,74.0574,28.2097,52.9758,307.7217,0,U,35982,999,88599,.48679777E-3,.2582E-4,0
COSMOS 2251 DEB,1993-036AWD,2026-05-24T09:22:32.584224,14.44106133,.00493384,73.9990,23.6041,111.9235,248.7177,0,U,35987,999,63412,.53204658E-3,.1823E-4,0
COSMOS 2251 DEB,1993-036AWF,2026-05-25T19:27:20.760480,14.37285493,.00219481,74.0376,342.0712,25.9395,334.2853,0,U,35989,999,89536,.11925872E-3,.33E-5,0
COSMOS 2251 DEB,1993-036AWK,2026-05-28T23:00:30.664800,14.66550157,.0030344,74.0150,10.2079,154.2533,206.0154,0,U,35993,999,62893,.67706E-3,.3752E-4,0
COSMOS 2251 DEB,1993-036AWN,2026-05-28T14:19:03.684288,15.12504027,.0082556,74.0136,117.9398,166.3807,193.9643,0,U,35996,999,74846,.49927E-3,.9415E-4,0
COSMOS 2251 DEB,1993-036AWP,2026-05-28T11:43:23.730240,14.52234012,.0015594,74.0433,233.3899,271.2663,88.6712,0,U,35997,999,73304,.52473E-3,.2106E-4,0
COSMOS 2251 DEB,1993-036AWS,2026-05-23T15:27:22.781952,14.98993607,.00312425,73.9864,119.5024,198.9557,161.0469,0,U,36000,999,62589,.14688876E-2,.17986E-3,0
COSMOS 2251 DEB,1993-036AWX,2026-05-27T09:28:48.855360,14.47561962,.00621663,74.0245,144.0021,240.3875,119.1082,0,U,36005,999,89981,.13838911E-3,.493E-5,0
COSMOS 2251 DEB,1993-036AXG,2026-05-28T12:50:19.344768,14.74304423,.004342,73.7608,89.0961,78.5713,282.0331,0,U,36045,999,10843,.23193E-2,.15589E-3,0
COSMOS 2251 DEB,1993-036AXH,2026-05-28T19:07:10.153056,14.66206887,.005629,74.0155,314.3522,59.2437,3.7046,0,U,36046,999,66451,.50019E-3,.2788E-4,0
COSMOS 2251 DEB,1993-036AXJ,2026-05-28T07:14:18.298752,15.07504809,.0004202,74.0295,354.4990,83.3377,276.8292,0,U,36047,999,68440,.30797E-2,.47043E-3,0
COSMOS 2251 DEB,1993-036AXK,2026-05-29T00:10:03.040032,14.38110598,.0026219,74.0568,351.6084,2.6999,148.0008,0,U,36048,999,87906,.20938E-3,.611E-5,0
COSMOS 2251 DEB,1993-036AXL,2026-05-29T00:22:37.491744,14.64032517,.0011848,74.0278,158.2262,213.7126,146.3289,0,U,36049,999,87811,.84178E-3,.4391E-4,0
COSMOS 2251 DEB,1993-036AXM,2026-05-26T21:09:33.366816,15.03810386,.0084055,74.0311,216.8692,253.1315,106.0644,0,U,36050,999,69515,.45407E-3,.6709E-4,0
COSMOS 2251 DEB,1993-036AXQ,2026-05-28T19:24:54.243360,14.59536462,.0028667,73.8695,191.4404,104.5588,255.8759,0,U,36053,999,89880,.11818E-2,.562E-4,0
COSMOS 2251 DEB,1993-036AXV,2026-05-28T03:46:33.918528,14.59539019,.00457637,74.0212,76.0397,168.4280,191.7949,0,U,36058,999,68538,.45556526E-3,.2166E-4,0
COSMOS 2251 DEB,1993-036AXX,2026-05-27T01:56:21.667776,14.42367278,.00152713,74.0288,287.8400,347.9642,12.1147,0,U,36060,999,87393,.25757316E-3,.826E-5,0
COSMOS 2251 DEB,1993-036AXY,2026-05-23T01:17:05.093088,14.33981674,.00379404,74.0245,64.4234,115.3559,245.1529,0,U,36061,999,67416,.16975688E-3,.452E-5,0
COSMOS 2251 DEB,1993-036AYL,2026-05-28T08:05:07.804896,14.35159225,.0024101,74.0333,17.1105,47.3996,312.9184,0,U,36073,999,72597,.19145E-3,.523E-5,0
COSMOS 2251 DEB,1993-036AYM,2026-05-28T09:50:20.249376,14.44941918,.0044278,73.9931,29.4582,85.4253,275.1961,0,U,36074,999,88316,.10627E-2,.3723E-4,0
COSMOS 2251 DEB,1993-036AYT,2026-05-28T11:41:46.104288,14.34929639,.0085177,74.0652,328.3129,317.5735,41.8852,0,U,36366,999,88679,.11948E-2,.3515E-4,0
COSMOS 2251 DEB,1993-036AYU,2026-05-17T05:49:54.631488,13.86955370,.02619493,74.1006,328.9774,5.4959,354.8941,0,U,36367,999,59685,.76961644E-4,.95E-6,0
COSMOS 2251 DEB,1993-036AYW,2026-05-26T13:41:08.240928,14.77109557,.00122427,74.0276,108.2293,160.1401,200.0253,0,U,36369,999,88353,.14241581E-2,.10059E-3,0
COSMOS 2251 DEB,1993-036AYY,2026-05-26T10:00:04.003200,14.74462849,.00084642,74.0109,200.3757,219.4547,140.6010,0,U,36371,999,73869,.13256661E-2,.8792E-4,0
COSMOS 2251 DEB,1993-036AZG,2026-05-26T23:09:40.330368,14.36343528,.0045805,74.0128,2.9447,93.3512,333.4200,0,U,36379,999,67200,.22105E-3,.628E-5,0
COSMOS 2251 DEB,1993-036AZN,2026-05-29T02:23:45.919392,14.76278408,.0135173,73.9673,186.1827,319.9559,39.1706,0,U,36385,999,87569,.12508E-2,.10051E-3,0
COSMOS 2251 DEB,1993-036AZT,2026-05-25T18:40:20.169408,14.37046449,.00179925,74.0371,333.8875,23.8255,351.4086,0,U,36420,999,87393,.1053759E-3,.287E-5,0
COSMOS 2251 DEB,1993-036AZW,2026-05-21T14:47:20.279616,15.06455146,.00581844,73.7755,251.1339,214.3177,145.4248,0,U,36423,999,27425,.48202937E-2,.74635E-3,0
COSMOS 2251 DEB,1993-036BAD,2026-05-27T18:50:48.799392,14.28109681,.00976371,74.0025,167.0292,278.0768,80.9312,0,U,36430,999,66927,.27493459E-3,.692E-5,0
COSMOS 2251 DEB,1993-036BAL,2026-05-24T13:01:06.885120,14.73799990,.00217983,73.9403,75.2991,256.6482,103.2260,0,U,36437,999,68447,.98446305E-3,.6438E-4,0
COSMOS 2251 DEB,1993-036BAN,2026-05-23T16:23:09.722688,13.48308120,.04221266,73.9670,138.1499,79.2954,285.5377,0,U,36439,999,60795,.6028017E-3,.628E-5,0
COSMOS 2251 DEB,1993-036BAQ,2026-05-28T07:55:15.602016,15.09792024,.0102941,73.8339,2.4072,66.8186,294.3807,0,U,36441,999,89477,.60995E-3,.11145E-3,0
COSMOS 2251 DEB,1993-036BBA,2026-05-25T09:58:44.573952,14.19361734,.01848041,73.9532,41.2506,189.0923,170.6861,0,U,36451,999,86547,.48935788E-3,.1193E-4,0
COSMOS 2251 DEB,1993-036BBC,2026-05-28T03:04:12.916992,14.53898865,.00680473,73.9236,196.0897,61.8521,329.5383,0,U,36453,999,86885,.69249544E-3,.2975E-4,0
COSMOS 2251 DEB,1993-036BBJ,2026-05-27T11:35:33.428256,14.27621233,.0117433,74.0453,60.0168,116.7261,244.5964,0,U,36459,999,10246,.15318E-2,.4037E-4,0
COSMOS 2251 DEB,1993-036BBV,2026-05-26T01:40:24.497472,15.35240166,.00165981,73.8273,265.8980,45.8862,314.3705,0,U,36470,999,68590,.39783438E-2,.139249E-2,0
COSMOS 2251 DEB,1993-036BCN,2026-05-12T12:51:14.647680,14.31237126,.0084498,74.0164,230.2775,244.3663,114.8740,0,U,36528,999,66584,.34131E-3,.912E-5,0
COSMOS 2251 DEB,1993-036BCT,2026-05-28T10:53:19.368096,14.50323972,.0049569,74.0093,161.2303,269.4891,90.0590,0,U,36533,999,86901,.29793E-3,.1151E-4,0
COSMOS 2251 DEB,1993-036BCZ,2026-05-28T21:01:29.919936,14.60335448,.0028367,74.0219,96.0451,197.5390,162.4799,0,U,36539,999,86386,.66253E-3,.3192E-4,0
COSMOS 2251 DEB,1993-036BDA,2026-05-28T05:51:54.726624,14.60244360,.0014774,74.0288,222.9099,258.2024,101.7485,0,U,36540,999,88439,.94428E-3,.4536E-4,0
COSMOS 2251 DEB,1993-036BDL,2026-05-25T23:23:54.682080,14.27742780,.00773377,74.0448,255.5011,266.9664,92.2632,0,U,36550,999,86939,.39506848E-3,.981E-5,0
COSMOS 2251 DEB,1993-036BDM,2026-05-29T02:01:45.731712,15.10746318,.0038161,73.8858,27.8137,293.4087,66.3093,0,U,36551,999,69452,.14458E-2,.24443E-3,0
COSMOS 2251 DEB,1993-036BDT,2026-05-28T16:45:43.983936,14.84753940,.0022939,73.9777,155.1572,266.1818,93.6737,0,U,36557,999,36370,.18376E-2,.15656E-3,0
COSMOS 2251 DEB,1993-036BDU,2026-05-28T04:38:43.664352,14.56513077,.00135029,74.0411,199.0633,249.7342,110.2370,0,U,36558,999,87691,.55924336E-3,.2463E-4,0
COSMOS 2251 DEB,1993-036BDV,2026-05-28T19:06:10.205280,13.97522799,.026118,74.1243,83.6427,77.4797,285.5416,0,U,36559,999,83426,.5185E-2,.9741E-4,0
COSMOS 2251 DEB,1993-036BEC,2026-05-26T21:15:57.566880,14.62305618,.0015257,74.0198,218.4399,252.7396,107.2102,0,U,36614,999,68025,.69073E-3,.3464E-4,0
COSMOS 2251 DEB,1993-036BEL,2026-05-24T09:23:43.738944,14.77579598,.00678959,74.0114,186.1413,280.4751,78.8778,0,U,36622,999,69151,.25630082E-3,.1865E-4,0
COSMOS 2251 DEB,1993-036BEW,2026-05-28T06:10:47.828064,14.43989711,.0034224,73.9994,342.2091,54.2329,306.2002,0,U,36632,999,67618,.61639E-3,.2095E-4,0
COSMOS 2251 DEB,1993-036BFE,2026-05-22T10:00:04.754016,15.03365444,.0093271,74.0257,193.4580,231.4737,127.8065,0,U,37084,999,68680,.26099E-3,.3855E-4,0
COSMOS 2251 DEB,1993-036BFK,2026-05-23T10:29:42.800352,14.56042372,.01312031,74.0355,199.6586,259.8601,98.7742,0,U,37089,999,68461,.1032828E-2,.5082E-4,0
COSMOS 2251 DEB,1993-036BFQ,2026-05-28T17:45:18.516960,14.38749118,.0080886,74.1072,174.7429,97.0390,263.9972,0,U,37094,999,86907,.52173E-3,.1639E-4,0
COSMOS 2251 DEB,1993-036BFR,2026-05-21T00:42:13.641984,14.04114096,.01924712,73.8461,269.1483,299.1787,59.0210,0,U,37095,999,64871,.50836938E-3,.923E-5,0
COSMOS 2251 DEB,1993-036BFX,2026-05-19T15:30:51.180480,14.66971554,.00437911,74.0273,149.4678,198.1684,161.7923,0,U,37101,999,67986,.41951629E-3,.2351E-4,0
COSMOS 2251 DEB,1993-036BGE,2026-05-28T16:06:42.698592,14.42483290,.0092066,74.0407,131.2122,167.4615,192.8864,0,U,37108,999,87913,.8232E-3,.2843E-4,0
COSMOS 2251 DEB,1993-036BGY,2026-05-25T22:50:53.148192,14.73561180,.0122157,73.9519,32.7227,231.9393,127.0710,0,U,37126,999,10517,.99434846E-4,.688E-5,0
COSMOS 2251 DEB,1993-036BHE,2026-05-28T14:27:47.729664,14.80380230,.0040523,74.0015,265.0683,20.0168,340.2586,0,U,37132,999,64883,.87933E-3,.6779E-4,0
COSMOS 2251 DEB,1993-036BHJ,2026-05-28T04:33:38.941056,13.61163487,.03947699,73.9349,63.9436,45.9335,317.3572,0,U,37270,999,79333,.43681816E-2,.5566E-4,0
COSMOS 2251 DEB,1993-036BHS,2026-05-18T05:01:26.056704,14.15831730,.02994756,73.7884,66.7848,222.1064,211.1431,0,U,37278,999,66043,.28219545E-3,.826E-5,0
COSMOS 2251 DEB,1993-036BHU,2026-05-28T15:41:07.603872,14.20189995,.0133476,74.0278,118.4337,206.8174,152.6030,0,U,37280,999,59692,.98124E-3,.2266E-4,0
COSMOS 2251 DEB,1993-036BHY,2026-05-14T13:53:37.375584,14.13474385,.01614828,74.0123,245.9714,2.5574,14.1433,0,U,37284,999,61334,.41699936E-3,.863E-5,0
COSMOS 2251 DEB,1993-036BJG,2026-05-16T08:04:32.564928,14.04450497,.02074517,74.1214,141.7522,106.3869,256.0184,0,U,37292,999,62018,.11071566E-2,.2117E-4,0
COSMOS 2251 DEB,1993-036BJK,2026-05-29T03:27:24.605856,14.66261857,.0044795,74.0052,318.6090,95.7317,264.8962,0,U,37295,999,84757,.64355E-3,.357E-4,0
COSMOS 2251 DEB,1993-036BJV,2026-05-27T19:08:25.422144,14.36736499,.00467708,73.8694,342.3206,268.8578,90.7215,0,U,37305,999,69251,.4807531E-3,.1408E-4,0
COSMOS 2251 DEB,1993-036BKC,2026-05-26T23:46:47.905536,14.46685941,.00184016,74.0313,255.5560,320.4123,39.5691,0,U,37312,999,88553,.32711942E-3,.1157E-4,0
COSMOS 2251 DEB,1993-036BKG,2026-05-29T02:34:32.423808,15.05443062,.0025557,74.0164,40.4110,86.5525,273.8587,0,U,37316,999,88653,.28314E-2,.41161E-3,0
COSMOS 2251 DEB,1993-036BKL,2026-05-24T14:24:02.790720,14.80976229,.00450382,74.0457,257.5415,303.7988,55.8904,0,U,37320,999,68556,.44338515E-3,.3458E-4,0
COSMOS 2251 DEB,1993-036BKS,2026-05-28T08:10:50.754144,14.62423835,.0056748,74.0255,15.5051,103.7575,256.9917,0,U,37326,999,87918,.48705E-3,.2492E-4,0
COSMOS 2251 DEB,1993-036BKW,2026-05-28T06:07:05.473344,14.60028841,.0057321,74.0171,337.0713,143.3004,217.2109,0,U,37330,999,88798,.34675E-3,.1673E-4,0
COSMOS 2251 DEB,1993-036BKX,2026-05-16T17:07:42.870432,14.35550552,.00549012,74.0721,144.3288,121.7602,238.8917,0,U,37331,999,86983,.26082475E-3,.739E-5,0
COSMOS 2251 DEB,1993-036BLC,2026-05-26T09:58:15.515040,14.32826702,.00289171,74.0424,30.5676,69.3291,291.0956,0,U,37336,999,67478,.60369602E-4,.14E-5,0
COSMOS 2251 DEB,1993-036BLG,2026-05-27T18:25:58.413216,14.37106561,.0017948,74.0248,331.6530,29.3502,330.8655,0,U,37340,999,86452,.1562714E-3,.439E-5,0
COSMOS 2251 DEB,1993-036BLL,2026-05-25T20:51:13.068864,14.43829824,.00925399,73.9736,197.0428,5.4830,354.7316,0,U,37483,999,67648,.12802581E-3,.43E-5,0
COSMOS 2251 DEB,1993-036BLM,2026-05-28T13:13:19.742016,14.42672647,.0038171,73.8228,255.0388,259.6694,115.3570,0,U,37484,999,67784,.663E-3,.2197E-4,0
COSMOS 2251 DEB,1993-036BLP,2026-05-28T07:55:40.079136,14.15093569,.0222749,73.6900,172.8966,15.7823,358.9504,0,U,37486,999,65725,.22464E-2,.5512E-4,0
COSMOS 2251 DEB,1993-036BLQ,2026-05-28T11:09:30.077280,14.90672319,.0030262,73.8965,217.6628,11.0423,349.1415,0,U,37487,999,83722,.2942E-2,.29191E-3,0
COSMOS 2251 DEB,1993-036BLU,2026-05-25T20:24:38.537856,13.75792174,.03111387,73.9070,358.8741,321.2609,36.6558,0,U,37491,999,58003,.54503487E-3,.726E-5,0
COSMOS 2251 DEB,1993-036BLZ,2026-05-24T07:28:28.676928,15.01684037,.0051614,73.9484,350.8048,324.2075,35.5656,0,U,37496,999,68451,.13123E-2,.17554E-3,0
COSMOS 2251 DEB,1993-036BMB,2026-05-19T00:49:52.602240,14.56041461,.00119198,74.0366,245.8916,275.8521,84.1284,0,U,37498,999,67643,.42162999E-3,.183E-4,0
COSMOS 2251 DEB,1993-036BMC,2026-05-24T22:16:28.806816,14.34488443,.0027109,74.0388,23.4069,61.7883,298.6001,0,U,37499,999,87489,.96576E-4,.247E-5,0
COSMOS 2251 DEB,1993-036BNH,2026-05-25T19:30:40.762656,14.51044849,.00216483,74.0351,173.6469,279.5834,80.2881,0,U,37528,999,88310,.23175658E-3,.892E-5,0
COSMOS 2251 DEB,1993-036BNK,2026-05-23T11:06:20.620224,14.34706442,.00260415,74.0370,37.4137,63.1148,110.1940,0,U,37530,999,87551,.12180353E-3,.32E-5,0
COSMOS 2251 DEB,1993-036BNL,2026-05-20T04:10:42.893184,14.67474324,.00331588,74.0073,319.5607,10.2476,349.9362,0,U,37531,999,72373,.93828572E-3,.533E-4,0
COSMOS 2251 DEB,1993-036BNM,2026-05-27T01:02:11.078592,14.42673515,.00159095,74.0505,269.2888,330.3716,147.3508,0,U,37532,999,87299,.17615438E-3,.56E-5,0
COSMOS 2251 DEB,1993-036BNN,2026-05-28T13:53:31.759584,14.13115358,.0156366,74.0665,257.4302,274.6200,83.7097,0,U,37533,999,65277,.92086E-3,.1908E-4,0
COSMOS 2251 DEB,1993-036BNQ,2026-05-28T16:20:17.128320,14.59506112,.0028821,74.0213,115.1688,211.4320,325.4840,0,U,37535,999,87759,.66441E-3,.3144E-4,0
COSMOS 2251 DEB,1993-036BNS,2026-05-23T19:00:58.762656,14.37694096,.00508033,74.0115,326.4053,68.7578,291.8991,0,U,37537,999,87362,.12485594E-3,.355E-5,0
COSMOS 2251 DEB,1993-036BPB,2026-05-28T08:58:40.075680,14.86622596,.0003797,74.0182,127.4932,154.1213,206.0157,0,U,37546,999,68359,.28056E-2,.24959E-3,0
COSMOS 2251 DEB,1993-036BPJ,2026-05-27T20:28:57.538272,14.59072568,.00584613,74.0088,100.1118,201.3770,188.6809,0,U,37959,999,82549,.47144677E-3,.224E-4,0
COSMOS 2251 DEB,1993-036BPK,2026-05-28T13:40:45.199776,14.08453899,.0246427,74.0599,254.3514,233.2334,124.5959,0,U,37960,999,79754,.92283E-3,.2066E-4,0
COSMOS 2251 DEB,1993-036BPL,2026-05-28T12:14:09.360384,14.59338732,.0040344,74.0386,179.5849,219.8912,139.9287,0,U,37961,999,82497,.56893E-3,.2692E-4,0
COSMOS 2251 DEB,1993-036BPR,2026-05-24T00:12:25.514496,15.45046173,.00109098,73.9694,245.5801,8.5380,351.6014,0,U,37966,999,87818,.3006135E-2,.144975E-2,0
COSMOS 2251 DEB,1993-036BPS,2026-05-26T19:28:08.307264,14.42043487,.01494704,74.0138,191.1250,290.0944,68.4179,0,U,37967,999,67114,.88480558E-3,.3292E-4,0
COSMOS 2251 DEB,1993-036BPT,2026-05-28T15:34:48.414144,15.04322685,.0075942,73.9981,289.7258,3.6018,356.5700,0,U,37968,999,62726,.64613E-3,.9569E-4,0
COSMOS 2251 DEB,1993-036BPW,2026-05-26T03:00:44.771616,14.50566169,.00690013,73.9903,92.3055,189.7779,170.2044,0,U,37971,999,63060,.76533572E-3,.3065E-4,0
COSMOS 2251 DEB,1993-036BQA,2026-05-26T07:28:21.355392,14.84289798,.00733319,73.9987,358.8608,307.9892,51.4677,0,U,37975,999,72181,.19591028E-2,.17238E-3,0
COSMOS 2251 DEB,1993-036BQL,2026-05-28T04:25:58.060128,14.35532039,.00207691,74.0248,320.2217,43.7523,316.5271,0,U,37985,999,67305,.46747799E-4,.109E-5,0
COSMOS 2251 DEB,1993-036BQP,2026-05-29T04:17:09.108960,14.70913141,.0061056,74.0624,59.8540,55.7863,304.9073,0,U,37988,999,25856,.1065E-2,.6687E-4,0
COSMOS 2251 DEB,1993-036BQU,2026-05-25T10:58:04.327392,14.61853327,.00219385,74.0215,213.7229,265.2832,94.5829,0,U,37993,999,67708,.66972119E-3,.3329E-4,0
COSMOS 2251 DEB,1993-036BQV,2026-05-28T21:27:25.678080,14.39969386,.0022983,74.0357,326.9243,9.0999,351.0567,0,U,37994,999,79470,.29008E-3,.889E-5,0
COSMOS 2251 DEB,1993-036BQZ,2026-05-26T01:44:23.046144,14.46108441,.00194753,74.0362,288.5873,327.5545,32.4414,0,U,37998,999,66662,.3933781E-3,.1381E-4,0
COSMOS 2251 DEB,1993-036BRC,2026-05-28T00:45:56.664576,14.80777898,.0064798,73.9982,164.0026,272.0081,118.0620,0,U,38001,999,77168,.50967084E-3,.4036E-4,0
COSMOS 2251 DEB,1993-036BRH,2026-05-25T02:55:01.086240,14.48334732,.00683482,73.8440,88.9991,6.4448,353.7572,0,U,38006,999,65324,.19589776E-2,.7524E-4,0
COSMOS 2251 DEB,1993-036BRL,2026-05-26T13:05:35.088864,13.63382800,.03458079,73.9550,355.9319,302.0550,81.2207,0,U,38054,999,69425,.94757332E-3,.1093E-4,0
COSMOS 2251 DEB,1993-036BRM,2026-05-25T13:32:31.127424,14.78945753,.00645764,74.0074,244.4747,331.6021,41.9060,0,U,38055,999,63103,.41313315E-3,.3121E-4,0
COSMOS 2251 DEB,1993-036BRN,2026-05-27T23:47:05.842176,13.90189849,.02703624,73.9222,351.1255,306.4808,51.1680,0,U,38056,999,66583,.17328534E-2,.2853E-4,0
COSMOS 2251 DEB,1993-036BRS,2026-05-22T06:39:15.098112,14.64673577,.005822,74.0420,346.9497,53.4129,307.2376,0,U,38060,999,74314,.24327E-3,.1295E-4,0
COSMOS 2251 DEB,1993-036BRU,2026-05-28T05:22:58.046016,15.03677232,.00154506,74.0038,311.7498,55.0061,120.6443,0,U,38062,999,65525,.2829344E-2,.39046E-3,0
COSMOS 2251 DEB,1993-036BRW,2026-05-28T11:09:28.949760,14.57435080,.0047863,74.0199,167.2585,245.7042,113.9120,0,U,38064,999,74293,.55647E-3,.2535E-4,0
COSMOS 2251 DEB,1993-036BRZ,2026-05-23T18:53:29.856768,14.61656034,.00698946,74.0178,324.1945,72.2236,303.6526,0,U,38067,999,64923,.18160049E-3,.904E-5,0
COSMOS 2251 DEB,1993-036BSA,2026-05-28T00:07:13.869696,14.36246812,.00255659,74.0223,2.6714,53.7528,306.5982,0,U,38068,999,69033,.19704182E-3,.551E-5,0
COSMOS 2251 DEB,1993-036BSM,2026-05-26T09:30:39.161376,14.80125743,.01111721,73.9363,31.9106,226.1480,133.0471,0,U,38197,999,88187,.1909336E-2,.16102E-3,0
COSMOS 2251 DEB,1993-036BSP,2026-05-23T07:21:09.986976,13.65048255,.03661071,73.9532,156.6752,51.3629,311.9658,0,U,38199,999,63226,.32938051E-3,.401E-5,0
COSMOS 2251 DEB,1993-036BSY,2026-05-28T08:07:50.642976,14.90831453,.0007299,74.0014,106.1082,189.1746,326.6558,0,U,38208,999,73636,.242E-2,.23888E-3,0
COSMOS 2251 DEB,1993-036BTC,2026-05-25T07:45:49.644000,14.78666271,.00910874,74.0484,115.5164,139.6259,221.1726,0,U,38212,999,83727,.23377231E-3,.1801E-4,0
COSMOS 2251 DEB,1993-036BTL,2026-05-28T06:07:27.921792,15.04917070,.0004068,74.0098,89.6521,190.8019,169.3084,0,U,38220,999,73866,.39053E-2,.55722E-3,0
COSMOS 2251 DEB,1993-036BTP,2026-05-25T12:37:27.291648,14.39949168,.00825741,74.0068,241.4199,312.7561,61.5614,0,U,38479,999,67044,.77780834E-3,.252E-4,0
COSMOS 2251 DEB,1993-036BTR,2026-05-27T13:21:47.149344,13.95564080,.0226815,73.9317,80.8109,347.9932,11.5841,0,U,38481,999,61373,.13794E-2,.2301E-4,0
COSMOS 2251 DEB,1993-036BTT,2026-05-13T14:09:14.622048,14.29529958,.01136208,74.2586,99.7620,160.4271,200.1296,0,U,38483,999,65647,.40990944E-3,.11E-4,0
COSMOS 2251 DEB,1993-036BTW,2026-05-27T12:32:47.497344,14.78786027,.00315538,73.9410,238.2971,344.9057,32.4061,0,U,38486,999,77881,.22505548E-2,.1669E-3,0
COSMOS 2251 DEB,1993-036BTX,2026-05-25T10:32:48.071328,15.36519201,.00264862,73.9669,45.7511,172.1834,187.9790,0,U,38487,999,69298,.21002872E-2,.76469E-3,0
COSMOS 2251 DEB,1993-036BTY,2026-05-12T16:55:47.682336,14.71832130,.00576877,74.0329,291.8567,357.3045,17.2624,0,U,39109,999,67394,.239505E-3,.1503E-4,0
COSMOS 2251 DEB,1993-036BTZ,2026-05-17T05:15:15.507072,14.73021018,.00956894,73.9556,117.2749,312.1954,65.8337,0,U,39110,999,64773,.17573069E-3,.1176E-4,0
COSMOS 2251 DEB,1993-036BUC,2026-05-28T17:01:30.196128,14.96729513,.0042328,73.9952,159.4369,276.2582,83.3782,0,U,39546,999,66931,.12181E-2,.14167E-3,0
COSMOS 2251 DEB,1993-036BUD,2026-05-28T09:00:36.154080,15.26819579,.0014902,73.9997,31.1507,155.6595,323.2010,0,U,39547,999,66548,.35682E-2,.95553E-3,0
COSMOS 2251 DEB,1993-036BUK,2026-05-28T10:20:22.212960,14.00564240,.0206566,74.0283,41.0983,138.5403,223.1615,0,U,39553,999,77950,.14177E-2,.2513E-4,0
COSMOS 2251 DEB,1993-036BUL,2026-05-25T18:55:23.617056,15.33799746,.0006937,74.0038,279.3103,43.6063,316.5689,0,U,39554,999,66880,.26336825E-2,.87149E-3,0
COSMOS 2251 DEB,1993-036BUN,2026-05-27T15:36:38.101536,14.63603027,.0132367,73.9322,287.3752,5.0100,355.2354,0,U,39583,999,64204,.84931294E-3,.498E-4,0
COSMOS 2251 DEB,1993-036BUQ,2026-05-26T06:42:29.926656,14.59070080,.00659086,74.0412,347.9845,67.5678,293.2450,0,U,39585,999,64920,.22180652E-3,.1044E-4,0
COSMOS 2251 DEB,1993-036BUR,2026-05-22T16:59:43.547424,14.21535728,.01011661,74.0090,299.1769,37.1430,340.9415,0,U,39586,999,63259,.19940266E-3,.435E-5,0
COSMOS 2251 DEB,1993-036BUW,2026-05-29T02:47:05.155296,14.42251140,.0029533,74.0198,296.1641,10.9487,106.0831,0,U,39591,999,64189,.35041E-3,.1135E-4,0
COSMOS 2251 DEB,1993-036BUX,2026-05-20T17:56:02.478624,14.41970524,.00164133,74.0298,314.0709,3.4836,356.6431,0,U,40218,999,61153,.16534079E-3,.516E-5,0
COSMOS 2251 DEB,1993-036BVC,2026-05-28T13:32:55.952736,15.33432018,.0020149,73.9245,98.3561,215.9773,144.0076,0,U,40223,999,61904,.5783E-2,.192879E-2,0
COSMOS 2251 DEB,1993-036BVH,2026-05-27T04:14:16.180224,14.41324857,.00234167,74.0537,314.6088,337.3313,138.3459,0,U,40228,999,61304,.26360835E-3,.829E-5,0
COSMOS 2251 DEB,1993-036BVK,2026-05-28T08:21:24.764256,14.50252664,.0017429,74.0421,274.2604,293.3414,97.9432,0,U,40230,999,61386,.51798E-3,.1993E-4,0
COSMOS 2251 DEB,1993-036BVN,2026-05-28T09:18:44.376768,14.60040913,.0045432,73.9368,143.5505,182.6174,177.4761,0,U,40233,999,61568,.83765E-3,.4053E-4,0
COSMOS 2251 DEB,1993-036BVR,2026-05-17T01:14:08.641824,13.24963438,.05353649,73.5373,258.8811,125.0933,240.1576,0,U,40236,999,55681,.90139628E-3,.826E-5,0
COSMOS 2251 DEB,1993-036BVS,2026-05-28T10:49:10.079040,15.41058860,.0016733,74.0106,58.1584,182.2441,296.6109,0,U,40237,999,62037,.63308E-2,.272273E-2,0
COSMOS 2251 DEB,1993-036BVT,2026-05-27T09:04:50.981376,13.25660047,.05460742,73.9887,169.1096,109.5577,256.5307,0,U,40238,999,56231,.14161043E-2,.1373E-4,0
COSMOS 2251 DEB,1993-036BVU,2026-05-28T05:27:52.123968,14.62600951,.00849124,74.0283,316.8013,26.8404,152.3589,0,U,40239,999,62044,.28237821E-3,.1478E-4,0
COSMOS 2251 DEB,1993-036BVV,2026-05-28T13:38:24.658080,14.69531215,.0017654,74.0437,84.8482,151.0147,25.3305,0,U,40792,999,65633,.10834E-2,.6418E-4,0
COSMOS 2251 DEB,1993-036BVW,2026-05-28T12:01:09.643584,14.06222715,.0214489,73.9778,232.3675,352.1711,7.6092,0,U,40793,999,70589,.43372E-3,.854E-5,0
COSMOS 2251 DEB,1993-036BVX,2026-05-28T16:10:58.275840,15.06889205,.0015171,73.9674,143.3610,249.1436,234.7098,0,U,40794,999,64428,.36401E-2,.54881E-3,0
COSMOS 2251 DEB,1993-036BVZ,2026-05-27T19:45:35.970336,14.83879851,.0055208,74.0100,173.0203,267.7798,270.0274,0,U,40796,999,78620,.59767E-3,.5063E-4,0
COSMOS 2251 DEB,1993-036BWA,2026-05-23T15:20:08.583072,15.16534668,.006269,73.9326,116.7907,345.8036,14.1394,0,U,40797,999,67094,.64872E-3,.13283E-3,0
COSMOS 2251 DEB,1993-036BWC,2026-05-26T05:10:27.388128,14.98461562,.01152426,73.9236,122.9706,325.6241,33.7523,0,U,40799,999,52439,.42837338E-3,.5834E-4,0
COSMOS 2251 DEB,1993-036BWF,2026-05-26T08:54:56.135520,14.79162388,.00618501,74.0371,189.5490,246.0843,113.3847,0,U,40802,999,66842,.37241953E-3,.2816E-4,0
COSMOS 2251 DEB,1993-036BWG,2026-05-28T13:48:03.670272,14.52225382,.0033966,74.0129,97.1463,271.2810,88.4461,0,U,40803,999,61174,.28808E-3,.1149E-4,0
COSMOS 2251 DEB,1993-036BWM,2026-05-28T12:32:45.445344,14.70341861,.0008247,74.0402,182.6722,194.4139,316.0717,0,U,40808,999,66068,.1189E-2,.7166E-4,0
COSMOS 2251 DEB,1993-036BWP,2026-05-28T07:48:10.506240,14.59770374,.0019584,74.0328,117.1925,224.0287,135.9320,0,U,40810,999,64113,.60948E-3,.2889E-4,0
COSMOS 2251 DEB,1993-036BWT,2026-05-28T06:19:20.936064,14.51805410,.004077,74.0443,124.8761,204.2539,155.6704,0,U,46271,999,87058,.23915E-3,.944E-5,0
COSMOS 2251 DEB,1993-036BWU,2026-05-23T10:43:57.865728,14.53826675,.0091905,73.9134,49.0118,292.2603,66.8831,0,U,46430,999,82031,.87499687E-3,.3856E-4,0
COSMOS 2251 DEB,1993-036BWW,2026-05-28T11:01:59.471040,13.36869393,.047424,73.8707,208.5385,297.6981,75.1403,0,U,46432,999,69194,.70536E-3,.674E-5,0
COSMOS 2251 DEB,1993-036BWZ,2026-05-23T10:22:30.429696,14.38984928,.00301626,74.0583,211.3141,311.1280,65.0271,0,U,47045,999,10131,.38239312E-4,.92E-6,0
COSMOS 2251 DEB,1993-036BXC,2026-05-23T09:40:59.894400,14.53964680,.01329976,73.9779,12.8210,161.3329,17.5708,0,U,47048,999,62038,.80367728E-3,.3778E-4,0
COSMOS 2251 DEB,1993-036BXF,2026-05-28T14:40:43.650048,13.67697329,.0341839,74.0989,270.7136,345.6833,23.8751,0,U,47051,999,62219,.59876E-3,.737E-5,0
COSMOS 2251 DEB,1993-036BXG,2026-05-28T10:40:33.820032,14.35757846,.0058559,74.0499,34.6945,69.0295,110.4599,0,U,47052,999,64181,.25436E-3,.724E-5,0
COSMOS 2251 DEB,1993-036BXH,2026-05-25T19:44:06.076320,13.60083897,.03812101,74.0577,348.3475,125.5095,257.0159,0,U,47053,999,31119,.10897095E-2,.1298E-4,0
COSMOS 2251 DEB,1993-036BXP,2026-05-28T12:23:55.719168,15.45185189,.0016052,73.9677,240.9274,349.0621,11.0237,0,U,47059,999,10850,.46733E-2,.229465E-2,0
COSMOS 2251 DEB,1993-036BXR,2026-05-27T03:18:23.430816,15.66943701,.00184266,73.9680,197.7310,321.7015,38.2897,0,U,47061,999,66912,.47515238E-2,.542049E-2,0
COSMOS 2251 DEB,1993-036BXS,2026-05-26T08:15:01.613088,13.72361061,.03254319,74.0786,166.6017,254.3493,118.5478,0,U,47062,999,57860,.82360841E-3,.1074E-4,0
COSMOS 2251 DEB,1993-036BXY,2026-05-27T12:46:09.203808,14.54420217,.00181428,74.0234,249.9686,301.0702,58.8680,0,U,47068,999,64166,.67916699E-3,.2867E-4,0
COSMOS 2251 DEB,1993-036BXZ,2026-05-23T06:58:41.596608,14.87234245,.00010446,74.0100,151.9658,136.3058,223.8204,0,U,47069,999,74894,.13495654E-2,.12144E-3,0
COSMOS 2251 DEB,1993-036BYD,2026-05-24T02:07:50.279232,14.05052919,.01602149,74.0831,279.3072,278.4111,79.8892,0,U,47073,999,62641,.22113496E-3,.374E-5,0
COSMOS 2251 DEB,1993-036BYE,2026-05-11T23:58:49.616832,14.37356054,.01392898,74.0955,33.4846,24.8688,351.8639,0,U,47074,999,4840,.68280935E-3,.2253E-4,0
COSMOS 2251 DEB,1993-036BYJ,2026-05-28T00:34:00.329088,15.07375157,.00194456,74.0219,260.8454,325.5161,152.8175,0,U,47116,999,62009,.20751E-2,.31631E-3,0
COSMOS 2251 DEB,1993-036BYP,2026-05-28T15:33:42.395904,14.42758198,.0020445,74.0355,351.8598,37.7089,322.5496,0,U,53093,999,20132,.68049E-3,.2247E-4,0
FENGYUN 1C,1999-025A,2026-05-29T03:53:12.283008,14.26961477,.0009384,98.8638,222.4349,312.3130,47.7254,0,U,25730,999,39524,.11484E-2,.2748E-4,0
FENGYUN 1C DEB,1999-025X,2026-05-29T01:08:54.692736,12.96783255,.0568294,99.2072,184.6292,175.3664,216.8617,0,U,29733,999,91288,.17253E-2,.1011E-4,0
FENGYUN 1C DEB,1999-025Y,2026-05-29T05:17:17.249856,12.91881202,.0614966,99.1710,56.7877,348.0045,164.1174,0,U,29734,999,90710,.3544E-2,.2193E-4,0
FENGYUN 1C DEB,1999-025Z,2026-05-29T03:12:18.153216,12.75628657,.0697385,99.3887,41.2539,163.8055,198.6609,0,U,29735,999,89549,.26779E-2,.1546E-4,0
FENGYUN 1C DEB,1999-025AA,2026-05-29T00:49:10.977312,12.57730874,.0726193,99.4257,301.5559,199.2131,295.6737,0,U,29736,999,88647,.19647E-2,.87E-5,0
FENGYUN 1C DEB,1999-025AB,2026-05-28T07:28:33.840192,12.66122721,.0696411,99.5817,81.0389,137.5071,21.8142,0,U,29737,999,88976,.37669E-2,.1824E-4,0
FENGYUN 1C DEB,1999-025AC,2026-05-28T20:13:25.436928,12.62065412,.0849806,99.4125,290.5849,291.0769,60.1542,0,U,29738,999,88324,.50474E-2,.3692E-4,0
FENGYUN 1C DEB,1999-025AE,2026-05-28T23:43:00.001344,12.08603394,.0975562,99.0486,317.9436,224.4788,127.3832,0,U,29740,999,84955,.2935E-2,.111E-4,0
FENGYUN 1C DEB,1999-025AF,2026-05-29T01:13:13.972224,12.01536565,.1027086,99.1800,340.9635,95.3576,47.8321,0,U,29741,999,54192,.2858E-2,.1123E-4,0
FENGYUN 1C DEB,1999-025AN,2026-05-28T15:37:58.478592,11.92777446,.0815562,99.9127,41.5319,59.1252,308.7436,0,U,29748,999,80720,.11287E+0,.21455E-3,0
FENGYUN 1C DEB,1999-025AQ,2026-05-29T01:15:37.017792,14.09795502,.0036001,98.7337,178.4302,185.3379,202.5904,0,U,29750,999,99431,.19284E-3,.298E-5,0
FENGYUN 1C DEB,1999-025AR,2026-05-29T01:42:10.306368,14.23765417,.0089177,98.5214,176.9855,12.9737,10.5423,0,U,29751,999,453,.16592E-3,.353E-5,0
FENGYUN 1C DEB,1999-025AU,2026-05-29T03:16:18.155136,14.19755216,.003708,98.8887,257.3801,121.5823,359.3798,0,U,29754,999,99729,.87494E-3,.182E-4,0
FENGYUN 1C DEB,1999-025AY,2026-05-29T00:45:18.770400,14.43650467,.0022709,98.8617,276.1192,172.6142,240.9432,0,U,29758,999,84,.28646E-2,.9717E-4,0
FENGYUN 1C DEB,1999-025BA,2026-05-28T22:26:16.518624,14.08411219,.0131688,98.7640,151.4079,62.3460,299.1005,0,U,29760,999,99446,.27148E-3,.462E-5,0
FENGYUN 1C DEB,1999-025BC,2026-05-28T21:12:54.206208,14.22839511,.0203018,98.5964,132.6476,209.2670,212.5817,0,U,29762,999,320,.15674E-3,.388E-5,0
FENGYUN 1C DEB,1999-025BD,2026-05-29T04:04:35.279328,14.08015764,.0128514,98.7798,128.8918,68.9773,351.4134,0,U,29763,999,99406,.30683E-3,.521E-5,0
FENGYUN 1C DEB,1999-025BF,2026-05-29T00:29:13.359264,14.02189810,.0058461,98.8162,166.8863,347.8135,39.7985,0,U,29765,999,99095,-.40332E-4,-.105E-5,0
FENGYUN 1C DEB,1999-025BG,2026-05-28T20:33:09.784800,13.97642979,.014449,98.6975,94.5518,182.9049,245.7479,0,U,29766,999,98138,.99438E-3,.1492E-4,0
FENGYUN 1C DEB,1999-025BH,2026-05-28T19:57:58.787424,14.05014600,.0325052,98.2111,106.7960,304.9265,81.0426,0,U,29767,999,97945,.17496E-2,.4487E-4,0
FENGYUN 1C DEB,1999-025BK,2026-05-28T02:19:05.780352,14.14347668,.00917053,99.0908,213.3375,22.6577,337.8604,0,U,29769,999,99032,.10418285E-2,.2028E-4,0
FENGYUN 1C DEB,1999-025BL,2026-05-29T04:33:19.894176,14.21142741,.0064557,98.8352,229.7642,151.7468,238.7197,0,U,29770,999,99464,.17331E-2,.3805E-4,0
FENGYUN 1C DEB,1999-025BN,2026-05-27T13:13:19.184736,14.03785942,.01362656,98.3796,348.9534,179.8651,239.8704,0,U,29772,999,98581,.79475284E-3,.132E-4,0
FENGYUN 1C DEB,1999-025BP,2026-05-28T22:48:25.721280,14.27911903,.0047809,99.0090,312.5142,165.7738,347.2460,0,U,29773,999,582,.27491E-3,.642E-5,0
FENGYUN 1C DEB,1999-025BQ,2026-05-28T19:36:06.005952,14.22887815,.0050556,99.0961,99.3706,7.1673,54.8566,0,U,29774,999,452,.17913E-3,.36E-5,0
FENGYUN 1C DEB,1999-025BS,2026-05-29T01:08:41.387136,14.07869138,.002433,98.7515,175.8661,156.6638,231.0036,0,U,29776,999,99434,.69291E-4,.75E-6,0
FENGYUN 1C DEB,1999-025BT,2026-05-29T03:00:01.968192,13.92167039,.0093989,99.2558,210.9648,117.4230,273.3219,0,U,29777,999,98370,.13035E-3,.129E-5,0
FENGYUN 1C DEB,1999-025BV,2026-05-29T00:05:24.824256,14.13604822,.0064105,98.6708,160.2412,48.7517,311.9154,0,U,29779,999,99775,.23809E-3,.416E-5,0
FENGYUN 1C DEB,1999-025BW,2026-05-28T15:33:26.525952,14.22240342,.0043565,99.2821,83.1104,19.6703,340.6141,0,U,29780,999,99450,.17782E-2,.3939E-4,0
FENGYUN 1C DEB,1999-025BX,2026-05-28T11:44:16.829088,14.05592303,.0073491,98.8186,143.0716,66.5588,97.3816,0,U,29781,999,98985,.48247E-3,.762E-5,0
FENGYUN 1C DEB,1999-025BY,2026-05-29T03:49:04.408320,14.12390147,.0055858,99.0847,210.0824,94.4948,290.8081,0,U,29782,999,99034,.13576E-2,.2495E-4,0
FENGYUN 1C DEB,1999-025CA,2026-05-28T13:47:13.013088,14.31015029,.0059368,98.9514,77.2307,169.6373,9.1050,0,U,29784,999,742,.37256E-3,.953E-5,0
FENGYUN 1C DEB,1999-025CC,2026-05-28T23:48:58.685760,14.09189282,.0077637,98.7239,166.0733,188.6748,201.4331,0,U,29786,999,99516,.19666E-3,.309E-5,0
FENGYUN 1C DEB,1999-025CE,2026-05-29T04:47:40.242048,14.27176793,.0041942,98.7708,226.2570,65.9126,319.7221,0,U,29788,999,99743,.15221E-2,.3708E-4,0
FENGYUN 1C DEB,1999-025CF,2026-05-28T11:27:09.654048,13.54712031,.0296225,99.4600,329.3414,217.4247,170.8445,0,U,29789,999,95245,.16756E-2,.1477E-4,0
FENGYUN 1C DEB,1999-025CG,2026-05-28T22:49:26.698080,14.32573623,.0077211,99.1502,157.1883,52.6380,308.1802,0,U,29790,999,920,.32846E-3,.873E-5,0
FENGYUN 1C DEB,1999-025CH,2026-05-29T00:22:19.499808,14.60622229,.0036839,99.0300,169.3531,272.3277,117.6640,0,U,29791,999,1286,.13299E-2,.6479E-4,0
FENGYUN 1C DEB,1999-025CJ,2026-05-28T16:32:37.425120,14.15892653,.0046368,98.7390,201.1635,276.6226,82.9671,0,U,29792,999,99301,.85775E-3,.1662E-4,0
FENGYUN 1C DEB,1999-025CK,2026-05-27T23:28:33.167424,14.01720234,.01415056,98.3688,317.9396,228.8196,264.4613,0,U,29793,999,98477,.99121422E-3,.1602E-4,0
FENGYUN 1C DEB,1999-025CL,2026-05-28T22:00:57.127104,14.09448541,.0154463,98.2204,297.8915,280.0790,233.3705,0,U,29794,999,99202,.52296E-3,.98E-5,0
FENGYUN 1C DEB,1999-025CM,2026-05-28T20:09:00.733248,13.92988102,.0112046,98.8927,276.4641,177.6443,334.6017,0,U,29795,999,98391,.95276E-4,.88E-6,0
FENGYUN 1C DEB,1999-025CN,2026-05-29T02:56:40.220736,14.12753939,.0053502,98.8438,204.0438,152.9749,238.5464,0,U,29796,999,99424,.74198E-3,.1353E-4,0
FENGYUN 1C DEB,1999-025CQ,2026-05-28T03:10:58.515744,14.00233725,.01082764,99.2847,219.5861,178.1030,241.8393,0,U,29798,999,98253,.1554963E-2,.2371E-4,0
FENGYUN 1C DEB,1999-025CS,2026-05-28T12:11:34.891872,13.99534576,.0133815,98.2801,159.2851,117.5013,33.6639,0,U,29800,999,97908,.1536E-2,.2384E-4,0
FENGYUN 1C DEB,1999-025CT,2026-05-28T16:21:34.152192,14.36066201,.0104357,98.7866,58.0161,134.2523,294.2559,0,U,29801,999,1336,.1423E-3,.393E-5,0
FENGYUN 1C DEB,1999-025CU,2026-05-28T06:55:36.359328,14.67464481,.0035509,98.6256,270.4148,180.0151,210.3654,0,U,29802,999,910,.32302E-2,.18455E-3,0
FENGYUN 1C DEB,1999-025CW,2026-05-28T22:49:42.563712,14.04368223,.0097861,98.8018,157.1018,192.7261,196.7483,0,U,29804,999,99241,.26697E-3,.401E-5,0
FENGYUN 1C DEB,1999-025CX,2026-05-29T02:53:14.993088,13.72712826,.0189012,99.4268,203.0340,153.8453,207.2393,0,U,29805,999,96999,.16778E-3,.132E-5,0
FENGYUN 1C DEB,1999-025CY,2026-05-29T00:27:37.928736,14.12324542,.0029741,98.7021,165.0555,134.9418,280.1607,0,U,29806,999,99500,.43364E-3,.759E-5,0
FENGYUN 1C DEB,1999-025CZ,2026-05-28T23:29:04.973856,14.08804066,.0079033,98.7545,153.8185,218.2012,141.3541,0,U,29807,999,99449,.13525E-3,.197E-5,0
FENGYUN 1C DEB,1999-025DB,2026-05-28T21:03:03.523104,14.46960094,.0114848,98.8816,125.3395,208.2419,213.9762,0,U,29809,999,1884,.15873E-3,.572E-5,0
FENGYUN 1C DEB,1999-025DC,2026-05-29T02:16:53.233248,14.29367069,.0065343,99.1809,200.0406,255.3689,133.7659,0,U,29810,999,765,.26311E-3,.637E-5,0
FENGYUN 1C DEB,1999-025DE,2026-05-27T11:39:06.052608,14.02613412,.01419331,98.3557,327.6552,218.7083,199.3605,0,U,29812,999,98495,.92842366E-3,.1525E-4,0
FENGYUN 1C DEB,1999-025DF,2026-05-28T08:14:26.422368,14.09499773,.0013648,98.7133,167.9832,112.1832,264.3558,0,U,29813,999,99607,.14384E-3,.209E-5,0
FENGYUN 1C DEB,1999-025DH,2026-05-28T23:43:56.426592,14.65191472,.0178168,98.0499,159.0367,328.1994,30.8547,0,U,29815,999,2299,.67301E-3,.4521E-4,0
FENGYUN 1C DEB,1999-025DJ,2026-05-29T04:59:49.762176,14.45926260,.0234441,98.9757,24.0592,38.3909,79.7338,0,U,29816,999,605,.15685E-2,.7799E-4,0
FENGYUN 1C DEB,1999-025DK,2026-05-28T23:04:46.501248,14.14481966,.0010578,98.5711,136.3360,250.9985,169.6882,0,U,29817,999,99759,.32923E-3,.589E-5,0
FENGYUN 1C DEB,1999-025DL,2026-05-29T03:07:57.124128,14.04622687,.0113329,98.7000,24.7546,275.5092,238.1431,0,U,29818,999,99159,.13518E-3,.186E-5,0
FENGYUN 1C DEB,1999-025DM,2026-05-28T22:18:41.982048,14.02394928,.0189848,98.7502,131.0160,319.7194,92.9729,0,U,29819,999,98963,.27644E-3,.454E-5,0
FENGYUN 1C DEB,1999-025DN,2026-05-29T00:25:41.539296,14.02870914,.0073503,98.8303,156.0719,130.7606,253.0110,0,U,29820,999,98905,.65893E-3,.1003E-4,0
FENGYUN 1C DEB,1999-025DP,2026-05-28T16:46:02.253216,14.11889355,.0372072,98.8477,207.0139,7.5059,109.2948,0,U,29821,999,98866,.66657E-3,.2296E-4,0
FENGYUN 1C DEB,1999-025DV,2026-05-28T22:59:07.941120,14.21933847,.0025078,98.6134,141.1301,192.7938,222.3587,0,U,29827,999,229,.27765E-3,.572E-5,0
FENGYUN 1C DEB,1999-025DW,2026-05-29T02:41:48.664320,14.08616794,.0061755,98.7509,194.7851,45.7447,340.1467,0,U,29828,999,99093,.81578E-3,.1385E-4,0
FENGYUN 1C DEB,1999-025EA,2026-05-28T21:44:53.939040,14.56917795,.0193181,98.8353,275.2180,133.0410,228.7149,0,U,29832,999,2689,.22901E-3,.1264E-4,0
FENGYUN 1C DEB,1999-025EB,2026-05-28T13:35:05.399808,14.95222738,.0084664,99.0797,161.5586,82.7264,278.3567,0,U,29833,999,3061,.13485E-2,.15882E-3,0
FENGYUN 1C DEB,1999-025ED,2026-05-28T21:47:44.053728,14.43511549,.0165888,99.0499,292.5266,261.1033,222.0219,0,U,29835,999,1904,.84572E-4,.278E-5,0
FENGYUN 1C DEB,1999-025EE,2026-05-29T05:17:14.242272,14.54906147,.0153646,98.1858,246.6602,45.0481,345.8442,0,U,29836,999,65990,.34907E-3,.1706E-4,0
FENGYUN 1C DEB,1999-025EK,2026-05-28T20:58:34.691232,14.47031668,.0198925,98.8405,108.2101,191.4766,225.0838,0,U,29841,999,1737,.17511E-3,.757E-5,0
FENGYUN 1C DEB,1999-025EL,2026-05-28T12:10:37.053984,14.62206826,.0104458,98.5635,246.8834,10.4448,50.5322,0,U,29842,999,1783,.84915E-3,.457E-4,0
FENGYUN 1C DEB,1999-025EM,2026-05-29T00:40:31.180224,14.28849298,.0191905,99.0270,358.4182,165.7373,352.0186,0,U,29843,999,660,.17029E-3,.472E-5,0
FENGYUN 1C DEB,1999-025EN,2026-05-28T05:27:13.694976,14.32502922,.0168248,98.9298,59.6174,41.3163,320.0608,0,U,29844,999,725,.57569E-3,.1775E-4,0
FENGYUN 1C DEB,1999-025EP,2026-05-28T23:29:00.164832,14.26864566,.0076934,98.5250,150.0190,3.4343,50.6461,0,U,29845,999,493,.41191E-3,.988E-5,0
FENGYUN 1C DEB,1999-025EQ,2026-05-29T01:58:06.166848,14.19193380,.0084806,98.6285,191.7943,180.7070,207.9026,0,U,29846,999,231,.14159E-3,.265E-5,0
FENGYUN 1C DEB,1999-025ER,2026-05-28T22:51:02.265120,14.03120617,.0083464,98.9099,146.3371,293.1342,94.9803,0,U,29847,999,99080,.74406E-4,.75E-6,0
FENGYUN 1C DEB,1999-025ES,2026-05-29T02:03:26.599392,14.21430615,.0115545,98.2366,9.6193,164.2797,350.5373,0,U,29848,999,99494,.11475E-2,.2645E-4,0
FENGYUN 1C DEB,1999-025ET,2026-05-29T04:39:55.371168,14.05470180,.0078736,99.0025,237.3947,296.9784,91.8940,0,U,29849,999,98722,.93063E-3,.1509E-4,0
FENGYUN 1C DEB,1999-025EU,2026-05-28T06:20:42.063936,14.00455821,.0104186,98.1207,61.4273,174.6928,349.5770,0,U,29850,999,98350,.78277E-3,.118E-4,0
FENGYUN 1C DEB,1999-025EV,2026-05-29T01:43:42.490848,13.83732769,.0143008,99.5571,197.9803,145.6607,245.6368,0,U,29851,999,97681,.3101E-3,.326E-5,0
FENGYUN 1C DEB,1999-025EW,2026-05-29T00:38:21.378048,14.08160499,.0134827,99.3612,170.0281,48.0588,340.9121,0,U,29852,999,98338,.20166E-2,.3693E-4,0
FENGYUN 1C DEB,1999-025EX,2026-05-28T06:02:58.874784,13.94337334,.0160761,98.4681,260.9844,119.9473,241.7762,0,U,29853,999,97989,.11755E-2,.1703E-4,0
FENGYUN 1C DEB,1999-025EY,2026-05-28T22:28:17.874336,13.83487846,.0145392,98.9501,306.8362,320.5816,193.4545,0,U,29854,999,97655,.28556E-3,.299E-5,0
FENGYUN 1C DEB,1999-025EZ,2026-05-28T18:37:56.740224,14.02836488,.0177144,98.1862,78.6278,292.1330,122.4197,0,U,29855,999,98053,.15452E-2,.2708E-4,0
FENGYUN 1C DEB,1999-025FA,2026-05-29T05:26:38.549184,14.53891209,.0245115,98.6869,253.8846,149.1562,271.0078,0,U,29856,999,98804,.43893E-2,.27609E-3,0
FENGYUN 1C DEB,1999-025FB,2026-05-28T12:02:53.143008,13.82483481,.0190917,98.4258,143.3099,198.5620,160.8507,0,U,29857,999,97079,.12402E-2,.1507E-4,0
FENGYUN 1C DEB,1999-025FC,2026-05-28T05:30:27.854784,13.78274845,.01944794,99.2134,250.0345,343.7153,46.6267,0,U,29858,999,96847,.10221495E-2,.1143E-4,0
FENGYUN 1C DEB,1999-025FD,2026-05-28T23:16:33.102912,13.74804755,.0295298,98.3421,327.8272,120.6551,242.4066,0,U,29859,999,96277,.22932E-2,.2963E-4,0
FENGYUN 1C DEB,1999-025FE,2026-05-29T00:32:59.507808,13.78402345,.0217112,98.5988,172.5605,252.0898,134.9105,0,U,29860,999,96443,.2277E-2,.2703E-4,0
FENGYUN 1C DEB,1999-025FK,2026-05-28T19:23:17.661120,14.85096475,.0110335,98.9245,84.1573,332.5111,86.7909,0,U,29865,999,3236,.91782E-3,.8686E-4,0
FENGYUN 1C DEB,1999-025FL,2026-05-28T22:17:40.518816,14.65055068,.019404,98.0510,136.0670,47.6510,343.2143,0,U,29866,999,2774,.57392E-3,.401E-4,0
FENGYUN 1C DEB,1999-025FN,2026-05-29T02:02:43.269792,14.80707299,.0190373,97.9229,197.9225,180.5136,210.8974,0,U,29868,999,2770,.85144E-3,.8896E-4,0
FENGYUN 1C DEB,1999-025FP,2026-05-28T19:32:48.428160,14.37260536,.0085479,98.8872,89.4358,237.6351,177.5032,0,U,29869,999,1215,.24894E-3,.725E-5,0
FENGYUN 1C DEB,1999-025FQ,2026-05-28T20:17:10.827744,14.29046491,.0121145,98.4831,120.1054,61.1612,1.4861,0,U,29870,999,978,.74762E-4,.162E-5,0
FENGYUN 1C DEB,1999-025FR,2026-05-29T03:29:53.054016,14.43731695,.0056573,98.9897,116.3260,333.1342,89.3134,0,U,29871,999,1116,.90511E-3,.3087E-4,0
FENGYUN 1C DEB,1999-025FS,2026-05-28T23:58:23.547360,14.39703206,.0234333,98.3346,165.6589,169.9102,190.6913,0,U,29872,999,997,.39152E-3,.1642E-4,0
FENGYUN 1C DEB,1999-025FT,2026-05-29T01:29:42.769248,13.98318758,.0093615,99.4254,18.8427,103.4010,60.7879,0,U,29873,999,98653,.5141E-4,.3E-6,0
FENGYUN 1C DEB,1999-025FU,2026-05-28T16:51:50.230080,14.31058266,.0096747,98.3739,44.3995,215.9857,201.8789,0,U,29874,999,99234,.1706E-2,.469E-4,0
FENGYUN 1C DEB,1999-025FV,2026-05-28T10:10:16.973184,14.24916713,.0081027,98.3763,197.5501,294.7049,80.7448,0,U,29875,999,689,.36902E-4,.47E-6,0
FENGYUN 1C DEB,1999-025FW,2026-05-28T01:42:58.408704,14.20404862,.00600201,98.3053,193.8436,250.9582,176.8296,0,U,29876,999,277,.12685011E-3,.236E-5,0
FENGYUN 1C DEB,1999-025FX,2026-05-28T23:01:24.924000,14.25168124,.004783,98.5361,154.7514,91.1308,327.4900,0,U,29877,999,350,.45727E-3,.1044E-4,0
FENGYUN 1C DEB,1999-025GA,2026-05-28T17:07:53.982336,13.94569596,.0231341,98.1920,53.6621,354.2203,58.3640,0,U,29880,999,97889,.11563E-2,.1892E-4,0
FENGYUN 1C DEB,1999-025GB,2026-05-28T20:29:05.773056,13.60217705,.0291925,98.7309,108.1848,357.0138,29.6523,0,U,29881,999,95506,.21103E-2,.2056E-4,0
FENGYUN 1C DEB,1999-025GE,2026-05-29T03:42:51.440256,14.40992547,.0043103,99.5834,207.7531,13.5919,9.9200,0,U,29884,999,960,.62669E-3,.1983E-4,0
FENGYUN 1C DEB,1999-025GF,2026-05-29T01:36:26.157024,14.13690121,.0119056,98.3681,78.3287,43.3523,22.8317,0,U,29885,999,99821,.16452E-3,.293E-5,0
FENGYUN 1C DEB,1999-025GH,2026-05-29T05:00:57.066912,14.34758839,.0283244,98.7060,237.3709,224.0605,191.6876,0,U,29887,999,374,.71107E-3,.3117E-4,0
FENGYUN 1C DEB,1999-025GJ,2026-05-29T00:24:46.957824,14.20382761,.0271845,99.1855,353.4298,269.5156,87.4868,0,U,29888,999,99878,.34267E-3,.1007E-4,0
FENGYUN 1C DEB,1999-025GK,2026-05-29T05:26:56.082336,14.13767630,.0152613,99.4964,281.7454,292.4879,186.8978,0,U,29889,999,99685,.23321E-3,.442E-5,0
FENGYUN 1C DEB,1999-025GL,2026-05-28T20:07:52.701024,14.24011747,.0013708,99.4830,288.0835,328.5989,31.4368,0,U,29890,999,99828,.96337E-3,.2164E-4,0
FENGYUN 1C DEB,1999-025GM,2026-05-28T12:48:12.417120,14.00196929,.0059923,98.7353,148.1341,158.4099,322.4777,0,U,29891,999,98822,.42552E-3,.597E-5,0
FENGYUN 1C DEB,1999-025GN,2026-05-29T00:13:16.887072,14.35874043,.0182958,99.1885,312.0335,171.6933,318.7393,0,U,29892,999,99047,.40547E-2,.14195E-3,0
FENGYUN 1C DEB,1999-025GP,2026-05-29T05:28:16.609728,13.79537062,.017382,98.5449,234.1526,60.5980,325.0195,0,U,29893,999,97449,.14143E-3,.126E-5,0
FENGYUN 1C DEB,1999-025GQ,2026-05-29T02:24:31.453056,13.81178798,.0166869,99.4632,208.9850,323.4884,64.6358,0,U,29894,999,97387,.42816E-3,.458E-5,0
FENGYUN 1C DEB,1999-025GR,2026-05-28T07:47:38.902848,14.10500802,.0295729,99.8946,278.2378,248.6828,137.5488,0,U,29895,999,97871,.19696E-2,.5223E-4,0
FENGYUN 1C DEB,1999-025GS,2026-05-28T15:23:07.391328,13.65550241,.024055,99.4082,40.6552,32.4441,27.6746,0,U,29896,999,96320,.55245E-3,.507E-5,0
FENGYUN 1C DEB,1999-025GT,2026-05-29T01:31:05.054016,13.57820981,.0299432,98.6180,358.1572,62.9231,87.6299,0,U,29897,999,95210,.18735E-2,.1773E-4,0
FENGYUN 1C DEB,1999-025GU,2026-05-28T21:52:47.101728,13.71806361,.0425379,98.2328,122.9519,97.5958,321.1156,0,U,29898,999,95452,.30821E-2,.5302E-4,0
FENGYUN 1C DEB,1999-025GV,2026-05-27T07:50:00.399264,13.37549836,.03529209,98.6885,283.7937,22.8219,338.8172,0,U,29899,999,94298,.78373294E-4,.24E-6,0
FENGYUN 1C DEB,1999-025GX,2026-05-28T21:25:23.608704,13.33360913,.0377916,98.7676,300.7903,228.7830,289.6327,0,U,29901,999,94146,.52885E-3,.351E-5,0
FENGYUN 1C DEB,1999-025HA,2026-05-29T02:09:13.903200,14.45051165,.0206963,99.0164,202.5080,180.4959,179.6057,0,U,29904,999,1474,.38925E-3,.171E-4,0
FENGYUN 1C DEB,1999-025HC,2026-05-28T18:47:34.101312,14.52568428,.003266,98.7093,262.9605,5.0247,355.1269,0,U,29906,999,578,.22929E-2,.9402E-4,0
FENGYUN 1C DEB,1999-025HD,2026-05-29T04:55:14.323296,14.12504837,.0085082,99.0979,223.4454,139.6220,284.4091,0,U,29907,999,98962,.17003E-2,.3207E-4,0
FENGYUN 1C DEB,1999-025HF,2026-05-28T19:37:36.826176,14.58463518,.0037367,98.6374,263.6484,219.7116,270.0355,0,U,29909,999,839,.24399E-2,.11397E-3,0
FENGYUN 1C DEB,1999-025HH,2026-05-29T01:30:56.445120,14.19337061,.0026475,98.6950,194.2244,34.9161,354.9243,0,U,29911,999,99804,.69306E-3,.1417E-4,0
FENGYUN 1C DEB,1999-025HJ,2026-05-29T05:15:59.356800,14.45155768,.0041947,98.7388,256.1700,83.3470,302.4684,0,U,29912,999,455,.22312E-2,.7856E-4,0
FENGYUN 1C DEB,1999-025HK,2026-05-28T22:33:11.542752,14.07566487,.006317,98.7924,148.3161,159.4424,230.9690,0,U,29913,999,99317,.36355E-3,.582E-5,0
FENGYUN 1C DEB,1999-025HL,2026-05-29T01:38:06.876096,14.03208726,.0035572,98.8237,177.7784,10.7093,16.6651,0,U,29914,999,99133,.13507E-3,.169E-5,0
FENGYUN 1C DEB,1999-025HN,2026-05-28T23:50:58.278912,13.57195051,.0271143,99.1828,162.4395,190.3530,198.3717,0,U,29916,999,95721,.70213E-3,.595E-5,0
FENGYUN 1C DEB,1999-025HP,2026-05-29T02:23:15.846144,13.70837813,.0226198,98.8642,3.0400,42.5022,110.1874,0,U,29917,999,96423,.91817E-3,.941E-5,0
FENGYUN 1C DEB,1999-025HQ,2026-05-29T05:13:13.232928,14.34946177,.0014888,98.8460,240.5873,180.1065,209.4656,0,U,29918,999,195,.15696E-2,.4427E-4,0
FENGYUN 1C DEB,1999-025HR,2026-05-28T21:43:13.670112,13.85209320,.013657,98.5057,292.6523,245.6954,243.2733,0,U,29919,999,97849,.1936E-3,.197E-5,0
FENGYUN 1C DEB,1999-025HS,2026-05-29T00:31:57.292032,14.04184673,.0124732,98.3794,355.7574,165.9286,194.5410,0,U,29920,999,98635,.91964E-3,.1525E-4,0
FENGYUN 1C DEB,1999-025HT,2026-05-29T00:23:11.668128,14.06854389,.0044453,98.7849,155.3756,320.2945,101.1488,0,U,29921,999,99228,.38528E-3,.604E-5,0
FENGYUN 1C DEB,1999-025HU,2026-05-29T03:47:47.044032,13.98670909,.0091719,99.1079,210.7353,266.4639,92.6031,0,U,29922,999,98781,.28064E-3,.373E-5,0
FENGYUN 1C DEB,1999-025HV,2026-05-28T23:56:00.778272,14.14212423,.0018655,98.6843,157.6489,57.7973,329.8390,0,U,29923,999,99639,.48294E-3,.88E-5,0
FENGYUN 1C DEB,1999-025HW,2026-05-28T12:02:46.072032,14.08937299,.002758,98.7263,161.2717,144.6582,8.8518,0,U,29924,999,99556,.13212E-3,.187E-5,0
FENGYUN 1C DEB,1999-025HY,2026-05-28T21:59:05.276256,14.33772036,.0248392,98.2976,136.0600,160.8152,230.1896,0,U,29926,999,975,.18709E-3,.686E-5,0
FENGYUN 1C DEB,1999-025HZ,2026-05-29T01:50:42.603072,14.81021091,.0016469,99.0684,199.0557,58.1134,332.0709,0,U,29927,999,1118,.35939E-2,.27962E-3,0
FENGYUN 1C DEB,1999-025JA,2026-05-29T01:28:57.112896,13.88347805,.0142385,99.5647,182.7035,18.3838,9.9884,0,U,29928,999,97813,.4335E-3,.516E-5,0
FENGYUN 1C DEB,1999-025JB,2026-05-29T05:10:03.760320,14.02137496,.0133391,98.6296,64.4740,67.8092,87.0238,0,U,29929,999,98302,.17851E-2,.2911E-4,0
FENGYUN 1C DEB,1999-025JC,2026-05-29T03:59:56.692032,14.21022163,.0162397,99.0257,40.2331,295.0990,219.4916,0,U,29930,999,267,.1917E-3,.426E-5,0
FENGYUN 1C DEB,1999-025JD,2026-05-29T00:51:26.860320,14.03988231,.003124,98.8355,184.9412,348.0360,78.2502,0,U,29931,999,99160,.31809E-3,.462E-5,0
FENGYUN 1C DEB,1999-025JE,2026-05-28T11:56:59.023968,14.16971855,.0036307,98.6283,159.2886,312.2051,201.2922,0,U,29932,999,99945,.26492E-3,.493E-5,0
FENGYUN 1C DEB,1999-025JF,2026-05-29T01:07:36.943104,14.72393305,.000808,98.7500,269.0404,168.3858,246.4749,0,U,29933,999,961,.36841E-2,.23365E-3,0
FENGYUN 1C DEB,1999-025JG,2026-05-29T02:45:04.071744,14.65270196,.0100844,98.8797,214.3616,97.4538,263.8134,0,U,29934,999,2219,.89395E-3,.5137E-4,0
FENGYUN 1C DEB,1999-025JH,2026-05-29T02:35:42.520992,14.14315101,.0151826,98.4335,207.3110,95.0501,296.5484,0,U,29935,999,99908,.10513E-3,.185E-5,0
FENGYUN 1C DEB,1999-025JJ,2026-05-28T20:43:10.295904,14.35482003,.0114551,98.6705,267.9073,53.4240,307.7421,0,U,29936,999,1329,.12367E-3,.336E-5,0
FENGYUN 1C DEB,1999-025JK,2026-05-28T23:34:26.069088,14.04395006,.0030863,98.7879,169.7630,271.4772,149.5245,0,U,29937,999,99283,.90207E-4,.101E-5,0
FENGYUN 1C DEB,1999-025JL,2026-05-28T23:32:53.450016,14.07550055,.0033112,98.8145,139.8521,197.0243,227.0656,0,U,29938,999,99409,.22572E-3,.339E-5,0
FENGYUN 1C DEB,1999-025JM,2026-05-29T00:08:06.589248,14.12123514,.0066735,98.7141,148.9169,24.5299,37.5852,0,U,29939,999,99821,.72095E-4,.92E-6,0
FENGYUN 1C DEB,1999-025JN,2026-05-28T23:53:21.810912,14.19240525,.0072899,98.6163,159.1307,338.8177,50.1522,0,U,29940,999,99860,.57308E-3,.119E-4,0
FENGYUN 1C DEB,1999-025JQ,2026-05-29T02:52:52.219776,14.30993686,.0050578,98.6166,218.6455,143.8426,216.6194,0,U,29942,999,261,.65222E-3,.1696E-4,0
FENGYUN 1C DEB,1999-025JR,2026-05-29T00:08:47.292288,14.09704803,.0036691,98.7237,156.6761,113.9487,271.9663,0,U,29943,999,99663,.51625E-4,.49E-6,0
FENGYUN 1C DEB,1999-025JS,2026-05-28T19:37:58.478880,14.91127055,.0159224,99.0214,111.0684,58.9890,302.6853,0,U,29944,999,2941,.12454E-2,.15704E-3,0
FENGYUN 1C DEB,1999-025JT,2026-05-29T00:34:10.168320,14.05637850,.0029785,98.7746,172.5421,250.1802,138.7956,0,U,29945,999,99328,.27444E-4,.2E-7,0
FENGYUN 1C DEB,1999-025JU,2026-05-28T12:02:25.761984,14.08400089,.0079348,98.7902,141.4252,232.0151,252.1475,0,U,29946,999,99394,.26848E-3,.43E-5,0
FENGYUN 1C DEB,1999-025JV,2026-05-29T00:57:46.245312,14.03173563,.0039942,98.8145,179.5819,15.4984,47.1999,0,U,29947,999,99096,.18045E-3,.24E-5,0
FENGYUN 1C DEB,1999-025JW,2026-05-28T21:51:05.356224,14.06274682,.0085399,98.8393,136.0489,124.4168,297.9060,0,U,29948,999,99326,.26028E-3,.401E-5,0
FENGYUN 1C DEB,1999-025JX,2026-05-28T23:48:35.591040,14.06855389,.0023901,98.7518,164.4081,190.6504,240.6956,0,U,29949,999,99459,.14091E-3,.193E-5,0
FENGYUN 1C DEB,1999-025JY,2026-05-29T00:44:07.790208,14.10407860,.0034153,98.7186,180.2758,127.7788,298.3143,0,U,29950,999,99649,.15874E-3,.241E-5,0
FENGYUN 1C DEB,1999-025KB,2026-05-28T21:24:42.198048,13.90998532,.010632,98.9524,134.7019,169.8629,220.3838,0,U,29953,999,98186,.27974E-3,.325E-5,0
FENGYUN 1C DEB,1999-025KC,2026-05-29T04:08:16.090080,14.34984324,.0074953,100.1315,221.1143,157.3736,203.0777,0,U,29954,999,585,.10243E-2,.2954E-4,0
FENGYUN 1C DEB,1999-025KD,2026-05-29T04:58:20.305344,14.39709659,.0009174,99.2672,248.2553,129.7035,260.1301,0,U,29955,999,467,.16492E-2,.5119E-4,0
FENGYUN 1C DEB,1999-025KE,2026-05-29T01:12:55.669248,14.06210393,.005227,98.7704,177.9007,266.2318,122.6044,0,U,29956,999,99401,-.44604E-4,-.117E-5,0
FENGYUN 1C DEB,1999-025KF,2026-05-28T21:18:19.954080,14.57097857,.0032077,98.9211,291.8339,33.7747,92.2736,0,U,29957,999,99921,.42252E-2,.19168E-3,0
FENGYUN 1C DEB,1999-025KG,2026-05-28T23:34:37.277760,14.14629192,.0053965,98.6592,163.4327,212.8608,146.9206,0,U,29958,999,99815,.163E-3,.275E-5,0
FENGYUN 1C DEB,1999-025KH,2026-05-29T01:49:23.439072,14.06113842,.0041571,98.7861,179.9890,215.9447,168.2622,0,U,29959,999,99292,.23772E-3,.351E-5,0
FENGYUN 1C DEB,1999-025KJ,2026-05-28T16:47:55.208256,14.16696635,.0091643,98.6299,134.1371,165.5932,9.9961,0,U,29960,999,99818,.34162E-3,.669E-5,0
FENGYUN 1C DEB,1999-025KK,2026-05-29T04:15:18.205056,14.26358233,.0074486,98.9319,45.0423,179.4304,180.6973,0,U,29961,999,696,.13844E-3,.296E-5,0
FENGYUN 1C DEB,1999-025KL,2026-05-29T00:08:23.856288,14.07268450,.0111439,98.7649,157.2268,110.2767,306.3698,0,U,29962,999,99350,.89149E-4,.117E-5,0
FENGYUN 1C DEB,1999-025KM,2026-05-29T03:43:25.690080,14.29962580,.0050248,98.9845,43.5211,173.8676,344.6476,0,U,29963,999,532,.5557E-3,.1405E-4,0
FENGYUN 1C DEB,1999-025KN,2026-05-28T23:35:31.327008,14.03220242,.0131353,98.3656,343.1692,155.3752,205.3764,0,U,29964,999,98662,.96214E-3,.158E-4,0
FENGYUN 1C DEB,1999-025KP,2026-05-28T23:04:50.924064,13.95868514,.0144462,98.9710,144.2330,328.8190,49.7482,0,U,29965,999,98609,.11959E-3,.134E-5,0
FENGYUN 1C DEB,1999-025KQ,2026-05-29T04:18:17.598240,14.26048362,.0038391,99.4762,14.8310,228.2806,131.5085,0,U,29966,999,429,.30756E-3,.689E-5,0
FENGYUN 1C DEB,1999-025KR,2026-05-29T05:04:45.148224,14.24708352,.0077048,98.8561,232.1692,169.0076,217.6071,0,U,29967,999,99606,.17221E-2,.4091E-4,0
FENGYUN 1C DEB,1999-025KS,2026-05-28T21:31:41.611296,14.07370135,.008881,98.8170,139.5203,243.5803,175.6217,0,U,29968,999,99400,.16666E-3,.247E-5,0
FENGYUN 1C DEB,1999-025KT,2026-05-29T04:17:12.424992,14.34801063,.004062,98.7644,240.7852,272.8385,115.4748,0,U,29969,999,43,.16277E-2,.4617E-4,0
FENGYUN 1C DEB,1999-025KU,2026-05-28T19:04:51.199392,14.44573838,.0091649,98.8210,88.1755,49.4138,4.3863,0,U,29970,999,1532,.57294E-3,.2036E-4,0
FENGYUN 1C DEB,1999-025KV,2026-05-29T01:58:02.697888,14.18729302,.0023332,98.6592,190.1012,50.7996,338.8069,0,U,29971,999,99712,.73006E-3,.1477E-4,0
FENGYUN 1C DEB,1999-025KW,2026-05-29T01:11:43.368000,14.68458529,.0061631,98.9071,180.8555,212.5538,177.0560,0,U,29972,999,1938,.98126E-3,.5791E-4,0
FENGYUN 1C DEB,1999-025KX,2026-05-28T23:45:45.781344,14.06931738,.0059743,98.8452,150.7934,41.3422,344.2315,0,U,29973,999,99070,.58441E-3,.947E-5,0
FENGYUN 1C DEB,1999-025KY,2026-05-29T05:13:03.085248,14.15568313,.0044677,98.8856,237.8035,326.0588,61.6280,0,U,29974,999,99294,.87763E-3,.1689E-4,0
FENGYUN 1C DEB,1999-025KZ,2026-05-29T03:00:46.171296,13.98098380,.0112353,99.3122,197.8882,276.9381,106.7132,0,U,29975,999,98776,.20026E-3,.253E-5,0
FENGYUN 1C DEB,1999-025LA,2026-05-29T05:23:25.330272,13.98303773,.0268657,98.9251,147.1664,136.2478,288.3780,0,U,29976,999,98677,.44982E-3,.833E-5,0
FENGYUN 1C DEB,1999-025LB,2026-05-25T12:40:22.789920,14.05653763,.01275669,98.3863,0.5389,150.6980,239.8001,0,U,29977,999,98661,.86606438E-3,.148E-4,0
FENGYUN 1C DEB,1999-025LC,2026-05-29T03:05:02.705856,13.95960668,.0075138,99.0327,201.6087,313.5232,71.3249,0,U,29978,999,98652,.66362E-4,.49E-6,0
FENGYUN 1C DEB,1999-025LD,2026-05-29T00:29:33.106848,14.26335353,.0107353,98.3546,169.7373,32.3360,357.3069,0,U,29979,999,458,.44977E-3,.1107E-4,0
FENGYUN 1C DEB,1999-025LE,2026-05-28T23:39:03.533184,14.06422471,.0088571,98.5710,314.1584,134.3866,346.5115,0,U,29980,999,99343,.33411E-3,.532E-5,0
FENGYUN 1C DEB,1999-025LG,2026-05-29T00:44:34.186272,14.68115123,.0120588,99.3974,359.9205,137.9775,19.5693,0,U,29982,999,2737,.69754E-3,.4408E-4,0
FENGYUN 1C DEB,1999-025LK,2026-05-29T00:08:00.593952,14.10357053,.0029771,98.7007,163.7882,96.4055,293.2380,0,U,29985,999,99706,.16566E-4,-.13E-6,0
FENGYUN 1C DEB,1999-025LL,2026-05-29T04:07:06.790368,14.30483759,.0022755,99.3872,234.8885,229.8788,160.0196,0,U,29986,999,99900,.1746E-2,.4512E-4,0
FENGYUN 1C DEB,1999-025LM,2026-05-29T05:29:32.831808,14.15919611,.0080236,98.8933,45.8004,113.7902,15.4687,0,U,29987,999,98742,.21432E-2,.4313E-4,0
FENGYUN 1C DEB,1999-025LN,2026-05-28T20:27:56.011104,14.53219667,.0114815,98.7000,263.6677,229.5093,247.9184,0,U,29988,999,489,.20095E-2,.9044E-4,0
FENGYUN 1C DEB,1999-025LP,2026-05-28T21:03:35.326944,14.15950218,.0124628,98.6868,128.3949,77.3732,345.2545,0,U,29989,999,99976,.17951E-3,.339E-5,0
FENGYUN 1C DEB,1999-025LS,2026-05-28T23:22:07.959936,14.11678122,.0089608,98.7380,144.7299,53.8373,332.1334,0,U,29992,999,99747,.10595E-3,.158E-5,0
FENGYUN 1C DEB,1999-025LT,2026-05-29T00:46:51.068064,14.08201147,.0038879,98.7679,186.2779,200.4679,159.4934,0,U,29993,999,99524,.17376E-3,.256E-5,0
FENGYUN 1C DEB,1999-025LU,2026-05-28T13:59:15.876096,14.02747967,.013155,98.8060,180.5937,108.2639,20.8683,0,U,29994,999,99065,-.33106E-4,-.96E-6,0
FENGYUN 1C DEB,1999-025LW,2026-05-29T01:53:49.042176,14.10516210,.0127918,99.2914,197.0556,341.9230,47.1138,0,U,29996,999,98495,.14725E-2,.2783E-4,0
FENGYUN 1C DEB,1999-025LX,2026-05-29T00:03:27.621792,14.01219685,.0079245,98.8829,160.0059,221.5364,167.4618,0,U,29997,999,98732,.36181E-3,.516E-5,0
FENGYUN 1C DEB,1999-025LY,2026-05-29T04:29:09.087072,14.29285907,.000641,99.2892,225.5595,178.5440,181.5759,0,U,29998,999,266,.76167E-3,.1889E-4,0
FENGYUN 1C DEB,1999-025LZ,2026-05-29T05:00:39.257280,14.20492625,.0188126,98.5925,133.7106,2.3891,61.6135,0,U,29999,999,100,.51291E-3,.1271E-4,0
FENGYUN 1C DEB,1999-025MA,2026-05-29T05:14:31.353216,14.41244381,.0032815,98.9526,236.8615,319.1935,95.3576,0,U,30001,999,99842,.25245E-2,.8168E-4,0
FENGYUN 1C DEB,1999-025MC,2026-05-28T21:16:04.503072,13.85775232,.0143718,99.5942,132.5369,37.7380,18.9998,0,U,30003,999,97803,.3116E-3,.341E-5,0
FENGYUN 1C DEB,1999-025MD,2026-05-28T12:13:54.960096,14.17557103,.003703,99.2271,340.9341,231.0350,183.9824,0,U,30004,999,99669,.64526E-3,.1271E-4,0
FENGYUN 1C DEB,1999-025ME,2026-05-28T19:56:00.295008,13.52681599,.034734,99.3190,105.9254,30.9477,331.1633,0,U,30005,999,95205,.15943E-2,.1508E-4,0
FENGYUN 1C DEB,1999-025MG,2026-05-28T13:07:16.868928,14.26708104,.0060729,99.1744,62.7553,257.0860,281.2966,0,U,30007,999,99733,.1383E-2,.3364E-4,0
FENGYUN 1C DEB,1999-025MH,2026-05-28T21:27:57.682368,14.70576650,.0038625,99.3774,134.5781,45.6587,16.9158,0,U,30008,999,1514,.19765E-2,.12103E-3,0
FENGYUN 1C DEB,1999-025MJ,2026-05-29T03:52:13.735776,14.05352015,.0064147,98.9979,207.8938,224.7336,134.8648,0,U,30009,999,98834,.11656E-2,.1879E-4,0
FENGYUN 1C DEB,1999-025MK,2026-05-29T01:33:08.813376,14.25085426,.0074162,99.0644,351.7811,89.0719,72.9720,0,U,30010,999,642,.10926E-3,.217E-5,0
FENGYUN 1C DEB,1999-025MM,2026-05-28T16:05:52.056096,13.85873485,.0136897,99.4361,208.3464,62.0209,60.4656,0,U,30012,999,97860,.20343E-3,.206E-5,0
FENGYUN 1C DEB,1999-025MN,2026-05-29T00:40:46.327008,13.87932183,.0126819,99.5630,177.6490,319.2233,69.1358,0,U,30013,999,98002,.21927E-3,.23E-5,0
FENGYUN 1C DEB,1999-025MQ,2026-05-29T01:00:09.135360,14.31355212,.0037532,99.2231,167.2113,4.6752,19.3353,0,U,30015,999,560,.61107E-3,.1582E-4,0
FENGYUN 1C DEB,1999-025MR,2026-05-29T01:21:21.612096,14.83067590,.0041144,98.8896,184.2842,228.6608,161.0459,0,U,30016,999,1931,.1799E-2,.14823E-3,0
FENGYUN 1C DEB,1999-025MS,2026-05-28T09:33:14.472288,14.61582223,.021654,98.7273,207.5036,22.2148,338.8261,0,U,30017,999,2878,.15292E-3,.994E-5,0
FENGYUN 1C DEB,1999-025MT,2026-05-29T05:01:08.711904,14.74840784,.0113643,98.7495,250.0807,30.4877,28.4774,0,U,30018,999,2904,.57227E-3,.4193E-4,0
FENGYUN 1C DEB,1999-025MV,2026-05-28T23:40:27.664320,14.04766909,.0181702,98.8471,153.6910,322.6889,90.2139,0,U,30020,999,99006,.36255E-3,.629E-5,0
FENGYUN 1C DEB,1999-025MW,2026-05-29T04:57:05.304096,14.04956276,.007287,98.8466,141.4987,177.1956,244.4962,0,U,30021,999,99283,.28911E-3,.433E-5,0
FENGYUN 1C DEB,1999-025MX,2026-05-29T01:36:36.688320,14.23185893,.0067962,99.0559,7.1467,148.8796,5.4259,0,U,30022,999,570,.68159E-4,.111E-5,0
FENGYUN 1C DEB,1999-025MY,2026-05-29T01:19:16.554144,14.12123173,.0045862,99.2872,353.6386,317.2671,197.3130,0,U,30023,999,99557,.34112E-3,.584E-5,0
FENGYUN 1C DEB,1999-025ND,2026-05-28T22:55:46.394976,14.56294486,.0174741,98.1546,142.4036,69.6972,314.0012,0,U,30028,999,2155,.61215E-3,.3285E-4,0
FENGYUN 1C DEB,1999-025NL,2026-05-29T00:47:36.327840,14.37062925,.0113669,99.2772,81.7630,294.8062,123.3408,0,U,30035,999,1527,.61597E-4,.142E-5,0
FENGYUN 1C DEB,1999-025NM,2026-05-29T00:29:39.158304,14.46843268,.0189744,98.2329,176.7243,57.9992,333.3682,0,U,30036,999,1592,.57051E-3,.2541E-4,0
FENGYUN 1C DEB,1999-025NN,2026-05-28T21:57:48.992832,14.34347446,.0171569,98.4033,124.9144,277.2195,136.5400,0,U,30037,999,1184,.13007E-3,.382E-5,0
FENGYUN 1C DEB,1999-025NP,2026-05-28T21:59:07.304928,14.39809052,.0254433,98.3822,138.0103,320.4421,94.5008,0,U,30038,999,1297,.29432E-3,.1295E-4,0
FENGYUN 1C DEB,1999-025NR,2026-05-29T00:11:36.644064,14.38666752,.0033191,98.2228,163.3800,165.1209,249.2238,0,U,30040,999,318,.15666E-2,.4795E-4,0
FENGYUN 1C DEB,1999-025NS,2026-05-29T04:21:25.081056,14.13474116,.0035795,99.4780,270.3613,112.3744,7.4846,0,U,30041,999,99652,.41277E-3,.732E-5,0
FENGYUN 1C DEB,1999-025NU,2026-05-28T19:40:20.191296,14.24401839,.027965,98.6268,248.8828,4.8453,355.5332,0,U,30043,999,99723,.39734E-3,.1329E-4,0
FENGYUN 1C DEB,1999-025NV,2026-05-29T00:51:24.104160,14.53683958,.0078391,98.2134,70.7246,14.3273,346.0121,0,U,30044,999,466,.29073E-2,.12651E-3,0
FENGYUN 1C DEB,1999-025NW,2026-05-29T01:44:42.302976,14.23057702,.009062,99.1671,196.4180,357.0675,32.3416,0,U,30045,999,99067,.19622E-2,.4569E-4,0
FENGYUN 1C DEB,1999-025NY,2026-05-28T23:57:37.636992,13.94683574,.0124615,99.9362,323.5096,238.0055,245.9351,0,U,30047,999,98247,.73357E-3,.996E-5,0
FENGYUN 1C DEB,1999-025NZ,2026-05-29T02:37:16.200192,13.79991988,.0187302,98.6480,5.8975,152.5964,359.5167,0,U,30048,999,97434,.24714E-3,.255E-5,0
FENGYUN 1C DEB,1999-025PB,2026-05-28T13:11:49.683840,13.85475018,.0167618,96.8304,68.6045,274.1715,268.9038,0,U,30050,999,97511,.71928E-3,.887E-5,0
FENGYUN 1C DEB,1999-025PD,2026-05-29T01:31:13.592928,13.73168055,.028996,99.2802,174.9678,153.6277,224.6325,0,U,30052,999,96851,.53998E-3,.635E-5,0
FENGYUN 1C DEB,1999-025PE,2026-05-28T22:58:10.309728,13.95301568,.0325474,98.5935,315.8227,233.6757,292.5331,0,U,30053,999,97317,.19805E-2,.4134E-4,0
FENGYUN 1C DEB,1999-025PF,2026-05-29T00:26:57.458976,13.70050776,.0274255,99.3478,181.8866,290.1405,96.5139,0,U,30054,999,96639,.39559E-3,.408E-5,0
FENGYUN 1C DEB,1999-025PH,2026-05-28T22:07:59.999808,13.74807304,.0299445,98.3360,318.5421,118.6410,244.5206,0,U,30056,999,96272,.2309E-2,.3011E-4,0
FENGYUN 1C DEB,1999-025PJ,2026-05-29T02:09:56.037024,13.57502764,.029198,98.8662,206.7798,74.2161,318.5433,0,U,30057,999,95506,.89352E-3,.809E-5,0
FENGYUN 1C DEB,1999-025PK,2026-05-28T23:55:53.029920,13.48467336,.0317328,99.6493,152.8564,96.9655,291.2732,0,U,30058,999,95102,.6373E-3,.499E-5,0
FENGYUN 1C DEB,1999-025PL,2026-05-28T20:56:04.692192,13.45588755,.0325808,98.8366,129.4333,238.4869,148.4828,0,U,30059,999,95045,.31681E-3,.22E-5,0
FENGYUN 1C DEB,1999-025PM,2026-05-29T02:37:27.945408,13.44224712,.0346922,99.3079,8.6828,15.0333,134.2139,0,U,30060,999,94491,.15648E-2,.1264E-4,0
FENGYUN 1C DEB,1999-025PN,2026-05-28T07:58:24.684960,13.47444307,.0366963,101.8894,294.1215,231.9052,196.4931,0,U,30061,999,94342,.35208E-2,.3188E-4,0
FENGYUN 1C DEB,1999-025PP,2026-05-29T01:00:56.587968,14.07337484,.0047344,98.7760,158.4644,297.3019,79.0817,0,U,30062,999,99261,.34999E-3,.551E-5,0
FENGYUN 1C DEB,1999-025PQ,2026-05-28T21:33:34.737408,14.15670675,.0032601,98.5417,125.6098,17.1300,12.0389,0,U,30063,999,31,.83198E-4,.122E-5,0
FENGYUN 1C DEB,1999-025PR,2026-05-29T00:38:31.379712,14.14389025,.0065396,98.6555,160.0079,354.6423,28.1251,0,U,30064,999,99870,.16973E-3,.289E-5,0
FENGYUN 1C DEB,1999-025PS,2026-05-28T20:50:16.283328,13.86983795,.0129904,98.7069,115.0948,295.5311,63.2462,0,U,30065,999,97988,.14171E-3,.136E-5,0
FENGYUN 1C DEB,1999-025PT,2026-05-28T13:56:16.361952,14.19226210,.0118336,98.6461,139.9357,140.3612,339.3930,0,U,30066,999,202,.13577E-3,.263E-5,0
FENGYUN 1C DEB,1999-025PU,2026-05-29T04:56:17.308896,14.44167392,.0149131,98.7492,45.2330,236.4423,287.2566,0,U,30067,999,1612,.22385E-3,.824E-5,0
FENGYUN 1C DEB,1999-025PV,2026-05-29T05:11:30.604416,14.12167232,.0188947,98.7505,138.0361,232.2149,126.1782,0,U,30068,999,99707,.10814E-3,.191E-5,0
FENGYUN 1C DEB,1999-025PW,2026-05-28T21:11:42.335232,14.05372588,.0047915,98.8190,131.0284,305.0398,113.1777,0,U,30069,999,99194,.34578E-3,.523E-5,0
FENGYUN 1C DEB,1999-025PX,2026-05-29T03:09:50.726304,14.11286650,.0325213,98.2649,200.9119,196.6394,189.1527,0,U,30070,999,98239,.16587E-2,.489E-4,0
FENGYUN 1C DEB,1999-025PY,2026-05-29T00:01:45.386400,14.55511842,.0034998,98.6599,258.9211,317.6264,103.0947,0,U,30071,999,655,.22451E-2,.9817E-4,0
FENGYUN 1C DEB,1999-025PZ,2026-05-28T23:55:21.872352,14.41016449,.0058094,99.0848,312.1479,140.9940,219.5458,0,U,30072,999,99577,.32662E-2,.10681E-3,0
FENGYUN 1C DEB,1999-025QA,2026-05-28T22:56:07.884384,14.19716243,.0052598,99.4221,137.5239,166.6675,249.7692,0,U,30073,999,99297,.1044E-2,.219E-4,0
FENGYUN 1C DEB,1999-025QB,2026-05-27T03:32:00.283200,14.13696095,.00951743,99.1155,221.5787,47.5272,313.3895,0,U,30074,999,98998,.109822E-2,.2121E-4,0
FENGYUN 1C DEB,1999-025QC,2026-05-29T03:54:10.448352,13.92592701,.0091833,99.3337,205.9779,85.7521,296.0663,0,U,30075,999,98395,.21796E-3,.246E-5,0
FENGYUN 1C DEB,1999-025QD,2026-05-28T22:44:23.586144,13.76408019,.0175266,99.2531,135.9573,13.5013,40.4685,0,U,30076,999,97194,.29242E-3,.277E-5,0
FENGYUN 1C DEB,1999-025QE,2026-05-29T00:09:55.289088,14.07102682,.0021995,98.7476,164.3827,150.7506,238.5728,0,U,30077,999,99465,-.61898E-4,-.146E-5,0
FENGYUN 1C DEB,1999-025QF,2026-05-29T02:46:27.687072,14.24332560,.0051798,98.8228,229.5825,155.7234,250.2406,0,U,30078,999,99495,.21668E-2,.5035E-4,0
FENGYUN 1C DEB,1999-025QG,2026-05-29T02:41:09.481056,14.00888512,.00868,98.9983,207.4689,195.1208,194.7496,0,U,30079,999,98881,.28684E-3,.399E-5,0
FENGYUN 1C DEB,1999-025QH,2026-05-28T21:46:18.469344,14.10967670,.0131609,98.7167,129.3918,306.1977,120.2610,0,U,30080,999,99595,.19098E-3,.328E-5,0
FENGYUN 1C DEB,1999-025QJ,2026-05-29T00:07:40.982016,13.98447957,.007458,98.9304,145.8297,235.8482,190.7920,0,U,30081,999,98692,.5079E-3,.701E-5,0
FENGYUN 1C DEB,1999-025QK,2026-05-28T20:57:03.388032,15.27160397,.0052198,98.8290,110.1277,326.2952,33.4967,0,U,30082,999,3834,.18432E-2,.51286E-3,0
FENGYUN 1C DEB,1999-025QP,2026-05-29T00:27:43.860096,14.04008438,.0061615,98.8873,184.2348,29.2034,357.2224,0,U,30086,999,99043,.33636E-3,.498E-5,0
FENGYUN 1C DEB,1999-025QQ,2026-05-29T01:52:03.717984,14.36076484,.0227748,98.3578,181.6332,341.6823,36.5555,0,U,30087,999,1095,.24674E-3,.913E-5,0
FENGYUN 1C DEB,1999-025QR,2026-05-28T22:22:38.176320,14.36347778,.0202036,98.3702,133.4350,107.5487,283.9595,0,U,30088,999,1070,.35473E-3,.1264E-4,0
FENGYUN 1C DEB,1999-025QS,2026-05-28T16:32:24.757152,14.30523375,.0074977,98.8986,62.9364,84.0175,336.1881,0,U,30089,999,865,.23765E-3,.593E-5,0
FENGYUN 1C DEB,1999-025QT,2026-05-29T00:08:15.534240,14.29391899,.0057267,99.4156,340.3964,354.1961,168.7598,0,U,30090,999,658,.20179E-3,.472E-5,0
FENGYUN 1C DEB,1999-025QV,2026-05-29T00:14:43.287072,14.39682381,.0083547,98.9276,340.1760,115.8508,39.4782,0,U,30092,999,1147,.46515E-3,.1468E-4,0
FENGYUN 1C DEB,1999-025QW,2026-05-29T02:43:19.460352,14.44589559,.0067833,98.8523,35.6439,196.4794,325.6504,0,U,30093,999,1220,.58632E-3,.2037E-4,0
FENGYUN 1C DEB,1999-025QY,2026-05-28T19:52:15.483072,14.87746320,.015079,99.2305,101.2648,164.6941,195.8907,0,U,30095,999,1814,.12321E-2,.13811E-3,0
FENGYUN 1C DEB,1999-025QZ,2026-05-29T04:07:53.860224,14.31973071,.0080457,99.1366,242.2578,107.4479,253.5518,0,U,30096,999,938,.31702E-3,.833E-5,0
FENGYUN 1C DEB,1999-025RC,2026-05-29T04:17:50.523936,14.26167455,.0062999,98.5195,222.0711,115.3699,272.4329,0,U,30099,999,571,.28199E-3,.647E-5,0
FENGYUN 1C DEB,1999-025RF,2026-05-28T23:13:54.399072,14.22330517,.0140319,98.3775,153.5642,231.1131,193.1723,0,U,30102,999,334,.21229E-3,.48E-5,0
FENGYUN 1C DEB,1999-025RG,2026-05-28T23:33:42.423264,14.25254606,.0062994,99.2581,144.5048,3.5142,55.7507,0,U,30103,999,301,.4234E-3,.968E-5,0
FENGYUN 1C DEB,1999-025RH,2026-05-29T00:03:40.248288,14.26168988,.0072647,98.3564,343.4347,338.2362,184.6813,0,U,30104,999,274,.48463E-3,.1151E-4,0
FENGYUN 1C DEB,1999-025RJ,2026-05-28T21:32:02.501088,14.21747725,.0196924,98.6087,135.8564,309.4805,48.9098,0,U,30105,999,136,.30923E-3,.78E-5,0
FENGYUN 1C DEB,1999-025RK,2026-05-28T18:50:03.906816,15.04393264,.0036516,98.9171,83.8058,22.4621,31.2611,0,U,30106,999,1028,.67781E-2,.97191E-3,0
FENGYUN 1C DEB,1999-025RL,2026-05-29T02:53:29.440896,14.14497612,.0127999,98.8192,209.2506,159.0574,201.5909,0,U,30107,999,99927,.10398E-3,.172E-5,0
FENGYUN 1C DEB,1999-025RM,2026-05-28T22:45:15.250752,14.17425840,.0195402,98.6756,135.8160,261.3943,115.1297,0,U,30108,999,99967,.19463E-3,.429E-5,0
FENGYUN 1C DEB,1999-025RN,2026-05-28T23:01:06.468096,14.17842624,.0168894,98.5182,140.6586,109.4423,306.6100,0,U,30109,999,99921,.37829E-3,.849E-5,0
FENGYUN 1C DEB,1999-025RP,2026-05-29T05:10:28.441344,13.56312482,.0266635,98.9109,247.2227,281.4490,75.6818,0,U,30110,999,95785,.31325E-3,.236E-5,0
FENGYUN 1C DEB,1999-025RR,2026-05-28T21:41:18.052224,14.22836479,.0199579,99.2971,136.9965,352.7334,7.0960,0,U,30112,999,99959,.67308E-3,.1801E-4,0
FENGYUN 1C DEB,1999-025RS,2026-05-29T05:25:25.274208,14.47479488,.0036153,99.0325,17.4609,222.2723,260.1243,0,U,30113,999,328,.16491E-2,.6061E-4,0
FENGYUN 1C DEB,1999-025RT,2026-05-29T00:22:30.321408,14.09784527,.0081307,98.7486,151.7307,7.7282,57.0632,0,U,30114,999,99511,.23565E-3,.384E-5,0
FENGYUN 1C DEB,1999-025RU,2026-05-29T00:58:46.122240,14.20460864,.0064867,98.6038,176.9501,297.0501,116.6239,0,U,30115,999,99703,.8162E-3,.1745E-4,0
FENGYUN 1C DEB,1999-025RV,2026-05-28T05:59:53.139840,14.30533693,.0020399,99.3879,237.2807,219.7376,161.0940,0,U,30116,999,99889,.13749E-2,.3543E-4,0
FENGYUN 1C DEB,1999-025RW,2026-05-28T23:09:19.604736,14.07294997,.0165169,98.8174,138.3221,98.8198,285.7744,0,U,30117,999,99341,.27373E-3,.479E-5,0
FENGYUN 1C DEB,1999-025RX,2026-05-28T23:38:39.055200,14.05191365,.0083437,98.8037,152.8767,311.1683,102.4169,0,U,30118,999,99280,.90246E-5,-.28E-6,0
FENGYUN 1C DEB,1999-025RY,2026-05-28T10:05:04.346880,14.23351295,.0130061,97.9308,130.8704,158.3370,354.7234,0,U,30119,999,99550,.11716E-2,.2862E-4,0
FENGYUN 1C DEB,1999-025RZ,2026-05-29T05:28:26.505120,14.28945355,.0062669,98.8437,238.3699,86.7761,300.4402,0,U,30120,999,99762,.18037E-2,.4613E-4,0
FENGYUN 1C DEB,1999-025SA,2026-05-29T04:39:08.271072,14.42539063,.0030233,102.1571,245.5760,88.4316,333.7170,0,U,30121,999,99952,.27355E-2,.9063E-4,0
FENGYUN 1C DEB,1999-025SC,2026-05-29T04:44:01.007232,14.27201324,.0223604,96.9313,60.1063,294.3710,63.4282,0,U,30123,999,99635,.76183E-3,.2391E-4,0
FENGYUN 1C DEB,1999-025SD,2026-05-29T04:02:41.341056,14.14856278,.0140532,99.1124,211.6658,353.7733,28.9211,0,U,30124,999,99282,.68552E-3,.1409E-4,0
FENGYUN 1C DEB,1999-025SE,2026-05-29T05:24:47.876832,14.23967708,.0337827,98.7243,251.9322,217.8123,172.9395,0,U,30125,999,99304,.13472E-2,.5548E-4,0
FENGYUN 1C DEB,1999-025SG,2026-05-29T00:24:21.152736,14.40586929,.0080803,98.2026,3.4710,297.3546,61.9437,0,U,30127,999,99642,.22229E-2,.7327E-4,0
FENGYUN 1C DEB,1999-025SH,2026-05-29T04:20:56.611392,14.50488661,.0098609,96.9870,124.1190,318.9688,163.6655,0,U,30128,999,99735,.38531E-2,.16044E-3,0
FENGYUN 1C DEB,1999-025SJ,2026-05-28T06:32:27.074976,14.01850341,.0184261,98.0402,75.5357,338.2289,175.4147,0,U,30129,999,98811,.40978E-3,.686E-5,0
FENGYUN 1C DEB,1999-025SL,2026-05-29T05:30:27.651744,14.22883608,.007915,99.0733,250.8460,41.1524,349.1386,0,U,30131,999,99069,.22161E-2,.5099E-4,0
FENGYUN 1C DEB,1999-025SM,2026-05-28T21:31:46.383168,13.95047987,.0104162,99.5982,113.9956,320.7569,60.6803,0,U,30132,999,98420,.45765E-3,.596E-5,0
FENGYUN 1C DEB,1999-025SN,2026-05-28T23:51:26.021952,14.07484324,.0085756,98.3413,307.6822,143.3386,346.4661,0,U,30133,999,98730,.13628E-2,.2335E-4,0
FENGYUN 1C DEB,1999-025SP,2026-05-29T00:11:45.996000,14.13647625,.0020261,98.6804,168.2598,71.2795,318.8063,0,U,30134,999,99609,.39989E-3,.714E-5,0
FENGYUN 1C DEB,1999-025SR,2026-05-27T04:20:20.071968,13.95519339,.01280202,98.5404,33.1433,330.3698,182.8504,0,U,30136,999,98398,.26710283E-3,.348E-5,0
FENGYUN 1C DEB,1999-025ST,2026-05-29T02:25:18.574752,14.20600566,.0019964,98.7392,205.5626,20.9209,9.0322,0,U,30138,999,99777,.67925E-3,.142E-4,0
FENGYUN 1C DEB,1999-025SU,2026-05-28T12:29:30.093216,14.04263430,.0129953,98.3594,343.9579,176.5436,240.6176,0,U,30139,999,98590,.90632E-3,.1513E-4,0
FENGYUN 1C DEB,1999-025SV,2026-05-29T03:59:11.897952,14.21710813,.0042105,98.8108,216.7963,187.7039,199.2188,0,U,30140,999,99522,.15027E-2,.3288E-4,0
FENGYUN 1C DEB,1999-025SW,2026-05-29T01:59:40.272864,14.55059640,.0012916,99.0181,88.4998,255.2000,104.7764,0,U,30141,999,670,.25882E-2,.11137E-3,0
FENGYUN 1C DEB,1999-025SX,2026-05-29T04:27:00.028800,14.11483181,.0102656,99.1185,232.5799,198.4016,161.3430,0,U,30142,999,98660,.16973E-2,.3188E-4,0
FENGYUN 1C DEB,1999-025SY,2026-05-28T23:42:43.826400,14.03181058,.0102315,98.7410,330.6463,181.7159,330.5549,0,U,30143,999,98564,.96609E-3,.1534E-4,0
FENGYUN 1C DEB,1999-025SZ,2026-05-28T13:33:18.656064,13.92040196,.0125643,99.0198,141.7828,195.3438,286.8014,0,U,30144,999,98161,.46089E-3,.585E-5,0
FENGYUN 1C DEB,1999-025TA,2026-05-28T20:59:37.485024,14.15829902,.0087017,99.2729,269.9069,40.1763,76.4093,0,U,30145,999,98559,.24705E-2,.4994E-4,0
FENGYUN 1C DEB,1999-025TB,2026-05-28T21:37:41.913120,13.86866795,.0177551,98.0421,290.0757,18.7584,134.6230,0,U,30146,999,97734,.38096E-3,.469E-5,0
FENGYUN 1C DEB,1999-025TD,2026-05-28T10:05:02.331168,13.88797296,.0135474,99.5662,306.8350,112.7770,274.7866,0,U,30148,999,97830,.66004E-3,.812E-5,0
FENGYUN 1C DEB,1999-025TF,2026-05-28T20:49:04.749312,13.86841428,.0145957,99.0150,283.6676,243.8851,269.4697,0,U,30150,999,97774,.6443E-3,.774E-5,0
FENGYUN 1C DEB,1999-025TG,2026-05-28T23:55:11.576064,13.84763614,.0163365,99.0602,156.2730,188.6972,228.2294,0,U,30151,999,97560,.62317E-3,.736E-5,0
FENGYUN 1C DEB,1999-025TH,2026-05-29T00:42:36.290016,13.97666935,.0162404,99.0813,9.8834,347.5650,12.1527,0,U,30152,999,97714,.21306E-2,.3319E-4,0
FENGYUN 1C DEB,1999-025TJ,2026-05-28T23:49:01.136928,13.79168110,.0198202,100.4691,161.8164,300.8856,85.8398,0,U,30153,999,97080,.81066E-3,.907E-5,0
FENGYUN 1C DEB,1999-025TK,2026-05-28T01:44:25.278720,13.86576133,.01830112,98.4311,178.6966,102.1985,315.9882,0,U,30154,999,97289,.11846542E-2,.1534E-4,0
FENGYUN 1C DEB,1999-025TL,2026-05-29T04:01:33.326112,13.74845662,.0237329,99.7476,231.2484,272.1019,85.2970,0,U,30155,999,96164,.22614E-2,.2594E-4,0
FENGYUN 1C DEB,1999-025TM,2026-05-28T21:13:21.143136,13.81404634,.0197694,98.9287,111.8348,173.0912,212.8474,0,U,30156,999,96998,.12934E-2,.1555E-4,0
FENGYUN 1C DEB,1999-025TN,2026-05-28T06:39:59.874912,14.47496023,.0035603,98.7148,254.9613,57.2207,330.0099,0,U,30157,999,475,.17883E-2,.6581E-4,0
FENGYUN 1C DEB,1999-025TR,2026-05-28T18:58:26.442048,13.43177918,.0344686,98.8992,83.0643,66.6915,1.4730,0,U,30160,999,94656,.11133E-2,.872E-5,0
FENGYUN 1C DEB,1999-025TS,2026-05-28T23:24:35.863776,13.50252270,.0325383,100.5137,150.7992,213.2722,172.9669,0,U,30161,999,94816,.18325E-2,.1576E-4,0
FENGYUN 1C DEB,1999-025TT,2026-05-29T03:17:56.549184,13.54111520,.031203,99.4727,203.4914,287.5337,93.6971,0,U,30162,999,94926,.18613E-2,.1678E-4,0
FENGYUN 1C DEB,1999-025TU,2026-05-29T04:48:18.410976,13.39284254,.0372305,98.7041,245.8362,170.3863,264.7039,0,U,30163,999,94186,.22012E-2,.174E-4,0
FENGYUN 1C DEB,1999-025TY,2026-05-29T05:29:58.147008,14.49133878,.0142284,98.9625,249.7171,13.1202,44.9690,0,U,30167,999,1783,.29667E-3,.1226E-4,0
FENGYUN 1C DEB,1999-025TZ,2026-05-29T03:31:57.779328,14.55256737,.0094311,97.3707,206.8572,347.2334,12.6478,0,U,30168,999,736,.14324E-2,.6547E-4,0
FENGYUN 1C DEB,1999-025UA,2026-05-29T04:48:01.169856,14.62740770,.020071,98.3187,224.6664,66.4987,319.4840,0,U,30169,999,162,.22723E-2,.15468E-3,0
FENGYUN 1C DEB,1999-025UB,2026-05-28T23:05:40.559136,14.00489233,.0077938,98.8579,135.7134,171.1882,211.0914,0,U,30170,999,98756,.61751E-3,.898E-5,0
FENGYUN 1C DEB,1999-025UC,2026-05-28T23:19:21.816192,13.96974986,.0185447,98.3822,357.2436,158.7819,202.1167,0,U,30171,999,98605,-.22626E-4,-.74E-6,0
FENGYUN 1C DEB,1999-025UD,2026-05-28T22:06:03.879072,14.13437030,.0071,99.2463,138.3695,93.0696,334.4704,0,U,30172,999,98878,.16407E-2,.3114E-4,0
FENGYUN 1C DEB,1999-025UE,2026-05-29T04:39:20.028384,14.12270418,.0082809,98.9641,224.9610,176.3318,210.1547,0,U,30173,999,98912,.16847E-2,.3158E-4,0
FENGYUN 1C DEB,1999-025UF,2026-05-28T23:51:48.225024,14.96922459,.0014343,98.7821,320.9260,226.9280,263.6900,0,U,30174,999,857,.57777E-2,.67027E-3,0
FENGYUN 1C DEB,1999-025UG,2026-05-29T03:43:22.640160,13.84023675,.0146792,99.3549,209.7041,127.4874,259.5554,0,U,30175,999,97656,.40469E-3,.445E-5,0
FENGYUN 1C DEB,1999-025UJ,2026-05-28T13:15:46.132128,13.63354965,.0449834,98.6390,78.9428,59.0301,117.0903,0,U,30177,999,95735,.98711E-3,.151E-4,0
FENGYUN 1C DEB,1999-025UK,2026-05-29T01:24:46.456128,13.59257803,.0282525,102.2566,68.9875,105.2195,14.5013,0,U,30178,999,95444,.1824E-2,.1686E-4,0
FENGYUN 1C DEB,1999-025UN,2026-05-29T05:27:36.812160,14.30550571,.0039707,98.8359,239.9549,226.2843,160.6888,0,U,30181,999,99905,.15929E-2,.4146E-4,0
FENGYUN 1C DEB,1999-025UP,2026-05-29T02:36:41.145120,13.96530833,.0073713,99.0378,202.3565,283.0814,104.9594,0,U,30182,999,98644,.1708E-4,-.2E-6,0
FENGYUN 1C DEB,1999-025UQ,2026-05-28T01:32:45.526848,14.12981782,.00277837,98.7660,192.0235,140.1551,250.4753,0,U,30183,999,99492,.48170924E-3,.858E-5,0
FENGYUN 1C DEB,1999-025UY,2026-05-29T04:15:51.151104,14.80467839,.0094381,98.7618,240.4647,93.5949,291.6033,0,U,30191,999,2751,.92764E-3,.7597E-4,0
FENGYUN 1C DEB,1999-025VA,2026-05-29T00:17:11.178816,14.50313687,.0104872,98.7541,68.6780,349.6186,72.1848,0,U,30193,999,1591,.1169E-2,.484E-4,0
FENGYUN 1C DEB,1999-025VD,2026-05-29T03:06:56.155968,14.25901975,.0084831,98.6348,244.1508,295.1362,183.1274,0,U,30196,999,747,.48669E-4,.76E-6,0
FENGYUN 1C DEB,1999-025VE,2026-05-28T19:44:55.821120,14.38008721,.0058887,98.9481,85.8623,82.7314,338.2793,0,U,30197,999,888,.86706E-3,.263E-4,0
FENGYUN 1C DEB,1999-025VF,2026-05-29T02:15:45.328032,14.52504707,.0103681,98.4662,286.1708,47.8895,6.8663,0,U,30198,999,922,.13283E-2,.5773E-4,0
FENGYUN 1C DEB,1999-025VG,2026-05-28T00:59:58.133184,14.39451107,.00783403,98.3681,172.9416,168.0791,247.7763,0,U,30199,999,802,.84277421E-3,.2678E-4,0
FENGYUN 1C DEB,1999-025VH,2026-05-28T07:05:27.983328,14.22410193,.0146272,99.1053,353.6691,343.6735,15.9756,0,U,30200,999,346,.12966E-3,.273E-5,0
FENGYUN 1C DEB,1999-025VJ,2026-05-28T08:38:34.314432,14.23294934,.0029186,99.4231,298.9689,197.9806,162.0340,0,U,30201,999,186,.41313E-3,.89E-5,0
FENGYUN 1C DEB,1999-025VK,2026-05-29T05:20:13.593984,14.55565738,.0035645,98.6405,256.8363,263.7358,95.9777,0,U,30202,999,720,.22411E-2,.9814E-4,0
FENGYUN 1C DEB,1999-025VN,2026-05-28T19:59:52.316160,13.88166923,.0121833,99.0066,259.2521,87.8886,34.7064,0,U,30205,999,97956,.22415E-3,.243E-5,0
FENGYUN 1C DEB,1999-025VP,2026-05-28T23:59:19.075776,14.49786475,.0142537,98.2354,149.4320,243.0635,115.5939,0,U,30206,999,1823,.22794E-3,.949E-5,0
FENGYUN 1C DEB,1999-025VQ,2026-05-29T04:45:02.174112,13.79223427,.0260554,98.5795,249.2748,55.6802,6.5033,0,U,30207,999,97371,.11906E-3,.121E-5,0
FENGYUN 1C DEB,1999-025VR,2026-05-28T23:24:30.714336,14.23896425,.0034714,98.5648,150.5936,141.1957,249.0868,0,U,30208,999,208,.4142E-3,.912E-5,0
FENGYUN 1C DEB,1999-025VS,2026-05-28T23:24:31.459968,14.13113166,.0040679,98.7204,146.4649,121.8556,293.7846,0,U,30209,999,99568,.23693E-3,.404E-5,0
FENGYUN 1C DEB,1999-025VT,2026-05-29T01:59:42.953856,14.08614171,.0056017,99.1678,206.7399,31.6757,358.9789,0,U,30210,999,99113,.60011E-3,.1001E-4,0
FENGYUN 1C DEB,1999-025VV,2026-05-29T02:10:55.309152,13.97232711,.0097601,99.4396,24.1255,142.7016,218.0975,0,U,30212,999,98562,.49674E-3,.678E-5,0
FENGYUN 1C DEB,1999-025VW,2026-05-28T12:25:12.641088,14.12483191,.0072221,99.1129,232.7315,136.8774,240.4450,0,U,30213,999,98869,.17318E-2,.3234E-4,0
FENGYUN 1C DEB,1999-025VX,2026-05-28T03:58:31.678752,14.32232504,.00187389,98.7118,226.9770,266.2535,123.5829,0,U,30214,999,99948,.14502919E-2,.3874E-4,0
FENGYUN 1C DEB,1999-025WA,2026-05-28T18:26:46.699584,14.25101399,.0138555,98.4485,131.2440,331.3895,27.9731,0,U,30217,999,450,.28875E-3,.705E-5,0
FENGYUN 1C DEB,1999-025WB,2026-05-28T05:23:47.791680,14.30780227,.00707382,98.9830,247.8547,132.0359,258.7295,0,U,30218,999,99488,.28174375E-2,.7546E-4,0
FENGYUN 1C DEB,1999-025WE,2026-05-28T19:17:27.368736,14.46184432,.0142987,98.9522,250.7397,262.2572,96.2363,0,U,30221,999,1816,.21183E-3,.802E-5,0
FENGYUN 1C DEB,1999-025WF,2026-05-29T00:43:07.983264,14.04129104,.0036322,98.8177,182.7278,288.4142,130.1331,0,U,30222,999,99186,.27288E-3,.392E-5,0
FENGYUN 1C DEB,1999-025WH,2026-05-29T00:57:17.823168,13.90011320,.0110374,99.4593,195.7855,254.8030,168.8691,0,U,30224,999,98065,.28122E-3,.317E-5,0
FENGYUN 1C DEB,1999-025WJ,2026-05-28T13:50:58.408224,14.15301110,.0098566,98.6404,175.3884,328.6585,155.7932,0,U,30225,999,99896,.14805E-3,.259E-5,0
FENGYUN 1C DEB,1999-025WN,2026-05-28T03:44:20.922144,14.63396762,.00347612,99.0459,228.5929,249.4494,139.9393,0,U,30229,999,1348,.14992654E-2,.777E-4,0
FENGYUN 1C DEB,1999-025WQ,2026-05-29T01:52:43.117248,14.12050059,.0126325,98.7795,195.5996,273.8252,114.5632,0,U,30231,999,99381,.50848E-3,.96E-5,0
FENGYUN 1C DEB,1999-025WR,2026-05-29T01:19:16.453920,14.65002744,.0132348,98.6817,3.5180,190.3836,326.2605,0,U,30232,999,2197,.62822E-3,.3769E-4,0
FENGYUN 1C DEB,1999-025WT,2026-05-28T23:57:56.175840,14.17098693,.0064793,98.6279,159.8998,315.1968,72.3523,0,U,30234,999,99825,.30128E-3,.576E-5,0
FENGYUN 1C DEB,1999-025WU,2026-05-29T01:00:37.535040,14.09015967,.0155363,98.7366,167.3094,125.4987,261.2793,0,U,30235,999,99249,.39625E-3,.726E-5,0
FENGYUN 1C DEB,1999-025WW,2026-05-28T19:33:29.422368,14.43399127,.0016332,98.8288,262.2642,168.9892,342.6089,0,U,30237,999,103,.23166E-2,.7794E-4,0
FENGYUN 1C DEB,1999-025WY,2026-05-28T05:26:01.729824,11.42705924,.14389707,99.4755,246.9562,101.0775,275.4975,0,U,30239,999,56433,-.20683517E-2,-.11E-4,0
FENGYUN 1C DEB,1999-025XA,2026-05-28T08:22:53.008896,14.09738418,.0145107,99.1717,289.1558,335.6024,93.2014,0,U,30241,999,99259,.17492E-3,.291E-5,0
FENGYUN 1C DEB,1999-025XB,2026-05-28T16:23:20.534784,14.18017760,.0009177,98.6612,183.9600,293.3346,194.2240,0,U,30242,999,99792,.53617E-3,.1056E-4,0
FENGYUN 1C DEB,1999-025XC,2026-05-28T23:42:51.775200,14.13263111,.0012258,98.6863,160.5883,11.2566,17.7604,0,U,30243,999,99641,.32796E-3,.572E-5,0
FENGYUN 1C DEB,1999-025XD,2026-05-29T05:27:11.215296,14.15254517,.0008976,99.1295,47.8908,191.2270,295.1917,0,U,30244,999,99715,.33375E-3,.603E-5,0
FENGYUN 1C DEB,1999-025XE,2026-05-28T21:10:54.409152,13.79496609,.0192784,98.9030,131.4764,162.4887,198.3036,0,U,30245,999,96998,.99003E-3,.1132E-4,0
FENGYUN 1C DEB,1999-025XF,2026-05-28T20:31:26.141088,13.37113748,.037018,98.6969,273.3400,40.0857,108.4117,0,U,30246,999,94373,.11703E-3,.57E-6,0
FENGYUN 1C DEB,1999-025XG,2026-05-29T00:59:01.446144,14.64786086,.0176652,98.2725,61.5916,187.9655,300.9826,0,U,30247,999,99727,.17578E-2,.11753E-3,0
FENGYUN 1C DEB,1999-025XH,2026-05-29T00:32:23.525664,14.65727503,.0028175,99.0944,355.1650,5.3247,354.8248,0,U,30248,999,99874,.3707E-2,.20306E-3,0
FENGYUN 1C DEB,1999-025XJ,2026-05-28T11:35:00.806208,14.63438843,.0022597,98.9644,331.5451,253.0977,134.2386,0,U,30249,999,99998,.331E-2,.17179E-3,0
FENGYUN 1C DEB,1999-025XK,2026-05-29T05:23:21.305760,14.01799166,.006801,98.7601,139.5297,115.3816,310.0788,0,U,30250,999,98838,.2193E-3,.299E-5,0
FENGYUN 1C DEB,1999-025XL,2026-05-29T01:13:50.019168,14.29709480,.0050723,99.0389,358.7587,203.6576,309.9852,0,U,30251,999,532,.39773E-3,.987E-5,0
FENGYUN 1C DEB,1999-025XM,2026-05-28T23:24:03.850848,14.09979224,.0067824,98.7333,164.2219,127.8999,262.3766,0,U,30252,999,99322,.47105E-3,.806E-5,0
FENGYUN 1C DEB,1999-025XN,2026-05-28T19:05:20.118336,13.73734077,.0217467,98.7408,227.7167,315.2463,170.2306,0,U,30253,999,96307,.77197E-3,.815E-5,0
FENGYUN 1C DEB,1999-025XS,2026-05-28T23:37:17.863392,14.09816565,.0058342,98.7548,147.9889,347.4472,40.2450,0,U,30257,999,99574,.13838E-3,.204E-5,0
FENGYUN 1C DEB,1999-025XU,2026-05-29T02:45:40.662144,14.52143620,.0242028,98.7444,13.0572,120.3339,30.6052,0,U,30259,999,1902,.33005E-3,.1904E-4,0
FENGYUN 1C DEB,1999-025XY,2026-05-28T14:37:40.820736,14.02097074,.0144598,98.9436,265.4963,256.3569,116.4257,0,U,30263,999,98363,.12289E-2,.2013E-4,0
FENGYUN 1C DEB,1999-025XZ,2026-05-29T03:01:44.868000,14.08242921,.0107842,98.9544,208.0732,178.1050,211.3875,0,U,30264,999,98913,.95542E-3,.1677E-4,0
FENGYUN 1C DEB,1999-025YA,2026-05-27T07:42:07.902720,14.62556252,.00270791,98.6701,269.0822,218.9589,167.0893,0,U,30265,999,820,.2583795E-2,.13153E-3,0
FENGYUN 1C DEB,1999-025YB,2026-05-29T03:24:56.573280,14.15961091,.0080475,99.0284,220.6043,310.9673,79.8306,0,U,30266,999,99158,.118E-2,.2354E-4,0
FENGYUN 1C DEB,1999-025YC,2026-05-28T03:21:03.899808,14.24672588,.00604255,98.8377,225.3235,124.3723,236.3191,0,U,30267,999,99663,.14358452E-2,.336E-4,0
FENGYUN 1C DEB,1999-025YF,2026-05-29T00:38:44.828736,14.11348142,.0008093,98.6935,162.5848,57.3814,327.1966,0,U,30270,999,99721,.12711E-3,.187E-5,0
FENGYUN 1C DEB,1999-025YH,2026-05-29T03:54:19.275840,14.15491583,.0048951,98.8870,221.3252,349.5542,10.4610,0,U,30272,999,99224,.10484E-2,.2027E-4,0
FENGYUN 1C DEB,1999-025YJ,2026-05-29T00:00:38.517120,14.02945972,.0062265,98.8296,163.6492,142.1784,250.0107,0,U,30273,999,98874,.3087E-3,.445E-5,0
FENGYUN 1C DEB,1999-025YK,2026-05-29T02:47:56.959008,14.55166701,.0003573,99.3103,301.1898,96.8441,316.3146,0,U,30274,999,641,.24411E-2,.10512E-3,0
FENGYUN 1C DEB,1999-025YL,2026-05-28T23:07:55.617888,14.47754968,.0036848,98.6212,241.1813,45.4225,10.8735,0,U,30275,999,489,.20335E-2,.7537E-4,0
FENGYUN 1C DEB,1999-025YM,2026-05-29T03:52:09.052896,14.28058234,.002239,98.8467,227.8650,321.5155,38.4428,0,U,30276,999,99919,.12165E-2,.2984E-4,0
FENGYUN 1C DEB,1999-025YN,2026-05-29T03:17:34.498176,14.14316583,.0122639,98.9573,225.3204,64.8281,324.9430,0,U,30277,999,99155,.106E-2,.2134E-4,0
FENGYUN 1C DEB,1999-025YQ,2026-05-28T19:53:11.834016,14.23805112,.0216606,99.1657,95.4656,315.0392,97.5565,0,U,30279,999,99988,.58781E-3,.1659E-4,0
FENGYUN 1C DEB,1999-025YR,2026-05-28T22:27:00.955872,13.98460854,.007933,98.7879,136.2622,224.8072,164.1885,0,U,30280,999,98743,.54016E-4,.37E-6,0
FENGYUN 1C DEB,1999-025YS,2026-05-28T22:43:48.798048,14.10610805,.0029773,98.7691,139.6000,122.8620,292.1593,0,U,30281,999,99578,.20538E-3,.325E-5,0
FENGYUN 1C DEB,1999-025YT,2026-05-28T23:21:30.019104,14.13190651,.0208557,98.5041,149.0642,242.0295,145.9029,0,U,30282,999,99713,.17421E-3,.357E-5,0
FENGYUN 1C DEB,1999-025YU,2026-05-28T22:47:27.747744,14.02064548,.0181914,98.8755,143.2594,297.7937,89.2356,0,U,30283,999,99034,.46084E-4,.37E-6,0
FENGYUN 1C DEB,1999-025YV,2026-05-29T03:16:06.148128,14.29950270,.003508,98.7070,222.5600,340.5509,48.8130,0,U,30284,999,99907,.12267E-2,.3139E-4,0
FENGYUN 1C DEB,1999-025YX,2026-05-28T23:22:40.041120,14.12788259,.0064246,98.6900,153.4295,18.0719,35.5783,0,U,30286,999,99820,.96063E-4,.139E-5,0
FENGYUN 1C DEB,1999-025YY,2026-05-29T00:28:18.745824,13.69105143,.0410198,98.6173,171.2210,287.2885,96.8476,0,U,30287,999,96147,.67023E-3,.1006E-4,0
FENGYUN 1C DEB,1999-025YZ,2026-05-28T06:21:18.026208,14.34259501,.002315,99.3904,248.9595,201.5416,183.1928,0,U,30288,999,99955,.19271E-2,.5377E-4,0
FENGYUN 1C DEB,1999-025ZA,2026-05-28T13:02:39.156864,14.27517063,.0037403,98.9260,253.3113,205.9033,222.3704,0,U,30289,999,99460,.20046E-2,.492E-4,0
FENGYUN 1C DEB,1999-025ZB,2026-05-29T00:37:43.578048,14.90378948,.0012391,102.6176,351.4902,318.2926,196.8688,0,U,30290,999,355,.55307E-2,.5426E-3,0
FENGYUN 1C DEB,1999-025ZC,2026-05-29T03:16:26.637024,14.59183139,.0101219,97.2229,21.0114,204.9090,307.5103,0,U,30291,999,132,.22126E-2,.11174E-3,0
FENGYUN 1C DEB,1999-025ZE,2026-05-28T12:46:04.723104,14.49931690,.0075014,99.2468,0.5820,340.2039,49.4172,0,U,30293,999,1392,.6016E-3,.2355E-4,0
FENGYUN 1C DEB,1999-025ZF,2026-05-28T21:31:16.396320,14.35316502,.0197399,98.3694,137.1102,170.0527,253.8043,0,U,30294,999,933,.20833E-3,.697E-5,0
FENGYUN 1C DEB,1999-025ZG,2026-05-29T00:32:50.108352,14.25188508,.0092238,98.4921,171.3074,313.8740,74.2907,0,U,30295,999,552,.15129E-3,.328E-5,0
FENGYUN 1C DEB,1999-025ZJ,2026-05-28T19:44:04.648992,14.25861239,.0365224,98.8246,106.3386,351.7983,63.1367,0,U,30297,999,97530,.35656E-2,.17193E-3,0
FENGYUN 1C DEB,1999-025ZK,2026-05-29T04:47:28.901184,14.21282249,.0044981,98.9983,248.1076,10.0071,49.4002,0,U,30298,999,99212,.18766E-2,.4088E-4,0
FENGYUN 1C DEB,1999-025ZL,2026-05-26T17:42:35.004096,14.08621637,.01020433,99.0824,225.1332,265.7377,218.3446,0,U,30299,999,98612,.12713561E-2,.2248E-4,0
FENGYUN 1C DEB,1999-025ZM,2026-05-25T16:58:18.240384,14.28626680,.00749946,99.0324,225.6452,180.4391,332.0471,0,U,30300,999,99324,.17829818E-2,.457E-4,0
FENGYUN 1C DEB,1999-025ZN,2026-05-29T03:28:58.454400,14.59636486,.006284,98.6377,311.2631,136.7886,277.3015,0,U,30301,999,99654,.52196E-2,.25581E-3,0
FENGYUN 1C DEB,1999-025ZP,2026-05-29T04:08:01.286304,14.14517071,.0105424,98.5518,54.6560,0.1674,359.9518,0,U,30302,999,98409,.26605E-2,.5345E-4,0
FENGYUN 1C DEB,1999-025ZQ,2026-05-29T04:19:46.990272,14.27743167,.0077467,99.0118,236.5176,159.7337,200.6946,0,U,30303,999,99423,.27949E-2,.7083E-4,0
FENGYUN 1C DEB,1999-025ZR,2026-05-29T04:06:51.293664,14.16334878,.0070392,99.0206,228.7752,292.6156,66.7582,0,U,30304,999,99188,.12197E-2,.2434E-4,0
FENGYUN 1C DEB,1999-025ZS,2026-05-28T12:52:10.767936,13.60316080,.0265733,98.6004,73.5064,24.7464,154.4457,0,U,30305,999,96041,.25815E-3,.208E-5,0
FENGYUN 1C DEB,1999-025ZT,2026-05-29T01:06:04.953024,14.29085651,.0111259,98.5685,192.3923,225.7230,133.4784,0,U,30306,999,58,.90611E-3,.2411E-4,0
FENGYUN 1C DEB,1999-025ZW,2026-05-29T02:37:32.807136,13.93645088,.0094288,99.2003,210.6436,97.9060,263.2814,0,U,30309,999,98364,.34281E-3,.424E-5,0
FENGYUN 1C DEB,1999-025ZX,2026-05-28T11:23:29.543136,14.08850922,.0238556,98.6518,166.7088,244.3954,113.2392,0,U,30310,999,99079,.49658E-3,.107E-4,0
FENGYUN 1C DEB,1999-025ZY,2026-05-28T05:20:49.577856,13.78029208,.01660827,99.1353,242.7009,115.6654,246.1756,0,U,30311,999,97253,.32611606E-3,.322E-5,0
FENGYUN 1C DEB,1999-025ZZ,2026-05-29T05:09:59.872320,14.48663441,.0011326,98.8586,241.3203,80.5456,309.1230,0,U,30312,999,342,.24438E-2,.9173E-4,0
FENGYUN 1C DEB,1999-025AAA,2026-05-29T05:25:02.721216,14.26905103,.0057413,98.8690,242.5136,209.0346,181.3134,0,U,30313,999,99477,.19673E-2,.4819E-4,0
FENGYUN 1C DEB,1999-025AAB,2026-05-29T00:32:22.411104,14.01847851,.0141156,98.3917,331.5707,245.0185,113.6265,0,U,30314,999,98452,.10298E-2,.1669E-4,0
FENGYUN 1C DEB,1999-025AAC,2026-05-28T23:17:13.429248,14.19298522,.0034037,98.5970,158.5966,234.4915,184.6099,0,U,30315,999,79,.27279E-3,.533E-5,0
FENGYUN 1C DEB,1999-025AAD,2026-05-29T00:45:46.603296,14.59541293,.0034005,98.6512,263.0253,241.8569,117.9192,0,U,30316,999,774,.23798E-2,.11362E-3,0
FENGYUN 1C DEB,1999-025AAE,2026-05-28T23:40:44.355072,14.07031224,.0025494,98.7900,149.8046,163.1495,197.0526,0,U,30317,999,99365,.18035E-3,.259E-5,0
FENGYUN 1C DEB,1999-025AAH,2026-05-29T02:51:28.663200,13.98658830,.0085385,99.1628,213.4974,194.8605,195.6058,0,U,30320,999,98747,.41004E-3,.563E-5,0
FENGYUN 1C DEB,1999-025AAJ,2026-05-28T22:41:08.940768,14.16855853,.0061926,98.6607,148.5590,116.7329,273.9433,0,U,30321,999,99911,.29201E-3,.554E-5,0
FENGYUN 1C DEB,1999-025AAK,2026-05-29T00:37:32.161152,14.06723195,.0127088,98.3855,359.7141,136.4065,224.7232,0,U,30322,999,98551,.11402E-2,.2E-4,0
FENGYUN 1C DEB,1999-025AAL,2026-05-28T11:39:19.671840,14.09161500,.0017028,98.7194,167.6273,139.6571,220.5866,0,U,30325,999,99364,.15182E-3,.222E-5,0
FENGYUN 1C DEB,1999-025AAM,2026-05-29T04:11:56.480928,13.85545644,.0140617,98.6338,28.5982,294.1118,64.5386,0,U,30326,999,97774,.13701E-3,.128E-5,0
FENGYUN 1C DEB,1999-025AAN,2026-05-29T04:36:26.271072,14.19352302,.0118703,98.4377,40.5193,18.9777,131.9817,0,U,30327,999,98817,.21203E-2,.474E-4,0
FENGYUN 1C DEB,1999-025AAP,2026-05-29T00:43:36.064128,14.12561114,.0006368,98.6811,159.0492,55.3070,13.5691,0,U,30328,999,99626,.13397E-3,.205E-5,0
FENGYUN 1C DEB,1999-025AAQ,2026-05-28T12:42:27.301824,13.86908048,.0140639,99.2663,71.3554,308.6826,231.8378,0,U,30329,999,97722,.32716E-3,.368E-5,0
FENGYUN 1C DEB,1999-025AAR,2026-05-28T22:57:25.225344,13.82657465,.0189591,98.8968,137.0354,94.2782,291.5939,0,U,30330,999,96968,.14133E-2,.1723E-4,0
FENGYUN 1C DEB,1999-025AAS,2026-05-29T01:18:48.030048,13.98034615,.009494,98.9337,184.3949,265.7097,121.9807,0,U,30331,999,98457,.13725E-3,.159E-5,0
FENGYUN 1C DEB,1999-025AAT,2026-05-28T20:39:33.895008,13.76891478,.0177889,99.7351,129.1507,29.2379,35.8984,0,U,30332,999,97015,.48567E-3,.491E-5,0
FENGYUN 1C DEB,1999-025AAV,2026-05-28T18:24:23.539104,13.93116598,.0142677,99.0207,249.0794,245.5919,246.8397,0,U,30334,999,97546,.13103E-2,.1811E-4,0
FENGYUN 1C DEB,1999-025AAW,2026-05-28T23:05:13.158240,14.01468925,.0134984,98.9170,141.3284,27.1303,352.8164,0,U,30335,999,98933,.12428E-3,.16E-5,0
FENGYUN 1C DEB,1999-025AAX,2026-05-28T13:57:25.690176,14.19552475,.0042162,98.5856,169.6008,244.4486,237.3886,0,U,30336,999,99969,.30259E-3,.601E-5,0
FENGYUN 1C DEB,1999-025AAZ,2026-05-29T03:33:32.647392,14.49462962,.0265947,98.4399,224.1297,44.5939,346.3256,0,U,30338,999,569,.10303E-2,.6162E-4,0
FENGYUN 1C DEB,1999-025ABA,2026-05-28T20:14:12.244128,14.40771239,.0017739,98.9754,268.0820,301.8356,210.7773,0,U,30339,999,99831,.2437E-2,.7771E-4,0
FENGYUN 1C DEB,1999-025ABB,2026-05-29T03:44:53.099232,14.04675416,.0145681,98.9739,209.2623,28.9830,355.6461,0,U,30340,999,99131,.12517E-3,.176E-5,0
FENGYUN 1C DEB,1999-025ABC,2026-05-29T03:59:53.790720,14.36615497,.0047706,99.2170,53.5929,299.9958,221.9194,0,U,30341,999,99483,.29245E-2,.8676E-4,0
FENGYUN 1C DEB,1999-025ABD,2026-05-29T00:34:31.603296,13.80272798,.0168977,100.1977,346.5137,52.9622,97.9875,0,U,30342,999,97196,.54007E-3,.577E-5,0
FENGYUN 1C DEB,1999-025ABF,2026-05-28T19:46:39.209088,14.55126548,.0004786,98.8139,244.5471,336.2257,152.9969,0,U,30344,999,504,.27981E-2,.12054E-3,0
FENGYUN 1C DEB,1999-025ABG,2026-05-29T03:11:00.532320,14.43774971,.001871,98.9088,221.0905,112.7913,247.5254,0,U,30345,999,188,.2166E-2,.7344E-4,0
FENGYUN 1C DEB,1999-025ABH,2026-05-29T05:01:17.497056,14.35817864,.0053415,98.8077,254.2242,247.7895,175.8002,0,U,30346,999,99815,.18285E-2,.5337E-4,0
FENGYUN 1C DEB,1999-025ABJ,2026-05-29T00:55:59.238912,13.92858610,.0148691,98.3884,322.2408,288.3238,198.4230,0,U,30347,999,98289,.10465E-3,.109E-5,0
FENGYUN 1C DEB,1999-025ABK,2026-05-29T05:27:50.720832,14.36886656,.0018664,98.8622,253.6449,230.0785,159.7710,0,U,30348,999,99938,.21763E-2,.6408E-4,0
FENGYUN 1C DEB,1999-025ABL,2026-05-28T20:31:33.896352,14.12304021,.0084117,98.5956,109.2736,255.8931,131.9400,0,U,30349,999,98589,.16238E-2,.3049E-4,0
FENGYUN 1C DEB,1999-025ABM,2026-05-28T10:22:18.433056,13.83168861,.0218525,98.1114,308.8398,208.4920,176.8450,0,U,30350,999,97286,.86125E-3,.1098E-4,0
FENGYUN 1C DEB,1999-025ABP,2026-05-29T00:24:04.048992,14.07702588,.0028035,98.7492,170.0339,203.8852,185.9239,0,U,30352,999,99264,.1299E-3,.178E-5,0
FENGYUN 1C DEB,1999-025ABS,2026-05-28T11:21:15.306048,14.19288743,.0053263,98.5886,152.7241,185.6743,328.9265,0,U,30355,999,99715,.51536E-3,.1054E-4,0
FENGYUN 1C DEB,1999-025ABT,2026-05-28T23:08:06.417888,14.13477244,.0052566,98.6890,144.3416,169.6770,245.5233,0,U,30356,999,99383,.59537E-3,.1092E-4,0
FENGYUN 1C DEB,1999-025ABU,2026-05-29T00:21:41.951232,14.05341155,.0048753,98.7861,176.2986,218.9129,171.2101,0,U,30357,999,99156,.27254E-3,.403E-5,0
FENGYUN 1C DEB,1999-025ABV,2026-05-28T23:44:09.626784,14.21757112,.0083762,98.5564,337.9649,74.4477,87.2935,0,U,30358,999,99293,.14554E-2,.3276E-4,0
FENGYUN 1C DEB,1999-025ABW,2026-05-29T02:51:23.076576,13.95126798,.0140913,101.6216,22.8071,287.2151,71.3619,0,U,30359,999,97402,.18125E-2,.2591E-4,0
FENGYUN 1C DEB,1999-025ABX,2026-05-29T04:21:41.923872,14.27624030,.0028591,98.7510,223.9712,24.5488,2.9072,0,U,30360,999,99813,.14121E-2,.3449E-4,0
FENGYUN 1C DEB,1999-025ABY,2026-05-29T00:54:24.598944,14.26081299,.006328,98.5493,186.0667,261.2809,98.1200,0,U,30361,999,1,.79055E-3,.1886E-4,0
FENGYUN 1C DEB,1999-025ABZ,2026-05-28T16:23:21.848928,14.13132406,.0089904,99.0533,78.2124,232.7094,126.5857,0,U,30362,999,98525,.1455E-2,.2781E-4,0
FENGYUN 1C DEB,1999-025ACA,2026-05-27T03:27:22.813056,14.17851733,.00763814,99.0191,225.8078,287.2695,72.0132,0,U,30363,999,99167,.10447544E-2,.2149E-4,0
FENGYUN 1C DEB,1999-025ACB,2026-05-29T05:10:27.883200,14.19432301,.0322071,98.1344,57.0821,189.6348,325.0589,0,U,30364,999,98015,.11337E-2,.397E-4,0
FENGYUN 1C DEB,1999-025ACC,2026-05-28T23:39:02.645856,14.19443728,.0166468,98.6277,144.0549,349.2880,71.2820,0,U,30365,999,99985,.26765E-3,.602E-5,0
FENGYUN 1C DEB,1999-025ACD,2026-05-28T13:36:44.146368,14.33978885,.0063848,98.9285,76.3005,90.8563,88.7732,0,U,30366,999,714,.49703E-3,.1373E-4,0
FENGYUN 1C DEB,1999-025ACF,2026-05-28T06:36:25.621920,13.75489918,.0186115,99.1933,253.2565,228.1704,156.3409,0,U,30368,999,96951,.2076E-3,.183E-5,0
FENGYUN 1C DEB,1999-025ACG,2026-05-28T22:29:15.295776,14.12199512,.0100631,98.7274,146.8738,80.7978,309.6487,0,U,30369,999,99606,.22735E-3,.396E-5,0
FENGYUN 1C DEB,1999-025ACH,2026-05-29T03:08:08.572992,14.19935661,.010032,99.0394,213.7028,198.7766,191.1052,0,U,30370,999,99469,.1326E-2,.2917E-4,0
FENGYUN 1C DEB,1999-025ACJ,2026-05-29T02:11:32.188128,14.31041497,.0007656,98.5564,194.6242,183.6179,205.1988,0,U,30371,999,294,.10256E-2,.2658E-4,0
FENGYUN 1C DEB,1999-025ACM,2026-05-29T04:43:47.795808,14.63862922,.0040268,99.2616,38.1190,22.0666,130.9962,0,U,30374,999,1369,.18228E-2,.9588E-4,0
FENGYUN 1C DEB,1999-025ACQ,2026-05-29T00:06:50.438016,13.99371040,.0118367,98.8824,168.6096,163.0232,226.9067,0,U,30377,999,98546,.33467E-3,.475E-5,0
FENGYUN 1C DEB,1999-025ACS,2026-05-28T23:55:30.227232,14.08206759,.0036823,98.7484,163.7493,165.0718,224.6413,0,U,30379,999,99171,.24615E-3,.38E-5,0
FENGYUN 1C DEB,1999-025ACT,2026-05-29T03:50:07.820736,14.51103518,.0177488,98.8865,211.4889,73.2319,288.8264,0,U,30380,999,1992,.322E-3,.1507E-4,0
FENGYUN 1C DEB,1999-025ACU,2026-05-27T12:42:38.509632,14.13579672,.00523617,98.7943,184.8761,324.9338,34.8391,0,U,30381,999,94508,.79069114E-3,.1466E-4,0
FENGYUN 1C DEB,1999-025ACV,2026-05-28T15:23:46.690368,14.26039159,.0152766,98.4783,186.8439,227.5290,258.3395,0,U,30382,999,99913,.72783E-3,.1921E-4,0
FENGYUN 1C DEB,1999-025ACY,2026-05-29T01:01:11.133408,14.39085739,.0125684,99.0629,184.3806,157.0737,234.1507,0,U,30385,999,1173,.2636E-3,.841E-5,0
FENGYUN 1C DEB,1999-025ACZ,2026-05-29T04:18:48.576960,13.56163093,.0306717,98.6814,29.8921,81.5283,67.8486,0,U,30386,999,95098,.14802E-2,.1372E-4,0
FENGYUN 1C DEB,1999-025ADA,2026-05-28T23:46:07.224096,14.15243557,.0001351,98.6467,164.0651,88.1142,301.7597,0,U,30387,999,99690,.27456E-3,.491E-5,0
FENGYUN 1C DEB,1999-025ADB,2026-05-29T00:07:22.521792,14.20211765,.0218728,98.5846,170.0126,298.8288,121.3823,0,U,30388,999,99806,.36666E-3,.947E-5,0
FENGYUN 1C DEB,1999-025ADC,2026-05-29T05:29:43.196352,14.46702234,.0013604,98.8308,242.2278,92.6461,321.9349,0,U,30389,999,204,.24038E-2,.8661E-4,0
FENGYUN 1C DEB,1999-025ADD,2026-05-29T04:40:29.373024,14.31163059,.0065866,98.8151,239.6846,36.8020,353.9230,0,U,30390,999,99778,.15825E-2,.4234E-4,0
FENGYUN 1C DEB,1999-025ADE,2026-05-28T16:16:55.322976,14.16941240,.0073054,98.7624,197.3190,144.3718,336.3872,0,U,30391,999,99242,.10425E-2,.2105E-4,0
FENGYUN 1C DEB,1999-025ADF,2026-05-29T00:18:19.249056,14.07847448,.0178908,98.7724,168.0578,244.8334,144.7813,0,U,30392,999,99024,.4023E-3,.746E-5,0
FENGYUN 1C DEB,1999-025ADG,2026-05-29T03:59:46.215168,13.99042620,.0071735,99.1358,211.6958,159.3379,217.7423,0,U,30393,999,98671,.29802E-3,.396E-5,0
FENGYUN 1C DEB,1999-025ADH,2026-05-29T01:14:21.518016,13.95911393,.0089121,99.4124,186.1355,9.1257,20.4086,0,U,30394,999,98438,.24813E-3,.304E-5,0
FENGYUN 1C DEB,1999-025ADJ,2026-05-28T23:37:20.995392,13.96936518,.0157898,98.9202,164.7203,285.0545,134.7483,0,U,30395,999,98358,.5023E-3,.733E-5,0
FENGYUN 1C DEB,1999-025ADK,2026-05-28T22:13:21.703296,13.87223696,.013475,98.2306,138.8648,28.0016,1.5990,0,U,30396,999,97897,.12995E-3,.128E-5,0
FENGYUN 1C DEB,1999-025ADL,2026-05-28T07:59:11.275296,13.99250029,.0147875,98.4244,288.0333,345.2287,43.5473,0,U,30397,999,98094,.79991E-3,.1236E-4,0
FENGYUN 1C DEB,1999-025ADM,2026-05-28T14:13:15.055968,13.78861488,.0171869,99.7052,54.1537,220.6376,259.9202,0,U,30398,999,97056,.34595E-3,.346E-5,0
FENGYUN 1C DEB,1999-025ADP,2026-05-28T18:27:27.203904,14.11978464,.021691,99.1608,84.7340,227.2785,204.0972,0,U,30400,999,97870,.16187E-2,.3651E-4,0
FENGYUN 1C DEB,1999-025ADQ,2026-05-29T03:39:26.519328,14.28134714,.0107214,98.9269,34.9805,2.9901,357.1897,0,U,30401,999,694,.15742E-3,.37E-5,0
FENGYUN 1C DEB,1999-025ADS,2026-05-28T22:43:56.586144,14.23001808,.0073433,99.0521,236.8861,262.1074,97.1764,0,U,30403,999,99183,.19079E-2,.4373E-4,0
FENGYUN 1C DEB,1999-025ADT,2026-05-27T17:11:13.916256,13.34569344,.03797094,99.8269,238.2883,96.1383,268.3134,0,U,30404,999,60250,.26727362E-3,.162E-5,0
FENGYUN 1C DEB,1999-025ADU,2026-05-28T13:18:09.232128,14.30241583,.0048567,98.7919,249.0742,28.5648,346.8597,0,U,30405,999,99779,.14766E-2,.3833E-4,0
FENGYUN 1C DEB,1999-025ADV,2026-05-29T02:19:23.862144,13.59722373,.0276935,98.6131,24.9058,283.2236,238.7350,0,U,30406,999,95440,.10777E-2,.991E-5,0
FENGYUN 1C DEB,1999-025ADX,2026-05-27T09:13:52.650624,14.36594321,.00454895,99.0262,118.5435,180.4218,335.4035,0,U,30408,999,63914,.394742E-2,.11717E-3,0
FENGYUN 1C DEB,1999-025ADY,2026-05-28T22:54:15.846912,14.04160152,.016508,98.4888,130.3394,252.8348,126.7161,0,U,30409,999,98776,.58265E-3,.1001E-4,0
FENGYUN 1C DEB,1999-025AEA,2026-05-29T04:12:47.209824,14.08827604,.0123194,98.5782,56.6446,353.4175,6.5373,0,U,30411,999,98340,.21093E-2,.3865E-4,0
FENGYUN 1C DEB,1999-025AEC,2026-05-28T18:56:31.071264,14.34499276,.0045079,102.0609,91.6962,136.3191,254.4206,0,U,30413,999,99533,.20457E-2,.5767E-4,0
FENGYUN 1C DEB,1999-025AED,2026-05-28T23:53:50.932032,14.36266786,.0057016,99.0935,320.0458,60.8717,299.8158,0,U,30414,999,99486,.19897E-2,.5877E-4,0
FENGYUN 1C DEB,1999-025AEE,2026-05-27T22:11:31.359264,13.69435297,.023629,99.6334,213.3511,202.6362,216.9827,0,U,30415,999,96152,.11303E-2,.1151E-4,0
FENGYUN 1C DEB,1999-025AEF,2026-05-28T23:49:14.921184,14.02760090,.005628,98.8181,173.2942,84.3234,276.4346,0,U,30416,999,98969,.47079E-3,.696E-5,0
FENGYUN 1C DEB,1999-025AEG,2026-05-28T21:08:46.720320,14.14856899,.0063761,98.7052,139.6667,4.2494,62.5953,0,U,30417,999,99752,.28261E-3,.513E-5,0
FENGYUN 1C DEB,1999-025AEH,2026-05-28T23:43:38.424288,14.86805063,.0104465,98.8530,332.3512,302.7280,210.9338,0,U,30418,999,3075,.53379E-3,.5182E-4,0
FENGYUN 1C DEB,1999-025AEJ,2026-05-28T19:53:58.363008,14.18524943,.0050245,99.2561,107.6108,273.4012,116.0617,0,U,30419,999,99717,.42184E-3,.835E-5,0
FENGYUN 1C DEB,1999-025AET,2026-05-29T04:16:29.603424,14.41338016,.0081048,98.8276,58.5553,200.0028,159.7978,0,U,30432,999,1146,.42433E-3,.1379E-4,0
FENGYUN 1C DEB,1999-025AEV,2026-05-28T11:15:21.060000,13.90809640,.0122119,99.0140,135.2470,137.2299,14.2777,0,U,30434,999,98024,.29427E-3,.349E-5,0
FENGYUN 1C DEB,1999-025AEW,2026-05-28T22:08:20.316768,13.80577078,.0213302,99.0275,132.6568,26.4659,3.0821,0,U,30435,999,96466,.21277E-2,.2608E-4,0
FENGYUN 1C DEB,1999-025AEX,2026-05-28T15:18:28.466208,14.24021105,.0098099,98.4189,40.5136,8.1566,49.2912,0,U,30436,999,98811,.24963E-2,.5989E-4,0
FENGYUN 1C DEB,1999-025AEY,2026-05-29T01:40:04.241856,14.96201525,.0027432,98.9014,195.6993,282.0042,108.6830,0,U,30437,999,1681,.27253E-2,.31008E-3,0
FENGYUN 1C DEB,1999-025AEZ,2026-05-28T10:58:21.068256,13.92686201,.0136202,98.7404,161.2421,88.9208,272.7554,0,U,30438,999,97626,.12414E-2,.1691E-4,0
FENGYUN 1C DEB,1999-025AFA,2026-05-29T00:09:09.389952,14.09047024,.0037852,98.7431,160.8356,220.5540,166.1426,0,U,30439,999,99147,.30604E-3,.491E-5,0
FENGYUN 1C DEB,1999-025AFC,2026-05-28T11:54:22.065408,13.77878616,.0184754,99.1257,236.4950,175.1996,185.0982,0,U,30441,999,97166,.5758E-3,.613E-5,0
FENGYUN 1C DEB,1999-025AFD,2026-05-28T06:14:14.013024,14.30342060,.0056562,98.8647,249.7486,162.8310,197.4802,0,U,30442,999,99541,.23796E-2,.6248E-4,0
FENGYUN 1C DEB,1999-025AFE,2026-05-28T20:24:44.864064,14.39006925,.0023742,98.8565,106.0112,198.1893,161.8446,0,U,30443,999,99835,.20666E-2,.6358E-4,0
FENGYUN 1C DEB,1999-025AFG,2026-05-28T21:00:16.890336,14.49581858,.0102675,98.8561,113.3194,234.4100,124.7491,0,U,30445,999,1603,.37285E-3,.1476E-4,0
FENGYUN 1C DEB,1999-025AFH,2026-05-28T04:58:02.855136,14.46668835,.00308994,98.6050,238.1228,315.2897,44.5803,0,U,30446,999,583,.14840308E-2,.5349E-4,0
FENGYUN 1C DEB,1999-025AFJ,2026-05-29T03:41:50.840160,14.60097302,.0052713,98.9666,28.9148,243.1332,278.2688,0,U,30447,999,527,.21845E-2,.1067E-3,0
FENGYUN 1C DEB,1999-025AFK,2026-05-29T05:18:35.902368,14.36960205,.0017457,98.8286,249.8615,230.2234,161.2781,0,U,30448,999,99742,.19137E-2,.5636E-4,0
FENGYUN 1C DEB,1999-025AFM,2026-05-28T23:47:37.309056,14.63177721,.0186922,98.0700,164.4935,43.2345,13.8833,0,U,30450,999,1981,.1003E-2,.6599E-4,0
FENGYUN 1C DEB,1999-025AFP,2026-05-29T00:48:17.322912,14.71748150,.0043716,99.3311,315.9979,101.5455,22.3083,0,U,30452,999,547,.41355E-2,.26229E-3,0
FENGYUN 1C DEB,1999-025AFQ,2026-05-29T03:40:10.394112,14.25842261,.0115445,98.7991,226.5321,102.0114,289.1605,0,U,30453,999,99619,.15719E-2,.3969E-4,0
FENGYUN 1C DEB,1999-025AFR,2026-05-28T20:32:27.745152,14.17461074,.0171188,98.1346,109.8910,68.1393,322.1660,0,U,30454,999,98326,.30763E-2,.7171E-4,0
FENGYUN 1C DEB,1999-025AFZ,2026-05-28T10:22:25.331232,14.06391443,.0140257,98.8302,137.5652,141.8097,11.9660,0,U,30462,999,99136,.33077E-3,.555E-5,0
FENGYUN 1C DEB,1999-025AGB,2026-05-28T15:50:38.485824,14.10302584,.0109943,98.8086,200.8493,146.5041,339.3888,0,U,30464,999,99416,.13177E-3,.205E-5,0
FENGYUN 1C DEB,1999-025AGC,2026-05-28T06:11:53.948256,14.35550253,.0015749,98.8247,245.0768,250.9777,133.3977,0,U,30465,999,99746,.16387E-2,.4681E-4,0
FENGYUN 1C DEB,1999-025AGD,2026-05-29T02:18:23.164416,14.23309821,.0115015,98.6358,191.1349,258.0703,127.3581,0,U,30466,999,99731,.83621E-3,.1984E-4,0
FENGYUN 1C DEB,1999-025AGE,2026-05-29T01:29:04.195104,14.17869867,.0063678,98.6596,177.5821,8.6208,18.2319,0,U,30467,999,99548,.80653E-3,.1638E-4,0
FENGYUN 1C DEB,1999-025AGF,2026-05-29T04:39:37.769760,14.21853151,.0070499,98.9133,237.3189,277.6012,111.8226,0,U,30468,999,99189,.13464E-2,.2997E-4,0
FENGYUN 1C DEB,1999-025AGG,2026-05-28T13:35:56.756832,13.97007334,.0160475,98.4681,351.3109,64.1002,1.0945,0,U,30469,999,98035,.93903E-3,.1422E-4,0
FENGYUN 1C DEB,1999-025AGJ,2026-05-28T18:31:00.095232,14.14611743,.0083876,99.0490,243.5086,143.3571,342.5020,0,U,30471,999,98803,.19481E-2,.3829E-4,0
FENGYUN 1C DEB,1999-025AGK,2026-05-28T20:57:42.189408,14.57218605,.0034548,98.6545,260.9793,285.8637,198.0611,0,U,30472,999,467,.23588E-2,.10705E-3,0
FENGYUN 1C DEB,1999-025AGM,2026-05-29T05:09:02.037024,14.39955401,.0025308,98.9211,239.7903,222.5984,166.6841,0,U,30474,999,99802,.22548E-2,.7081E-4,0
FENGYUN 1C DEB,1999-025AGN,2026-05-29T02:24:52.144128,14.16174980,.0044411,98.7724,193.2245,170.9519,217.3075,0,U,30475,999,99320,.81233E-3,.1579E-4,0
FENGYUN 1C DEB,1999-025AGP,2026-05-29T01:31:17.302080,14.21861426,.0046452,99.1088,196.6856,180.4365,209.3413,0,U,30476,999,99222,.13764E-2,.302E-4,0
FENGYUN 1C DEB,1999-025AGQ,2026-05-28T03:16:16.992192,13.24243100,.04302109,99.4180,220.7352,237.1023,149.3829,0,U,30477,999,92921,.3304477E-2,.2281E-4,0
FENGYUN 1C DEB,1999-025AGS,2026-05-29T00:09:09.288864,14.33887718,.016521,98.2156,160.6235,6.5170,20.5181,0,U,30480,999,1065,.29062E-3,.898E-5,0
FENGYUN 1C DEB,1999-025AGT,2026-05-29T00:36:50.626944,14.39680261,.0223701,98.3248,166.8292,116.5570,273.8147,0,U,30481,999,882,.52321E-3,.215E-4,0
FENGYUN 1C DEB,1999-025AHB,2026-05-28T23:57:09.427392,14.16010887,.0140571,98.4602,160.6691,142.4327,248.0829,0,U,30489,999,99754,.26216E-3,.529E-5,0
FENGYUN 1C DEB,1999-025AHE,2026-05-29T04:51:52.396128,14.57117350,.0087734,102.3250,249.7857,338.7415,21.0132,0,U,30492,999,99329,.39082E-2,.18533E-3,0
FENGYUN 1C DEB,1999-025AHF,2026-05-28T23:16:54.144768,13.93832047,.0183126,98.5780,332.2973,113.1623,40.5669,0,U,30493,999,97424,.19482E-2,.2914E-4,0
FENGYUN 1C DEB,1999-025AHG,2026-05-29T00:52:53.835744,13.79868948,.0188034,99.2623,186.0560,138.6181,222.9391,0,U,30494,999,96793,.14393E-2,.1661E-4,0
FENGYUN 1C DEB,1999-025AHH,2026-05-28T05:54:49.023072,12.95001908,.0590642,102.2608,262.1371,285.3022,68.3558,0,U,30495,999,90828,.53389E-2,.3267E-4,0
FENGYUN 1C DEB,1999-025AHJ,2026-05-28T18:43:04.289664,14.97215130,.0120996,98.7848,79.8068,275.4923,83.2505,0,U,30496,999,3641,.49332E-3,.655E-4,0
FENGYUN 1C DEB,1999-025AHL,2026-05-29T02:44:36.027168,14.06986454,.0100657,99.2270,208.6225,53.9478,336.5222,0,U,30498,999,98122,.18729E-2,.3229E-4,0
FENGYUN 1C DEB,1999-025AHN,2026-05-29T05:29:46.255776,14.27076384,.0060037,99.0702,251.6100,353.5867,65.6753,0,U,30500,999,99069,.19606E-2,.4825E-4,0
FENGYUN 1C DEB,1999-025AHP,2026-05-28T23:30:40.292928,14.26538357,.0043225,99.0895,150.9674,82.1118,305.6521,0,U,30501,999,99303,.16576E-2,.3991E-4,0
FENGYUN 1C DEB,1999-025AHR,2026-05-28T19:47:03.056352,14.16303393,.000931,99.1912,2.8329,147.1630,274.2271,0,U,30503,999,99711,.24311E-3,.435E-5,0
FENGYUN 1C DEB,1999-025AHS,2026-05-29T02:06:10.946880,14.20865646,.0113193,99.0020,203.5738,99.3683,262.0311,0,U,30504,999,99770,.55E-3,.1224E-4,0
FENGYUN 1C DEB,1999-025AHT,2026-05-29T04:02:35.839968,14.23138806,.0065621,98.9169,235.8827,122.3034,268.1124,0,U,30505,999,99304,.16092E-2,.3672E-4,0
FENGYUN 1C DEB,1999-025AHU,2026-05-28T23:12:46.068768,14.08831644,.0069161,98.7561,154.2925,234.2550,157.0960,0,U,30506,999,99176,.24326E-3,.386E-5,0
FENGYUN 1C DEB,1999-025AHV,2026-05-29T03:45:19.154880,14.13845983,.0127793,98.9977,219.7945,63.8557,326.3426,0,U,30507,999,98863,.89038E-3,.178E-4,0
FENGYUN 1C DEB,1999-025AHX,2026-05-25T13:29:55.520160,14.08645179,.01005146,98.4604,12.3242,319.7706,68.5404,0,U,30509,999,98028,.11840931E-2,.2093E-4,0
FENGYUN 1C DEB,1999-025AHY,2026-05-28T23:55:11.879328,14.13688804,.0079235,99.2333,171.4653,58.8733,331.3579,0,U,30510,999,98937,.14389E-2,.2754E-4,0
FENGYUN 1C DEB,1999-025AJC,2026-05-28T18:35:40.528032,14.34977214,.0170793,98.3963,172.9242,316.9047,41.8871,0,U,30514,999,618,.44194E-3,.1435E-4,0
FENGYUN 1C DEB,1999-025AJD,2026-05-28T13:59:08.771424,13.64392508,.0494734,98.4922,9.6253,352.4463,57.6437,0,U,30515,999,95605,.75865E-3,.1365E-4,0
FENGYUN 1C DEB,1999-025AJE,2026-05-29T00:56:01.099104,14.43883879,.0010408,98.8606,264.5016,156.4764,259.1491,0,U,30516,999,127,.23383E-2,.7939E-4,0
FENGYUN 1C DEB,1999-025AJJ,2026-05-28T23:53:26.547360,15.22005889,.005808,98.7165,352.2050,256.5460,102.9295,0,U,30520,999,3579,.10598E-2,.25323E-3,0
FENGYUN 1C DEB,1999-025AJK,2026-05-29T02:38:07.908000,14.59442133,.0134786,99.0105,303.2770,94.6027,267.0580,0,U,30521,999,2020,.6765E-3,.3581E-4,0
FENGYUN 1C DEB,1999-025AJM,2026-05-28T21:22:19.638048,14.28236753,.0241713,98.4851,127.5468,337.1010,50.8574,0,U,30523,999,486,.26612E-3,.855E-5,0
FENGYUN 1C DEB,1999-025AJN,2026-05-28T23:01:51.837600,13.94301472,.0202997,99.3195,327.3253,156.7993,204.2492,0,U,30524,999,96214,.50161E-2,.7875E-4,0
FENGYUN 1C DEB,1999-025AJP,2026-05-29T02:33:58.924800,13.59104709,.0289921,98.5930,18.8964,231.9673,125.4980,0,U,30525,999,95390,.11339E-2,.1061E-4,0
FENGYUN 1C DEB,1999-025AJQ,2026-05-29T03:58:08.453568,13.50156630,.0306758,99.5360,229.6286,205.3652,153.2151,0,U,30526,999,94917,.16427E-2,.136E-4,0
FENGYUN 1C DEB,1999-025AJR,2026-05-29T01:43:37.248960,13.31408660,.0412102,100.0454,194.0308,188.0016,202.0049,0,U,30527,999,93583,.19005E-2,.1412E-4,0
FENGYUN 1C DEB,1999-025AJS,2026-05-28T09:49:24.178368,14.13732400,.0145279,98.2169,9.8331,104.2658,21.2588,0,U,30528,999,99492,.32453E-3,.641E-5,0
FENGYUN 1C DEB,1999-025AJT,2026-05-29T04:19:22.247904,13.72078958,.0230716,98.4868,56.9809,133.0883,228.9831,0,U,30529,999,96304,.13616E-2,.1462E-4,0
FENGYUN 1C DEB,1999-025AJU,2026-05-29T01:31:18.725088,14.37040624,.0098788,98.3718,188.1649,357.7259,31.5684,0,U,30530,999,1189,.23136E-3,.681E-5,0
FENGYUN 1C DEB,1999-025AJV,2026-05-29T04:43:50.132064,14.68357776,.0026564,102.3098,62.7203,101.7025,258.7147,0,U,30531,999,140,.43713E-2,.25406E-3,0
FENGYUN 1C DEB,1999-025AJX,2026-05-28T08:51:49.627296,14.58244766,.0073266,98.8408,292.0027,2.3294,68.3635,0,U,30533,999,235,.21682E-2,.1035E-3,0
FENGYUN 1C DEB,1999-025AKD,2026-05-28T22:06:19.363680,14.56264505,.0116118,98.8924,145.1956,127.1450,234.0420,0,U,30539,999,1776,.46884E-3,.2216E-4,0
FENGYUN 1C DEB,1999-025AKE,2026-05-28T19:48:47.170944,14.34051009,.004953,98.8834,266.3944,289.4625,222.4457,0,U,30540,999,99679,.19037E-2,.535E-4,0
FENGYUN 1C DEB,1999-025AKF,2026-05-29T02:17:18.804192,14.23797504,.0014924,98.6768,198.4839,322.0885,37.9241,0,U,30541,999,99708,.10346E-2,.2325E-4,0
FENGYUN 1C DEB,1999-025AKG,2026-05-29T00:27:36.859104,14.07059040,.0027266,98.7661,177.8961,219.7318,169.9992,0,U,30542,999,99271,.25361E-3,.382E-5,0
FENGYUN 1C DEB,1999-025AKH,2026-05-28T23:00:05.466240,14.03866371,.0070754,98.8281,158.8027,285.7533,102.8387,0,U,30543,999,98851,.38251E-3,.573E-5,0
FENGYUN 1C DEB,1999-025AKK,2026-05-28T18:28:21.588384,13.20896044,.0471441,98.9901,342.9800,326.2769,30.9163,0,U,30545,999,93135,.39703E-3,.252E-5,0
FENGYUN 1C DEB,1999-025AKL,2026-05-28T21:34:57.277920,14.89919969,.0087887,98.8910,30.4567,349.3706,70.9144,0,U,30546,999,2944,.97796E-3,.10059E-3,0
FENGYUN 1C DEB,1999-025AKM,2026-05-28T07:56:54.892032,14.37996063,.0096695,98.8891,2.2154,86.2447,86.3093,0,U,30547,999,1114,.22799E-3,.679E-5,0
FENGYUN 1C DEB,1999-025AKN,2026-05-28T06:31:24.064320,14.28346179,.006395,99.6792,68.5504,223.2342,288.7235,0,U,30548,999,16471,.1441E-2,.3627E-4,0
FENGYUN 1C DEB,1999-025AKP,2026-05-28T13:37:33.619008,13.99889429,.0287385,98.4875,262.0400,149.0583,212.7875,0,U,30549,999,97627,.20857E-2,.4339E-4,0
FENGYUN 1C DEB,1999-025AKQ,2026-05-28T11:47:25.764288,14.03598248,.0125452,99.0505,47.9381,193.1384,340.6765,0,U,30550,999,97733,.15522E-2,.2568E-4,0
FENGYUN 1C DEB,1999-025AKS,2026-05-29T04:42:50.910048,14.59438972,.0014989,98.8418,296.0437,111.9556,248.3237,0,U,30552,999,90,.35595E-2,.16886E-3,0
FENGYUN 1C DEB,1999-025AKT,2026-05-28T07:37:11.586144,14.79658137,.0015123,99.1296,269.6581,344.3048,15.7689,0,U,30553,999,918,.32852E-2,.24718E-3,0
FENGYUN 1C DEB,1999-025AKV,2026-05-29T02:24:52.093152,14.21705472,.0044467,98.7398,206.0842,149.1424,241.3486,0,U,30555,999,99313,.13067E-2,.2857E-4,0
FENGYUN 1C DEB,1999-025AKW,2026-05-28T12:42:30.553056,14.01561864,.0069546,98.7909,140.6605,133.8805,352.9129,0,U,30556,999,98593,.20242E-3,.271E-5,0
FENGYUN 1C DEB,1999-025AKX,2026-05-29T04:11:47.950656,14.11564301,.0069813,98.9064,218.0959,120.2790,240.5314,0,U,30557,999,98662,.14112E-2,.2579E-4,0
FENGYUN 1C DEB,1999-025AKY,2026-05-28T07:08:52.433376,13.29232019,.0424404,99.4715,280.8505,230.2533,126.0474,0,U,30558,999,92970,.40751E-2,.3047E-4,0
FENGYUN 1C DEB,1999-025ALA,2026-05-28T22:50:29.986080,14.17243650,.0116463,98.6728,143.5865,91.9572,297.8106,0,U,30560,999,99737,.28935E-3,.582E-5,0
FENGYUN 1C DEB,1999-025ALB,2026-05-28T23:32:24.455904,14.11473727,.0059687,98.7266,151.4991,0.9442,53.7168,0,U,30561,999,99337,.29003E-3,.492E-5,0
FENGYUN 1C DEB,1999-025ALC,2026-05-29T04:14:33.268416,14.24151339,.0060979,98.7494,221.1570,141.1725,246.8757,0,U,30562,999,99382,.16209E-2,.3762E-4,0
FENGYUN 1C DEB,1999-025ALE,2026-05-28T00:23:30.350400,14.06218500,.02014295,98.7892,160.1202,12.1670,13.4213,0,U,30564,999,98632,.72019787E-3,.1381E-4,0
FENGYUN 1C DEB,1999-025ALF,2026-05-29T02:33:10.437984,14.11093792,.0137069,98.4495,14.4780,237.7414,275.9421,0,U,30565,999,98286,.14954E-2,.2899E-4,0
FENGYUN 1C DEB,1999-025ALG,2026-05-29T02:58:35.071392,14.12446892,.0068566,99.2006,207.1542,74.7347,315.2175,0,U,30566,999,98745,.12776E-2,.2365E-4,0
FENGYUN 1C DEB,1999-025ALH,2026-05-29T05:22:53.057280,14.09082792,.011015,98.7873,140.7016,76.9880,351.3832,0,U,30567,999,99132,.29514E-3,.499E-5,0
FENGYUN 1C DEB,1999-025ALJ,2026-05-29T00:41:46.610016,14.59541652,.0017522,98.9467,336.6442,44.3139,82.5838,0,U,30568,999,88,.31618E-2,.15031E-3,0
FENGYUN 1C DEB,1999-025ALK,2026-05-28T23:55:27.592032,14.82876635,.0004276,98.7406,307.2262,247.7550,112.3208,0,U,30569,999,669,.34377E-2,.27904E-3,0
FENGYUN 1C DEB,1999-025ALL,2026-05-29T01:04:59.683008,14.14552375,.0036907,98.6929,182.3403,95.7042,294.4562,0,U,30570,999,99363,.44565E-3,.818E-5,0
FENGYUN 1C DEB,1999-025ALM,2026-05-29T01:30:10.385280,14.10854560,.0022695,98.7123,175.4028,119.7002,265.1015,0,U,30571,999,99246,.26536E-3,.434E-5,0
FENGYUN 1C DEB,1999-025ALN,2026-05-29T01:53:36.521952,14.09071435,.0022229,98.7507,179.0816,177.6088,205.6272,0,U,30572,999,99118,.357E-3,.578E-5,0
FENGYUN 1C DEB,1999-025ALP,2026-05-29T02:05:16.717920,14.14910768,.0089714,99.2116,197.1927,162.8685,227.9908,0,U,30573,999,98563,.18504E-2,.3672E-4,0
FENGYUN 1C DEB,1999-025ALQ,2026-05-28T10:07:27.183360,13.78532758,.0215303,99.3157,313.9109,267.5584,90.0904,0,U,30574,999,96064,.2331E-2,.2761E-4,0
FENGYUN 1C DEB,1999-025ALR,2026-05-28T19:55:24.386304,14.41068943,.0054722,99.1698,256.6093,106.8325,18.9053,0,U,30575,999,614,.10128E-2,.327E-4,0
FENGYUN 1C DEB,1999-025ALT,2026-05-29T01:55:57.516384,14.11430221,.0029989,98.7480,183.9669,165.2314,220.6352,0,U,30577,999,99145,.44333E-3,.763E-5,0
FENGYUN 1C DEB,1999-025ALV,2026-05-29T00:52:53.631840,14.05426825,.0052459,98.7890,173.7892,355.9705,31.9569,0,U,30579,999,98807,.1802E-3,.253E-5,0
FENGYUN 1C DEB,1999-025ALZ,2026-05-27T03:05:13.179264,14.17474438,.01930403,99.1325,13.1675,207.2969,151.7958,0,U,30594,999,99922,.11825709E-3,.239E-5,0
FENGYUN 1C DEB,1999-025AMB,2026-05-28T11:15:18.855072,14.34749860,.0247985,98.4190,147.1182,152.0211,0.2049,0,U,30596,999,950,.20718E-3,.781E-5,0
FENGYUN 1C DEB,1999-025AMC,2026-05-28T21:07:04.844352,15.24095031,.0019971,98.9442,117.0750,355.3201,4.7841,0,U,30597,999,1032,.91697E-2,.230662E-2,0
FENGYUN 1C DEB,1999-025AME,2026-05-27T11:12:48.138912,14.20408939,.02994337,98.5954,159.7741,224.4531,133.2264,0,U,30599,999,99519,.38904988E-3,.1258E-4,0
FENGYUN 1C DEB,1999-025AMF,2026-05-29T02:23:44.586240,14.10390535,.0320697,98.3942,87.7075,127.7501,235.3192,0,U,30600,999,96789,.27363E-2,.7832E-4,0
FENGYUN 1C DEB,1999-025AMJ,2026-05-28T12:04:47.465760,13.84667426,.0185045,98.3970,159.0745,108.3862,51.2803,0,U,30603,999,97183,.12689E-2,.1594E-4,0
FENGYUN 1C DEB,1999-025AMK,2026-05-27T19:56:56.409216,14.23904982,.02077899,98.3793,180.2436,240.0454,299.3800,0,U,30604,999,171,.22156895E-3,.588E-5,0
FENGYUN 1C DEB,1999-025AMM,2026-05-29T00:04:19.883424,14.59207115,.0207943,98.0889,159.9445,335.5597,50.6582,0,U,30606,999,1681,.10164E-2,.6433E-4,0
FENGYUN 1C DEB,1999-025AMP,2026-05-29T03:26:15.001152,14.29346002,.0015652,98.6885,216.4014,52.9666,336.3437,0,U,30608,999,99830,.71553E-3,.1781E-4,0
FENGYUN 1C DEB,1999-025AMQ,2026-05-26T04:57:04.185216,14.12619732,.01146898,98.5677,60.5884,305.5462,53.5060,0,U,30609,999,98049,.15253562E-2,.2964E-4,0
FENGYUN 1C DEB,1999-025AMX,2026-05-27T13:45:10.865952,13.36404238,.0382621,98.6264,185.7735,198.9815,159.6718,0,U,30616,999,93915,.22959E-2,.1763E-4,0
FENGYUN 1C DEB,1999-025ANA,2026-05-29T00:45:33.195744,14.41551229,.0212249,98.2793,172.1156,272.7775,84.9140,0,U,30619,999,1348,.19065E-3,.757E-5,0
FENGYUN 1C DEB,1999-025ANC,2026-05-28T19:31:48.647136,14.04866889,.0132331,98.7033,90.3065,195.3512,222.6281,0,U,30621,999,97935,.13106E-2,.2235E-4,0
FENGYUN 1C DEB,1999-025AND,2026-05-25T21:45:11.231136,14.33802797,.0067284,100.9911,206.1184,288.0580,250.7824,0,U,30622,999,71148,.21441108E-2,.6056E-4,0
FENGYUN 1C DEB,1999-025ANE,2026-05-28T21:33:26.341056,13.29492561,.0404318,98.8427,308.9938,55.2545,97.2371,0,U,30623,999,93437,.43542E-3,.283E-5,0
FENGYUN 1C DEB,1999-025ANF,2026-05-29T05:22:14.573856,14.70755039,.0019871,98.8821,250.0732,126.7402,233.5630,0,U,30624,999,99951,.57848E-2,.3552E-3,0
FENGYUN 1C DEB,1999-025ANG,2026-05-29T03:19:21.692064,14.45621723,.0046371,98.9250,118.2152,157.4933,202.8305,0,U,30625,999,99108,.32608E-2,.11648E-3,0
FENGYUN 1C DEB,1999-025ANK,2026-05-28T14:05:06.144288,14.74540549,.0023823,99.3435,93.8960,87.2033,273.1897,0,U,30628,999,919,.31199E-2,.20855E-3,0
FENGYUN 1C DEB,1999-025ANL,2026-05-29T00:44:08.408832,14.64848810,.0005538,99.2520,269.8883,56.3044,356.5629,0,U,30629,999,334,.34501E-2,.18419E-3,0
FENGYUN 1C DEB,1999-025ANM,2026-05-27T10:43:57.184032,14.23024918,.00247588,99.1827,332.3791,323.5513,66.2938,0,U,30630,999,99569,.66644854E-3,.1458E-4,0
FENGYUN 1C DEB,1999-025ANP,2026-05-28T20:57:56.340864,14.70362824,.0013688,98.8320,297.8846,7.4416,153.7598,0,U,30632,999,140,.40726E-2,.24688E-3,0
FENGYUN 1C DEB,1999-025ANQ,2026-05-29T02:13:39.804384,14.04842171,.0130389,98.4095,7.0313,144.8127,6.5915,0,U,30633,999,98241,.59204E-3,.987E-5,0
FENGYUN 1C DEB,1999-025ANR,2026-05-28T22:27:48.653856,14.11099053,.011876,99.3036,142.5255,352.4733,36.6722,0,U,30634,999,97974,.21094E-2,.4011E-4,0
FENGYUN 1C DEB,1999-025ANW,2026-05-28T07:01:12.857088,14.35125307,.0067105,99.0231,272.3547,155.9376,204.4968,0,U,30639,999,99106,.33238E-2,.9701E-4,0
FENGYUN 1C DEB,1999-025ANX,2026-05-28T03:43:46.117632,14.15541083,.00781655,99.0439,226.7425,350.1734,74.5996,0,U,30640,999,98799,.10497673E-2,.2068E-4,0
FENGYUN 1C DEB,1999-025ANY,2026-05-28T20:07:10.332192,14.80986509,.0130014,98.9594,107.3003,320.8910,68.1165,0,U,30641,999,3004,.80448E-3,.7137E-4,0
FENGYUN 1C DEB,1999-025APD,2026-05-29T00:53:58.787808,14.10052992,.0046134,98.6388,168.0609,276.2275,83.3642,0,U,30646,999,98962,.56294E-3,.961E-5,0
FENGYUN 1C DEB,1999-025APE,2026-05-28T20:29:24.038880,14.60536390,.0030413,98.9949,99.5474,30.5784,30.5465,0,U,30647,999,425,.27338E-2,.13328E-3,0
FENGYUN 1C DEB,1999-025APF,2026-05-28T13:25:39.369216,14.50720121,.0030097,98.6402,252.2714,342.5322,32.0654,0,U,30648,999,284,.19018E-2,.7479E-4,0
FENGYUN 1C DEB,1999-025APG,2026-05-28T20:01:59.204928,14.30963106,.004897,98.8080,251.1617,46.3397,75.8965,0,U,30649,999,99452,.17553E-2,.4633E-4,0
FENGYUN 1C DEB,1999-025APH,2026-05-29T01:36:02.314080,14.14780076,.0073033,99.1896,199.5890,81.0066,309.7387,0,U,30650,999,98664,.15797E-2,.3079E-4,0
FENGYUN 1C DEB,1999-025APJ,2026-05-29T01:15:06.668064,14.07861989,.0008963,98.7614,182.4679,148.1546,241.1203,0,U,30652,999,99048,.34246E-4,.15E-6,0
FENGYUN 1C DEB,1999-025APL,2026-05-28T06:09:39.126240,14.17816834,.0035245,99.2493,83.1559,352.2849,7.7778,0,U,30654,999,99039,.95838E-3,.192E-4,0
FENGYUN 1C DEB,1999-025APN,2026-05-28T23:56:56.545152,14.48154342,.0028853,99.0227,338.9540,311.6894,48.1828,0,U,30656,999,99504,.24094E-2,.8984E-4,0
FENGYUN 1C DEB,1999-025APP,2026-05-28T20:15:43.531776,14.40840583,.0017278,98.8372,257.0758,203.9132,282.5510,0,U,30657,999,99637,.22882E-2,.7304E-4,0
FENGYUN 1C DEB,1999-025APQ,2026-05-29T00:04:50.975328,13.87945676,.0184474,98.4198,170.3181,126.9737,234.8470,0,U,30658,999,97004,.1698E-2,.2276E-4,0
FENGYUN 1C DEB,1999-025APS,2026-05-29T05:30:27.560160,14.90270001,.0132246,98.1400,255.3705,145.8300,244.5027,0,U,30660,999,3277,.10391E-2,.11859E-3,0
FENGYUN 1C DEB,1999-025APT,2026-05-28T23:03:59.427072,14.21270155,.0143011,99.4922,342.1021,294.2229,64.4057,0,U,30661,999,278,.11044E-3,.215E-5,0
FENGYUN 1C DEB,1999-025APU,2026-05-28T03:04:26.424768,14.23350452,.0034989,99.0371,213.8446,153.6776,236.7096,0,U,30662,999,99005,.14701956E-2,.3309E-4,0
FENGYUN 1C DEB,1999-025APV,2026-05-28T06:18:58.059072,13.24355395,.0654487,99.3026,53.5592,93.2704,274.3459,0,U,30663,999,91251,.30127E-2,.4101E-4,0
FENGYUN 1C DEB,1999-025APX,2026-05-28T22:28:28.083360,14.13324198,.0070524,99.2165,130.3445,92.7875,292.5570,0,U,30665,999,98331,.15596E-2,.295E-4,0
FENGYUN 1C DEB,1999-025APY,2026-05-28T12:00:39.966048,14.02731682,.0061881,98.8392,132.1101,40.6564,84.1410,0,U,30666,999,98448,.22892E-3,.317E-5,0
FENGYUN 1C DEB,1999-025AQA,2026-05-29T04:55:17.260896,14.13338066,.0081388,99.1214,230.4224,135.7638,251.7319,0,U,30668,999,98420,.19961E-2,.3822E-4,0
FENGYUN 1C DEB,1999-025AQB,2026-05-28T18:55:38.095104,14.03539905,.0121574,98.6433,82.0814,66.9727,348.6753,0,U,30669,999,97796,.16032E-2,.2644E-4,0
FENGYUN 1C DEB,1999-025AQC,2026-05-29T01:37:46.787232,14.15893424,.0038082,98.6829,194.5180,310.7398,78.7633,0,U,30670,999,99520,.1009E-3,.157E-5,0
FENGYUN 1C DEB,1999-025AQD,2026-05-28T18:31:29.975808,13.96064862,.0124095,99.2362,219.0507,297.8397,185.7701,0,U,30671,999,97525,.10905E-2,.1549E-4,0
FENGYUN 1C DEB,1999-025AQF,2026-05-29T02:02:51.406080,14.03541148,.0052115,98.8916,199.7784,38.1007,352.2897,0,U,30673,999,98879,.21174E-3,.293E-5,0
FENGYUN 1C DEB,1999-025AQH,2026-05-29T05:05:39.102432,14.28620328,.005091,98.7446,233.6402,42.5060,344.8175,0,U,30675,999,99282,.14203E-2,.3573E-4,0
FENGYUN 1C DEB,1999-025AQJ,2026-05-28T09:50:22.824096,13.74673703,.0467966,98.2780,317.7120,315.9486,40.5255,0,U,30676,999,96213,.50295E-3,.1021E-4,0
FENGYUN 1C DEB,1999-025AQK,2026-05-28T02:38:18.892032,14.39302087,.00663346,98.2369,191.7664,64.9944,320.3265,0,U,30677,999,361,.11826914E-2,.3728E-4,0
FENGYUN 1C DEB,1999-025AQL,2026-05-27T20:36:15.231168,14.26577333,.00732073,99.0766,119.4512,110.4117,270.3562,0,U,30678,999,98242,.2920772E-2,.7211E-4,0
FENGYUN 1C DEB,1999-025AQM,2026-05-29T02:53:51.592128,13.79948983,.0170164,99.3592,204.2710,356.8805,31.1717,0,U,30679,999,96828,.40475E-3,.423E-5,0
FENGYUN 1C DEB,1999-025AQN,2026-05-28T19:23:01.595040,13.57371354,.0331215,99.6331,193.1412,107.3114,256.4539,0,U,30680,999,94519,.20338E-2,.2037E-4,0
FENGYUN 1C DEB,1999-025AQR,2026-05-29T00:30:51.107904,14.01018655,.0140715,99.4026,170.6399,127.4585,263.0378,0,U,30683,999,97893,.10732E-2,.1707E-4,0
FENGYUN 1C DEB,1999-025AQS,2026-05-29T01:50:31.314048,13.67164340,.0236797,99.5122,192.9852,199.2279,159.9814,0,U,30684,999,95915,.86962E-3,.841E-5,0
FENGYUN 1C DEB,1999-025AQU,2026-05-29T02:20:25.302048,14.75774919,.0138463,99.0220,7.2357,319.3830,192.1872,0,U,30686,999,2069,.59136E-3,.4665E-4,0
FENGYUN 1C DEB,1999-025AQW,2026-05-29T04:01:20.328096,14.34139525,.0017649,98.6898,228.2811,178.2798,211.9315,0,U,30688,999,99659,.16891E-2,.4695E-4,0
FENGYUN 1C DEB,1999-025AQX,2026-05-28T21:20:06.130176,14.12054091,.0110235,98.7233,135.4964,349.0770,39.3309,0,U,30689,999,99249,.44529E-3,.821E-5,0
FENGYUN 1C DEB,1999-025AQY,2026-05-27T19:52:57.705024,14.03238833,.01028629,99.1677,84.2845,338.7235,87.0075,0,U,30690,999,98036,.15329595E-2,.2459E-4,0
FENGYUN 1C DEB,1999-025AQZ,2026-05-28T11:34:08.961024,13.89911541,.0140453,98.7387,154.8520,136.1351,17.2519,0,U,30691,999,97432,.10134E-2,.1311E-4,0
FENGYUN 1C DEB,1999-025ARB,2026-05-29T04:10:48.969696,14.13494816,.0030392,98.7020,134.6250,53.3185,307.0774,0,U,30693,999,99300,.31407E-3,.551E-5,0
FENGYUN 1C DEB,1999-025ARC,2026-05-28T10:02:46.908672,14.90069821,.0125152,99.0588,143.3021,123.2460,238.0822,0,U,30694,999,2575,.10228E-2,.11397E-3,0
FENGYUN 1C DEB,1999-025ARE,2026-05-29T02:54:49.143168,14.45723576,.0086393,98.3669,200.9518,339.4122,46.9086,0,U,30696,999,709,.74145E-3,.2703E-4,0
FENGYUN 1C DEB,1999-025ARF,2026-05-29T02:51:18.912096,14.14362906,.0087878,98.8923,210.2390,72.6804,317.3617,0,U,30697,999,98626,.15775E-2,.3088E-4,0
FENGYUN 1C DEB,1999-025ARH,2026-05-29T02:24:48.182688,14.49859495,.0004739,99.3221,290.6771,129.1084,231.0529,0,U,30699,999,37,.24305E-2,.9346E-4,0
FENGYUN 1C DEB,1999-025ARJ,2026-05-29T00:46:05.415168,14.23944596,.0086512,98.5213,177.4351,17.0994,343.3068,0,U,30700,999,99950,.18679E-3,.403E-5,0
FENGYUN 1C DEB,1999-025ARK,2026-05-29T01:50:18.652128,14.13944862,.0034333,98.6908,191.0229,347.5492,41.3903,0,U,30701,999,99484,.17399E-4,-.1E-6,0
FENGYUN 1C DEB,1999-025ARL,2026-05-28T12:47:27.725856,14.04041407,.0069761,98.7556,167.4350,192.3367,320.1581,0,U,30702,999,98502,.77632E-3,.1213E-4,0
FENGYUN 1C DEB,1999-025ARM,2026-05-28T22:47:56.199264,14.20077125,.0116197,99.1531,144.5661,175.2612,214.4903,0,U,30703,999,98913,.79705E-3,.177E-4,0
FENGYUN 1C DEB,1999-025ARN,2026-05-28T23:43:15.127392,14.02186014,.0080863,98.8780,148.3610,355.0746,28.7459,0,U,30704,999,98455,.26559E-3,.375E-5,0
FENGYUN 1C DEB,1999-025ARP,2026-05-28T09:06:14.513760,13.82224941,.0196992,102.1868,305.6274,246.3771,142.5822,0,U,30705,999,96311,.18514E-2,.2248E-4,0
FENGYUN 1C DEB,1999-025ARQ,2026-05-28T16:31:28.473600,14.27089292,.0027577,99.0564,54.1640,12.2402,347.9441,0,U,30706,999,8,.75988E-3,.1812E-4,0
FENGYUN 1C DEB,1999-025ARR,2026-05-29T03:38:31.066080,14.27793145,.0024806,99.3986,221.0716,310.9544,78.6310,0,U,30707,999,99191,.13419E-2,.3277E-4,0
FENGYUN 1C DEB,1999-025ARS,2026-05-29T00:30:25.649280,14.12277556,.0009603,98.6820,162.5210,86.2684,348.8639,0,U,30708,999,99197,.14181E-3,.219E-5,0
FENGYUN 1C DEB,1999-025ART,2026-05-28T21:56:43.259712,14.19059600,.0082224,99.1527,137.0563,153.1752,207.3710,0,U,30709,999,98366,.20689E-2,.4426E-4,0
FENGYUN 1C DEB,1999-025ARU,2026-05-27T16:07:08.064768,13.95593180,.02247924,102.7466,104.5463,51.3008,123.4641,0,U,30710,999,97102,.30785499E-2,.5107E-4,0
FENGYUN 1C DEB,1999-025ARY,2026-05-29T01:59:42.753408,14.03576846,.0066839,98.8138,197.6677,175.2116,215.5783,0,U,30714,999,98340,.66943E-3,.1029E-4,0
FENGYUN 1C DEB,1999-025ARZ,2026-05-29T04:34:59.649024,14.15722081,.0065906,98.9626,224.2787,55.1373,305.5973,0,U,30715,999,98550,.14001E-2,.2761E-4,0
FENGYUN 1C DEB,1999-025ASA,2026-05-29T01:31:01.370784,14.90123130,.0015308,98.8653,356.0219,277.1558,242.7752,0,U,30716,999,306,.41389E-2,.40274E-3,0
FENGYUN 1C DEB,1999-025ASB,2026-05-27T15:45:04.715712,14.21570434,.00488229,99.0054,226.7040,143.8495,216.5998,0,U,30717,999,98893,.13728699E-2,.3E-4,0
FENGYUN 1C DEB,1999-025ASC,2026-05-28T22:50:17.693952,14.25480897,.005515,98.8824,236.3773,36.5312,323.9609,0,U,30718,999,99155,.15509E-2,.3679E-4,0
FENGYUN 1C DEB,1999-025ASD,2026-05-28T21:33:14.608800,14.65242510,.0009309,98.8922,308.3685,49.1302,311.0704,0,U,30719,999,99892,.3634E-2,.19588E-3,0
FENGYUN 1C DEB,1999-025ASE,2026-05-26T00:01:42.427200,14.29749149,.0031097,99.0455,330.6509,211.3599,302.3613,0,U,30720,999,99835,.60178607E-3,.1505E-4,0
FENGYUN 1C DEB,1999-025ASF,2026-05-29T02:55:44.713056,14.80233153,.0025416,98.7167,298.5151,172.5046,246.6001,0,U,30721,999,293,.40898E-2,.31353E-3,0
FENGYUN 1C DEB,1999-025ASH,2026-05-28T23:13:52.315104,14.43683805,.001677,98.8391,246.0685,127.3626,296.6018,0,U,30723,999,99782,.21902E-2,.741E-4,0
FENGYUN 1C DEB,1999-025ASJ,2026-05-25T07:34:37.850304,14.37435350,.00937147,99.3136,348.5104,143.4446,31.8841,0,U,30724,999,795,.26379419E-3,.778E-5,0
FENGYUN 1C DEB,1999-025ASK,2026-05-29T00:09:45.370368,14.16973905,.008556,98.9945,224.7069,274.5929,211.3086,0,U,30725,999,98716,.1047E-2,.2134E-4,0
FENGYUN 1C DEB,1999-025ASL,2026-05-28T13:00:08.112384,14.09949574,.0080339,99.2654,160.1888,121.3180,5.1348,0,U,30726,999,98333,.1106E-2,.1962E-4,0
FENGYUN 1C DEB,1999-025ASN,2026-05-28T22:52:50.801664,14.23539414,.0097458,98.5273,155.5916,315.2710,44.0639,0,U,30728,999,65,.68493E-4,.12E-5,0
FENGYUN 1C DEB,1999-025ASQ,2026-05-28T22:08:16.052928,14.26229942,.0075555,98.5995,190.1314,281.1665,208.1386,0,U,30730,999,99388,.82712E-3,.1999E-4,0
FENGYUN 1C DEB,1999-025ASR,2026-05-28T23:09:05.144832,14.44103263,.0015489,98.8528,239.8606,117.3664,298.9252,0,U,30731,999,99768,.23017E-2,.7856E-4,0
FENGYUN 1C DEB,1999-025ASS,2026-05-29T00:40:16.728096,14.04094803,.0125426,98.7899,168.8837,101.0134,287.9289,0,U,30732,999,98539,.16966E-3,.247E-5,0
FENGYUN 1C DEB,1999-025ASV,2026-05-29T04:04:05.537856,14.25064081,.0061503,98.7509,224.7307,120.9637,269.1157,0,U,30735,999,99132,.17865E-2,.4228E-4,0
FENGYUN 1C DEB,1999-025ASW,2026-05-29T00:36:10.876032,13.62172408,.0276867,98.7622,175.3795,337.5779,49.2525,0,U,30736,999,95130,.12672E-2,.1226E-4,0
FENGYUN 1C DEB,1999-025ASX,2026-05-28T22:12:45.703008,14.18486338,.002387,98.5967,130.9243,14.5636,12.5508,0,U,30737,999,99403,.28037E-3,.539E-5,0
FENGYUN 1C DEB,1999-025ASZ,2026-05-28T22:32:05.171136,14.15194314,.0100286,98.7068,136.9896,197.9465,190.6767,0,U,30739,999,99228,.2719E-3,.511E-5,0
FENGYUN 1C DEB,1999-025ATA,2026-05-27T18:53:53.998656,14.55292702,.00274583,98.6927,264.0809,350.7049,9.3635,0,U,30740,999,52,.20877511E-2,.9053E-4,0
FENGYUN 1C DEB,1999-025ATB,2026-05-28T23:03:56.613888,14.13334156,.0006372,98.6752,158.2144,16.2162,13.4048,0,U,30741,999,99181,.15526E-3,.249E-5,0
FENGYUN 1C DEB,1999-025ATC,2026-05-28T02:57:21.818880,14.11127420,.00733567,98.8538,195.2642,117.1833,267.6731,0,U,30742,999,98388,.15619969E-2,.2843E-4,0
FENGYUN 1C DEB,1999-025ATE,2026-05-28T10:36:18.081216,15.12991610,.0007394,98.7317,320.0337,132.4110,281.7137,0,U,30744,999,582,.59699E-2,.106856E-2,0
FENGYUN 1C DEB,1999-025ATG,2026-05-28T23:33:17.627328,14.27897895,.0045623,99.0616,340.7297,192.5742,324.7309,0,U,30746,999,99832,.42264E-3,.1011E-4,0
FENGYUN 1C DEB,1999-025ATK,2026-05-26T08:20:11.267232,13.99864601,.00604282,98.8627,173.2329,133.7133,226.9059,0,U,30749,999,98269,.19201317E-3,.244E-5,0
FENGYUN 1C DEB,1999-025ATL,2026-05-29T04:51:47.160288,14.30017031,.003658,98.9095,232.5475,331.2964,57.6967,0,U,30750,999,99174,.17711E-2,.456E-4,0
FENGYUN 1C DEB,1999-025ATM,2026-05-29T02:35:50.570016,14.16044423,.0048877,98.8393,212.0754,338.7535,50.4524,0,U,30751,999,98644,.10415E-2,.2036E-4,0
FENGYUN 1C DEB,1999-025ATP,2026-05-28T14:43:31.776672,14.13211241,.0054308,98.7892,189.3446,239.1414,120.4410,0,U,30753,999,98708,.6922E-3,.127E-4,0
FENGYUN 1C DEB,1999-025ATR,2026-05-28T22:41:46.555008,14.45680737,.0151768,98.2667,144.1636,120.0768,271.2745,0,U,30755,999,846,.53217E-3,.2124E-4,0
FENGYUN 1C DEB,1999-025ATS,2026-05-29T04:18:45.075168,14.19247797,.0073566,98.9778,223.7833,197.9667,189.6841,0,U,30756,999,98779,.15176E-2,.3224E-4,0
FENGYUN 1C DEB,1999-025ATU,2026-05-28T20:38:25.951776,14.17833541,.003901,99.0313,275.1035,245.6293,267.1263,0,U,30758,999,98858,.11554E-2,.233E-4,0
FENGYUN 1C DEB,1999-025ATV,2026-05-28T19:56:35.376000,14.58454587,.0007402,99.2621,279.9005,39.3133,114.1645,0,U,30759,999,88,.27447E-2,.12706E-3,0
FENGYUN 1C DEB,1999-025ATW,2026-05-28T23:39:14.099040,14.05310888,.0051936,98.8292,146.2360,233.1018,126.5384,0,U,30760,999,98571,.33942E-3,.513E-5,0
FENGYUN 1C DEB,1999-025ATX,2026-05-28T18:29:35.117376,14.36625178,.008299,98.9761,86.6898,181.8130,178.2766,0,U,30761,999,140,.58662E-3,.1747E-4,0
FENGYUN 1C DEB,1999-025ATY,2026-05-28T22:00:40.775904,13.98332911,.0197098,98.8874,139.4963,192.0019,197.4704,0,U,30762,999,97974,.48004E-3,.766E-5,0
FENGYUN 1C DEB,1999-025ATZ,2026-05-28T23:15:21.906720,14.68456731,.0022524,98.8855,238.7444,124.1493,291.8735,0,U,30763,999,99593,.52951E-2,.30856E-3,0
FENGYUN 1C DEB,1999-025AUA,2026-05-28T23:36:40.531680,15.45088969,.0051041,98.7814,157.0283,313.9421,45.7617,0,U,30764,999,3791,.13197E-2,.65912E-3,0
FENGYUN 1C DEB,1999-025AUB,2026-05-29T02:12:57.272256,14.15215112,.0069171,98.7671,197.3880,92.9343,297.4652,0,U,30765,999,99189,.74637E-3,.1442E-4,0
FENGYUN 1C DEB,1999-025AUC,2026-05-26T06:07:21.789984,14.09952879,.00816037,98.6762,145.7556,328.9029,46.0579,0,U,30766,999,65115,.53724625E-3,.934E-5,0
FENGYUN 1C DEB,1999-025AUE,2026-05-28T05:11:10.933728,14.50327941,.00222293,98.6142,246.4456,312.1254,77.7600,0,U,30768,999,283,.18693009E-2,.7271E-4,0
FENGYUN 1C DEB,1999-025AUG,2026-05-28T23:57:40.127040,14.15887366,.0014136,98.6527,155.2633,160.0591,255.3882,0,U,30770,999,99274,.29392E-3,.536E-5,0
FENGYUN 1C DEB,1999-025AUH,2026-05-28T22:56:21.507072,14.45918721,.002297,98.9101,137.1946,151.7474,208.4967,0,U,30771,999,99478,.23529E-2,.8356E-4,0
FENGYUN 1C DEB,1999-025AUL,2026-05-29T05:11:50.433216,14.34014559,.0017084,98.8322,244.3618,261.8326,127.9103,0,U,30802,999,99602,.1657E-2,.4591E-4,0
FENGYUN 1C DEB,1999-025AUM,2026-05-29T02:14:11.399136,14.12040537,.0107461,99.2287,192.2082,94.5360,294.1650,0,U,30803,999,98360,.12747E-2,.242E-4,0
FENGYUN 1C DEB,1999-025AUN,2026-05-29T04:48:15.596064,14.55316688,.018426,98.8749,230.1785,42.8095,345.2373,0,U,30804,999,1907,.33975E-3,.179E-4,0
FENGYUN 1C DEB,1999-025AUP,2026-05-28T02:03:43.176960,14.03225357,.00733934,98.8007,190.4692,177.9441,209.9280,0,U,30805,999,98293,.51210659E-3,.775E-5,0
FENGYUN 1C DEB,1999-025AUQ,2026-05-29T00:55:47.295840,13.70755995,.0268672,99.0187,170.6246,50.1465,5.9103,0,U,30806,999,95987,.11365E-2,.1266E-4,0
FENGYUN 1C DEB,1999-025AUT,2026-05-28T05:02:57.093792,14.30595095,.00501525,98.7844,243.7618,48.5731,311.9744,0,U,30809,999,99466,.17079417E-2,.4477E-4,0
FENGYUN 1C DEB,1999-025AUU,2026-05-27T23:06:45.242496,14.06770819,.01717474,98.6702,317.6957,306.2624,52.2780,0,U,30810,999,96718,.31337267E-2,.5917E-4,0
FENGYUN 1C DEB,1999-025AUV,2026-05-29T00:16:38.231040,13.62372217,.0275637,98.7618,176.8410,329.3903,29.1403,0,U,30811,999,95144,.12318E-2,.1192E-4,0
FENGYUN 1C DEB,1999-025AUY,2026-05-28T23:20:16.160064,14.65111046,.0032065,99.0880,147.1681,82.3307,304.8816,0,U,30814,999,187,.29284E-2,.15825E-3,0
FENGYUN 1C DEB,1999-025AUZ,2026-05-28T11:37:31.583712,14.82904624,.000233,99.3033,335.1593,105.5652,278.0074,0,U,30815,999,209,.37955E-2,.30843E-3,0
FENGYUN 1C DEB,1999-025AVA,2026-05-29T04:40:44.403168,14.19053580,.0049697,98.9007,225.3518,295.1309,91.9735,0,U,30816,999,98768,.134E-2,.2789E-4,0
FENGYUN 1C DEB,1999-025AVB,2026-05-29T03:47:27.572064,14.00832629,.0058883,98.7845,137.9766,137.1429,223.4348,0,U,30817,999,98253,.18196E-3,.234E-5,0
FENGYUN 1C DEB,1999-025AVE,2026-05-28T05:24:47.753280,14.22744853,.00514076,98.6742,246.8117,67.4816,323.1591,0,U,30820,999,98790,.15258604E-2,.3424E-4,0
FENGYUN 1C DEB,1999-025AVF,2026-05-27T23:35:48.570720,14.50589842,.00860941,99.1243,309.0933,69.6158,56.6368,0,U,30821,999,1198,.48142926E-3,.1925E-4,0
FENGYUN 1C DEB,1999-025AVG,2026-05-28T08:30:03.768192,14.11550528,.0074383,98.7152,176.8248,171.1454,201.9325,0,U,30822,999,99052,.32982E-3,.572E-5,0
FENGYUN 1C DEB,1999-025AVH,2026-05-29T04:29:44.252736,14.02757421,.0132439,98.7869,289.1262,336.7515,147.3282,0,U,30823,999,98381,.30905E-3,.473E-5,0
FENGYUN 1C DEB,1999-025AVL,2026-05-28T09:04:44.276736,14.83989575,.0140702,98.8558,6.5770,186.6779,349.8521,0,U,30826,999,2756,.49878E-3,.4876E-4,0
FENGYUN 1C DEB,1999-025AVM,2026-05-28T22:38:57.221376,14.40568921,.0045008,99.0113,147.8187,49.2540,311.2541,0,U,30827,999,98954,.28404E-2,.9122E-4,0
FENGYUN 1C DEB,1999-025AVN,2026-05-28T18:35:19.144032,14.81046646,.0196352,98.3845,267.8141,4.4612,355.8291,0,U,30828,999,1111,.68374E-3,.7335E-4,0
FENGYUN 1C DEB,1999-025AVP,2026-05-28T10:32:32.800128,14.08895687,.0034604,98.7864,141.8126,220.9742,138.8827,0,U,30829,999,98780,.28518E-3,.452E-5,0
FENGYUN 1C DEB,1999-025AVQ,2026-05-28T10:27:14.479200,14.12402216,.0032244,98.7427,137.6653,77.0221,76.5831,0,U,30830,999,98952,.26808E-3,.454E-5,0
FENGYUN 1C DEB,1999-025AVR,2026-05-24T04:44:39.262560,14.31466903,.00539055,99.3481,314.0580,285.3839,74.1390,0,U,30831,999,67574,.20015908E-3,.489E-5,0
FENGYUN 1C DEB,1999-025AVT,2026-05-28T06:14:02.141664,14.27152277,.0033552,99.8637,320.2104,74.3036,286.1838,0,U,30833,999,66786,.30632E-3,.698E-5,0
FENGYUN 1C DEB,1999-025AVW,2026-05-25T12:43:26.877216,14.12143708,.00274638,98.7229,178.9733,138.4919,221.8346,0,U,30836,999,64315,.26608973E-3,.447E-5,0
FENGYUN 1C DEB,1999-025AVX,2026-05-29T04:40:02.080128,14.14741228,.0032903,98.6938,135.9403,18.5834,42.4200,0,U,30837,999,99186,.30337E-3,.544E-5,0
FENGYUN 1C DEB,1999-025AVY,2026-05-29T00:51:08.242848,14.50714876,.0037788,99.0441,79.8863,22.0603,338.2205,0,U,30838,999,99737,.30704E-2,.12151E-3,0
FENGYUN 1C DEB,1999-025AWA,2026-05-28T11:17:14.447040,14.62538737,.0212606,98.0164,160.0580,205.2957,153.7716,0,U,30840,999,75567,.3533E-3,.2424E-4,0
FENGYUN 1C DEB,1999-025AWD,2026-05-28T04:34:18.239232,14.52756523,.01468842,98.8249,233.5689,336.2370,23.2087,0,U,30843,999,1707,.12714008E-3,.541E-5,0
FENGYUN 1C DEB,1999-025AWF,2026-05-28T22:14:59.222976,13.76991030,.0192758,98.3892,134.9121,177.3313,212.5178,0,U,30845,999,96544,.28744E-3,.289E-5,0
FENGYUN 1C DEB,1999-025AWG,2026-05-28T11:35:37.476096,14.42452986,.0052594,99.3267,342.0308,206.2188,184.0029,0,U,30846,999,324,.74863E-3,.2468E-4,0
FENGYUN 1C DEB,1999-025AWH,2026-05-28T22:56:44.390976,14.18242391,.0063594,98.7458,311.4045,207.4871,305.0419,0,U,30847,999,98424,.19463E-2,.4043E-4,0
FENGYUN 1C DEB,1999-025AWJ,2026-05-27T12:17:53.755008,14.35525679,.00413291,99.0523,355.4701,209.2685,150.6184,0,U,30848,999,99684,.82024888E-3,.2336E-4,0
FENGYUN 1C DEB,1999-025AWK,2026-05-28T03:25:56.337024,14.19781414,.00474419,99.0327,216.5135,249.3858,139.5537,0,U,30849,999,98733,.11546975E-2,.2427E-4,0
FENGYUN 1C DEB,1999-025AWL,2026-05-29T02:23:05.841888,14.17550888,.0111675,98.3904,10.2811,72.8158,79.2729,0,U,30850,999,98168,.1899E-2,.4062E-4,0
FENGYUN 1C DEB,1999-025AWN,2026-05-28T11:57:15.340608,14.10575209,.0058014,98.7215,166.4247,121.8928,238.7906,0,U,30852,999,98733,.43718E-3,.75E-5,0
FENGYUN 1C DEB,1999-025AWS,2026-05-27T11:17:23.754048,14.51736510,.0082254,98.2032,332.7078,90.2207,300.5849,0,U,30856,999,98926,.49289387E-2,.20703E-3,0
FENGYUN 1C DEB,1999-025AWT,2026-05-27T23:23:46.823136,14.57334781,.00394199,98.9713,154.7827,147.9345,212.4261,0,U,30857,999,99140,.41978393E-2,.1921E-3,0
FENGYUN 1C DEB,1999-025AWU,2026-05-29T02:37:37.904736,14.18038592,.0029055,98.7751,209.9841,352.8262,36.8926,0,U,30858,999,99352,.33919E-3,.654E-5,0
FENGYUN 1C DEB,1999-025AWV,2026-05-29T03:17:14.443008,14.52681312,.0028391,98.9158,214.2565,240.9548,118.8801,0,U,30859,999,99462,.29812E-2,.12252E-3,0
FENGYUN 1C DEB,1999-025AWW,2026-05-29T05:03:15.312096,14.26608555,.0039472,98.8936,230.2619,68.1614,292.3757,0,U,30860,999,98903,.17384E-2,.4188E-4,0
FENGYUN 1C DEB,1999-025AWY,2026-05-28T05:52:48.069120,14.46570478,.0046863,98.9550,252.9648,29.1192,0.9219,0,U,30862,999,99124,.28536E-2,.10392E-3,0
FENGYUN 1C DEB,1999-025AWZ,2026-05-28T09:14:15.214848,12.41070238,.0871454,99.1372,305.2618,258.7257,120.3426,0,U,30863,999,61807,.41655E-2,.2137E-4,0
FENGYUN 1C DEB,1999-025AXD,2026-05-29T04:23:04.624224,14.29592560,.0047795,97.8724,44.8676,214.0213,298.9752,0,U,30867,999,98928,.18058E-2,.4643E-4,0
FENGYUN 1C DEB,1999-025AXE,2026-05-29T02:49:28.542144,14.11206235,.0137056,98.2416,18.7564,91.6777,60.3182,0,U,30868,999,99071,.11503E-3,.189E-5,0
FENGYUN 1C DEB,1999-025AXJ,2026-05-29T00:00:33.154272,14.40377475,.0040753,99.1705,218.3197,255.5029,229.5908,0,U,30872,999,128,.94216E-3,.297E-4,0
FENGYUN 1C DEB,1999-025AXK,2026-05-28T19:47:40.431264,14.19284327,.0108852,98.6154,149.5582,165.6901,194.7400,0,U,30873,999,99562,.16852E-3,.333E-5,0
FENGYUN 1C DEB,1999-025AXL,2026-05-29T01:22:51.392064,14.19961914,.0039911,98.4700,177.6954,274.1939,112.1575,0,U,30874,999,99395,.3995E-3,.814E-5,0
FENGYUN 1C DEB,1999-025AXN,2026-05-28T22:16:35.825088,13.99308741,.0068111,98.8262,132.8446,172.7433,214.4820,0,U,30876,999,98048,.60969E-4,.48E-6,0
FENGYUN 1C DEB,1999-025AXQ,2026-05-28T22:44:18.549024,14.12228186,.0040623,98.7228,150.9122,176.0967,214.2227,0,U,30878,999,98727,.50233E-3,.888E-5,0
FENGYUN 1C DEB,1999-025AXR,2026-05-28T21:58:56.529984,14.76043331,.0178572,99.3416,35.5409,124.7706,237.0454,0,U,30879,999,64399,.35565E-2,.3191E-3,0
FENGYUN 1C DEB,1999-025AXS,2026-05-29T03:44:36.538080,14.26612469,.0019529,98.7809,226.4908,342.1130,17.9361,0,U,30880,999,99100,.12277E-2,.2926E-4,0
FENGYUN 1C DEB,1999-025AXU,2026-05-28T22:30:27.057888,14.90433650,.0142645,97.9186,209.5230,209.9731,149.3265,0,U,30882,999,2137,.99861E-3,.11762E-3,0
FENGYUN 1C DEB,1999-025AXV,2026-05-26T21:27:06.154272,14.14670914,.0113569,98.3384,178.3921,97.7938,25.4323,0,U,30883,999,99252,.16142E-3,.292E-5,0
FENGYUN 1C DEB,1999-025AXW,2026-05-29T00:01:02.546688,14.77388310,.0062912,98.8882,164.3938,168.6866,191.5773,0,U,30884,999,1101,.16313E-2,.11942E-3,0
FENGYUN 1C DEB,1999-025AXX,2026-05-29T02:33:33.453216,14.52237956,.0053627,99.0192,6.7336,75.3812,76.3537,0,U,30885,999,99404,.23685E-2,.9759E-4,0
FENGYUN 1C DEB,1999-025AXY,2026-05-28T23:05:00.684672,14.23899415,.0033334,99.2039,54.5961,282.2230,77.5214,0,U,30886,999,98775,.14137E-2,.3211E-4,0
FENGYUN 1C DEB,1999-025AXZ,2026-05-29T02:57:36.296064,14.45910993,.0262454,98.3431,207.6133,139.1706,222.9479,0,U,30887,999,539,.85325E-3,.4607E-4,0
FENGYUN 1C DEB,1999-025AYA,2026-05-28T12:08:04.380000,14.99060384,.007378,99.4823,167.5595,340.7760,19.0676,0,U,30888,999,2411,.12389E-2,.15855E-3,0
FENGYUN 1C DEB,1999-025AYD,2026-05-29T02:17:26.251008,14.06234513,.0056253,98.7583,196.4866,78.7547,310.5157,0,U,30891,999,98334,.40497E-3,.634E-5,0
FENGYUN 1C DEB,1999-025AYE,2026-05-28T16:46:46.161696,14.19221821,.003943,99.6829,112.0117,83.8180,276.7482,0,U,30892,999,66671,.37602E-3,.743E-5,0
FENGYUN 1C DEB,1999-025AYF,2026-05-19T07:27:20.345760,13.94548815,.0307416,98.2417,155.0097,11.6163,3.3518,0,U,30893,999,97081,.43556E-3,.823E-5,0
FENGYUN 1C DEB,1999-025AYH,2026-05-28T10:20:59.154144,14.31924767,.0215796,98.6967,222.5674,354.4786,62.9430,0,U,30895,999,172,.21267E-3,.684E-5,0
FENGYUN 1C DEB,1999-025AYM,2026-05-28T13:26:57.352128,14.34700127,.0029942,99.1724,61.2050,159.1953,325.9213,0,U,30899,999,99046,.14714E-2,.414E-4,0
FENGYUN 1C DEB,1999-025AYR,2026-05-28T10:26:13.791840,13.97681341,.0096327,99.3535,42.2530,0.3404,359.7807,0,U,30903,999,71033,.13128E-3,.146E-5,0
FENGYUN 1C DEB,1999-025AYT,2026-05-28T11:14:09.982176,14.18914444,.0050899,98.8791,229.0354,325.9151,33.8759,0,U,30905,999,98486,.15856E-2,.3302E-4,0
FENGYUN 1C DEB,1999-025AYV,2026-05-26T22:05:04.610400,14.15646939,.0056836,99.9336,190.8227,45.7286,314.8527,0,U,30907,999,3886,.72123E-3,.1382E-4,0
FENGYUN 1C DEB,1999-025AZA,2026-05-29T02:43:03.478944,14.94243521,.0051723,98.9836,18.8536,282.5634,76.9800,0,U,30912,999,1897,.14316E-2,.15719E-3,0
FENGYUN 1C DEB,1999-025AZB,2026-05-29T00:42:31.207104,14.05277837,.0049718,98.7271,174.8650,73.2683,287.3933,0,U,30913,999,98267,.42833E-3,.659E-5,0
FENGYUN 1C DEB,1999-025AZC,2026-05-20T21:48:44.418816,13.09374385,.05102941,99.9823,19.8307,349.2470,9.8054,0,U,30914,999,61158,.1425666E-2,.89E-5,0
FENGYUN 1C DEB,1999-025AZD,2026-05-28T22:32:16.678752,14.26272623,.0051047,98.9325,233.3236,46.2311,314.3075,0,U,30915,999,98895,.14108E-2,.3386E-4,0
FENGYUN 1C DEB,1999-025AZE,2026-05-29T03:00:56.019168,14.09438540,.0065441,98.9804,214.1077,149.6072,241.0939,0,U,30916,999,98201,.10831E-2,.1885E-4,0
FENGYUN 1C DEB,1999-025AZG,2026-05-28T18:47:41.523936,13.97343715,.0155191,98.4212,252.0373,18.1333,111.8656,0,U,30918,999,97385,.66372E-3,.992E-5,0
FENGYUN 1C DEB,1999-025AZJ,2026-05-28T16:04:33.257568,14.18799321,.0104209,98.9152,295.6457,341.9789,17.7703,0,U,30920,999,97459,.25797E-2,.5619E-4,0
FENGYUN 1C DEB,1999-025AZK,2026-05-29T05:27:54.951840,14.34322240,.0016215,98.8383,245.2530,256.6194,132.4401,0,U,30921,999,99224,.17098E-2,.4768E-4,0
FENGYUN 1C DEB,1999-025AZL,2026-05-29T00:08:15.219744,14.17896237,.0012212,98.6298,165.2227,291.4246,124.3388,0,U,30922,999,98934,.56615E-3,.1115E-4,0
FENGYUN 1C DEB,1999-025AZP,2026-05-27T08:59:23.112384,14.45915224,.00332733,98.8904,291.6407,104.5434,283.7907,0,U,30925,999,99464,.2265693E-2,.8072E-4,0
FENGYUN 1C DEB,1999-025AZQ,2026-05-28T08:57:28.209024,14.91248314,.015956,98.8226,113.3338,204.7713,154.5782,0,U,30926,999,3249,.26503E-3,.3282E-4,0
FENGYUN 1C DEB,1999-025AZR,2026-05-24T14:54:08.179200,14.09903401,.00957321,99.1699,213.1685,269.9108,89.1091,0,U,30927,999,97978,.11921013E-2,.2144E-4,0
FENGYUN 1C DEB,1999-025AZS,2026-05-29T03:21:52.706304,13.22533079,.0449753,98.8715,218.8484,343.9563,42.0541,0,U,30928,999,92561,.83408E-3,.558E-5,0
FENGYUN 1C DEB,1999-025AZU,2026-05-28T12:58:34.777056,14.37803681,.0106941,98.1959,174.3301,325.3592,188.1230,0,U,30930,999,719,.33595E-3,.1037E-4,0
FENGYUN 1C DEB,1999-025AZV,2026-05-26T15:11:15.686016,14.01855763,.00913857,99.1503,209.8442,305.1007,211.0103,0,U,30931,999,98235,.74101191E-3,.1123E-4,0
FENGYUN 1C DEB,1999-025AZW,2026-05-28T06:57:02.647872,14.28723762,.0055093,98.9123,89.5121,164.8765,195.4078,0,U,30932,999,98771,.19877E-2,.504E-4,0
FENGYUN 1C DEB,1999-025AZX,2026-05-28T10:57:35.500032,14.40798144,.0068902,99.0541,145.1065,187.9020,326.1044,0,U,30933,999,98269,.35492E-2,.11655E-3,0
FENGYUN 1C DEB,1999-025AZY,2026-05-28T13:57:39.648960,13.47295759,.0341716,98.7559,10.1550,16.6624,344.5419,0,U,30934,999,93954,.16121E-2,.1368E-4,0
FENGYUN 1C DEB,1999-025BAA,2026-05-29T00:52:38.980992,14.23738043,.0047299,98.5602,180.5738,162.1719,228.1723,0,U,30936,999,99513,.45411E-3,.1007E-4,0
FENGYUN 1C DEB,1999-025BAB,2026-05-29T02:52:53.913216,13.95631235,.0074222,99.0602,203.9167,315.1682,72.1487,0,U,30937,999,98051,-.11826E-4,-.61E-6,0
FENGYUN 1C DEB,1999-025BAC,2026-05-28T23:39:24.841152,14.20071452,.0045226,98.5823,162.5579,217.4607,172.4166,0,U,30938,999,99493,.29342E-3,.589E-5,0
FENGYUN 1C DEB,1999-025BAE,2026-05-28T11:21:12.142944,14.08558804,.003943,98.6276,146.5754,249.3375,263.6068,0,U,30940,999,98479,.35024E-3,.564E-5,0
FENGYUN 1C DEB,1999-025BAF,2026-05-28T13:23:15.671328,14.32591816,.0031014,98.5402,7.8239,179.2781,180.8453,0,U,30941,999,99013,.16052E-2,.434E-4,0
FENGYUN 1C DEB,1999-025BAG,2026-05-28T11:09:40.826304,14.15024383,.0136524,98.6853,147.3033,350.1167,162.9486,0,U,30942,999,99002,.2481E-3,.482E-5,0
FENGYUN 1C DEB,1999-025BAH,2026-05-26T05:59:19.951872,14.04640580,.00488955,98.7888,160.0423,325.6287,34.1721,0,U,30943,999,98051,.37298289E-3,.56E-5,0
FENGYUN 1C DEB,1999-025BAJ,2026-05-29T00:03:02.054304,14.52698650,.0146825,98.8248,218.5861,314.6455,169.1176,0,U,30944,999,1480,.10406E-3,.431E-5,0
FENGYUN 1C DEB,1999-025BAK,2026-05-29T00:43:19.777728,14.31095919,.0027693,99.3800,175.8466,276.7643,148.2588,0,U,30945,999,98829,.14026E-2,.3664E-4,0
FENGYUN 1C DEB,1999-025BAL,2026-05-28T19:56:28.700736,14.48981348,.0088663,99.0564,280.8325,54.8789,98.1342,0,U,30946,999,754,.48032E-3,.186E-4,0
FENGYUN 1C DEB,1999-025BAM,2026-05-29T03:53:02.606208,14.38329322,.0097415,98.7939,47.9385,111.7518,249.4071,0,U,30947,999,895,.25188E-3,.763E-5,0
FENGYUN 1C DEB,1999-025BAP,2026-05-28T21:58:46.487712,14.14203437,.0116518,98.7065,143.9864,191.6361,198.0126,0,U,30949,999,98879,.1722E-3,.308E-5,0
FENGYUN 1C DEB,1999-025BAU,2026-05-28T18:56:05.309376,14.15603043,.0127851,98.7131,250.0785,70.5587,57.0130,0,U,30954,999,98750,.82709E-3,.1711E-4,0
FENGYUN 1C DEB,1999-025BAW,2026-05-29T01:45:20.863296,14.14774203,.0048868,98.7400,184.7390,222.6321,164.5500,0,U,30956,999,98673,.85763E-3,.1629E-4,0
FENGYUN 1C DEB,1999-025BAZ,2026-05-09T15:52:18.440256,14.39968122,.0050449,99.7023,102.2487,138.5553,221.9475,0,U,30959,999,62513,.11994E-2,.378E-4,0
FENGYUN 1C DEB,1999-025BBA,2026-05-28T14:40:43.131648,14.70006714,.0186018,99.0168,286.4719,6.7401,353.6239,0,U,30960,999,1124,.72929E-3,.5648E-4,0
FENGYUN 1C DEB,1999-025BBE,2026-05-28T20:14:41.543232,14.01216729,.0139799,98.6755,112.8126,129.0095,261.8661,0,U,30964,999,97735,.13976E-2,.2248E-4,0
FENGYUN 1C DEB,1999-025BBH,2026-05-28T08:15:00.482112,14.58431781,.0095452,98.7822,108.6072,90.1129,271.1006,0,U,30967,999,1433,.86116E-3,.4199E-4,0
FENGYUN 1C DEB,1999-025BBM,2026-05-29T04:10:45.938784,14.73074111,.0160689,99.1857,219.9588,34.3195,352.1505,0,U,30971,999,2180,.5212E-3,.4046E-4,0
FENGYUN 1C DEB,1999-025BBU,2026-05-23T20:37:05.509920,14.38724603,.00416131,98.2319,184.6117,92.9679,267.6272,0,U,30978,999,770,.7826695E-3,.2386E-4,0
FENGYUN 1C DEB,1999-025BBV,2026-05-28T11:52:46.875936,14.81845836,.0184514,97.8178,47.8958,58.6811,116.5784,0,U,30979,999,1589,.1307E-2,.13864E-3,0
FENGYUN 1C DEB,1999-025BBY,2026-05-28T04:51:45.078912,14.51386216,.01807344,98.2289,139.8917,159.8562,261.8361,0,U,30982,999,73468,.17615485E-3,.816E-5,0
FENGYUN 1C DEB,1999-025BCA,2026-05-28T08:49:51.895200,14.51520037,.0124744,98.2422,186.6464,215.4349,143.8512,0,U,30984,999,97580,.60592E-3,.2631E-4,0
FENGYUN 1C DEB,1999-025BCE,2026-05-28T09:47:32.830368,15.52312190,.006898,98.5491,128.2050,116.6763,244.1571,0,U,30988,999,2104,.19259E-2,.131349E-2,0
FENGYUN 1C DEB,1999-025BCF,2026-05-29T04:39:37.031040,14.14785559,.0086492,99.0413,229.8937,346.3238,13.5592,0,U,30989,999,98355,.10805E-2,.2114E-4,0
FENGYUN 1C DEB,1999-025BCK,2026-05-28T05:56:15.670176,14.37256986,.0016675,98.8443,250.0898,235.5435,153.3929,0,U,30993,999,99310,.18933E-2,.5608E-4,0
FENGYUN 1C DEB,1999-025BCL,2026-05-28T19:07:45.888096,14.11870051,.0018917,98.6962,157.2265,64.8414,295.4717,0,U,30994,999,98942,.16492E-3,.259E-5,0
FENGYUN 1C DEB,1999-025BCN,2026-05-27T16:59:52.405152,14.36207293,.00496697,98.9402,63.7788,161.5056,228.6818,0,U,30996,999,99945,.67919329E-3,.1963E-4,0
FENGYUN 1C DEB,1999-025BCQ,2026-05-28T04:56:05.714880,14.51007414,.00119642,98.8233,244.3828,61.7983,327.9969,0,U,30998,999,99602,.25259527E-2,.9966E-4,0
FENGYUN 1C DEB,1999-025BCR,2026-05-28T06:19:33.033792,14.59507613,.0110939,99.0957,342.8083,191.6489,168.2138,0,U,30999,999,1245,.63952E-3,.3248E-4,0
FENGYUN 1C DEB,1999-025BCS,2026-05-28T06:11:34.624032,14.10036759,.0162125,97.5543,155.4982,299.4143,73.6952,0,U,31000,999,72303,.43958E-3,.842E-5,0
FENGYUN 1C DEB,1999-025BCT,2026-05-29T04:10:00.905376,14.43380582,.0146258,99.2544,41.6334,20.5390,340.1596,0,U,31001,999,600,.49327E-3,.1837E-4,0
FENGYUN 1C DEB,1999-025BCU,2026-05-28T23:30:03.648960,13.99377596,.0097655,98.8806,160.9597,244.1015,144.9276,0,U,31002,999,97944,.33415E-3,.463E-5,0
FENGYUN 1C DEB,1999-025BCV,2026-05-29T03:40:37.330176,14.25821356,.0041268,98.8330,232.1651,91.4068,269.1839,0,U,31003,999,98894,.1359E-2,.3217E-4,0
FENGYUN 1C DEB,1999-025BCX,2026-05-27T19:19:22.613376,13.83907283,.01796712,98.6256,272.8446,232.8080,284.5589,0,U,31005,999,96577,.15562481E-2,.1917E-4,0
FENGYUN 1C DEB,1999-025BCZ,2026-05-28T22:33:38.767392,14.62217346,.0060019,98.0951,141.9694,232.6475,126.9250,0,U,31007,999,527,.15516E-2,.7978E-4,0
FENGYUN 1C DEB,1999-025BDB,2026-05-28T22:26:32.773056,14.00534425,.005658,98.9113,145.3944,133.4495,257.0526,0,U,31009,999,98201,.35237E-3,.488E-5,0
FENGYUN 1C DEB,1999-025BDC,2026-05-29T00:43:26.743296,14.28825852,.0105924,101.7315,357.6833,278.5131,80.4047,0,U,31010,999,98016,.31092E-2,.8267E-4,0
FENGYUN 1C DEB,1999-025BDE,2026-05-29T05:04:17.996160,14.28016196,.0082984,98.9010,55.5962,125.0372,27.2645,0,U,31012,999,118,.15982E-3,.366E-5,0
FENGYUN 1C DEB,1999-025BDG,2026-05-28T20:46:06.449088,13.98553239,.0089778,98.8883,124.1905,91.4920,299.0910,0,U,31014,999,98172,.37289E-3,.511E-5,0
FENGYUN 1C DEB,1999-025BDJ,2026-05-28T14:41:59.841024,14.30740000,.0113702,98.4259,164.4504,140.3786,348.5112,0,U,31016,999,99856,.25881E-3,.685E-5,0
FENGYUN 1C DEB,1999-025BDK,2026-05-27T17:07:04.412928,14.09040887,.0111575,98.6953,132.9392,239.4713,302.8958,0,U,31017,999,98633,.28896444E-3,.487E-5,0
FENGYUN 1C DEB,1999-025BDL,2026-05-28T04:26:32.786016,14.17986197,.00562025,99.0195,242.4521,13.3712,346.8937,0,U,31018,999,98413,.15368045E-2,.3151E-4,0
FENGYUN 1C DEB,1999-025BDM,2026-05-26T09:00:46.942848,11.83331799,.1104786,98.7229,293.3192,325.8468,50.4614,0,U,31019,999,57128,.30259059E-2,.1066E-4,0
FENGYUN 1C DEB,1999-025BDP,2026-05-28T14:25:56.557056,14.78000802,.0260977,98.3617,270.0561,69.2399,293.6563,0,U,31021,999,75895,.49434E-3,.6268E-4,0
FENGYUN 1C DEB,1999-025BDQ,2026-05-23T09:54:27.696384,13.90629695,.01110306,99.5013,35.7803,49.6256,311.4530,0,U,31022,999,64255,.33984958E-3,.399E-5,0
FENGYUN 1C DEB,1999-025BDR,2026-05-25T05:39:20.388960,14.06783315,.0083962,98.8288,131.6810,121.6802,239.2589,0,U,31023,999,71800,.19468352E-3,.292E-5,0
FENGYUN 1C DEB,1999-025BDS,2026-05-26T17:40:38.324352,14.21089601,.00749319,99.0435,68.9298,14.5804,345.7510,0,U,31024,999,99047,.23326606E-3,.474E-5,0
FENGYUN 1C DEB,1999-025BDT,2026-05-27T16:55:17.239296,14.21026904,.01703573,98.5923,138.3301,251.6011,106.6577,0,U,31025,999,66722,.31641908E-3,.749E-5,0
FENGYUN 1C DEB,1999-025BDU,2026-05-24T02:07:33.489984,13.83475298,.01355635,98.7922,74.0279,103.5176,274.5769,0,U,31026,999,70271,.12621672E-3,.11E-5,0
FENGYUN 1C DEB,1999-025BDW,2026-05-27T00:28:10.618176,13.89191583,.016433,98.7155,73.2480,201.2433,158.1850,0,U,31028,999,64298,.1808905E-3,.204E-5,0
FENGYUN 1C DEB,1999-025BDX,2026-05-29T05:34:56.652096,14.34667338,.0087781,98.8481,55.2409,302.3728,209.5754,0,U,31029,999,191,.30217E-3,.845E-5,0
FENGYUN 1C DEB,1999-025BDY,2026-05-29T03:20:58.567200,14.24359955,.0025298,98.7481,215.4136,318.9490,70.9922,0,U,31030,999,99087,.82628E-3,.1872E-4,0
FENGYUN 1C DEB,1999-025BDZ,2026-05-28T18:42:43.729920,14.21299632,.0029632,99.0762,75.3967,71.0699,347.3822,0,U,31031,999,99227,.40347E-3,.837E-5,0
FENGYUN 1C DEB,1999-025BEA,2026-05-28T18:26:18.843360,14.02993854,.0140203,99.3926,167.9065,98.2761,318.2047,0,U,31032,999,97323,.15217E-2,.2531E-4,0
FENGYUN 1C DEB,1999-025BEB,2026-05-29T04:59:55.156992,14.27692313,.0152211,98.4578,127.0716,338.7406,86.7280,0,U,31033,999,99735,.25577E-3,.668E-5,0
FENGYUN 1C DEB,1999-025BEE,2026-05-26T19:50:37.431168,14.49392967,.01388822,98.9269,267.7110,128.5742,21.9404,0,U,31036,999,59698,.22742953E-3,.928E-5,0
FENGYUN 1C DEB,1999-025BEG,2026-05-28T05:22:17.616864,14.46492224,.0084692,99.0073,247.5803,93.0644,268.0241,0,U,31038,999,637,.57010485E-3,.2093E-4,0
FENGYUN 1C DEB,1999-025BEJ,2026-05-28T11:26:49.253280,14.17907060,.006392,98.6701,139.2979,75.9606,75.1187,0,U,31040,999,99069,.29566E-3,.574E-5,0
FENGYUN 1C DEB,1999-025BEK,2026-05-29T01:50:42.190944,14.19277375,.0086326,99.1886,188.8451,204.9481,154.7510,0,U,31041,999,97862,.19993E-2,.4308E-4,0
FENGYUN 1C DEB,1999-025BEM,2026-05-28T23:56:58.877088,14.08701455,.0039845,98.7519,167.0258,249.7192,139.7759,0,U,31043,999,98342,.42985E-3,.703E-5,0
FENGYUN 1C DEB,1999-025BEQ,2026-05-29T01:36:15.694848,14.73462683,.0036266,98.9647,289.8285,303.5947,111.3636,0,U,31046,999,99099,.45081E-2,.29632E-3,0
FENGYUN 1C DEB,1999-025BER,2026-05-28T11:00:54.392832,14.14114696,.0027093,98.7063,146.5637,65.8907,87.8884,0,U,31047,999,98715,.38262E-3,.688E-5,0
FENGYUN 1C DEB,1999-025BEV,2026-05-26T08:23:13.595424,14.03160894,.00533656,98.7974,176.6359,37.8228,322.6670,0,U,31051,999,66127,.59940469E-4,.52E-6,0
FENGYUN 1C DEB,1999-025BEX,2026-05-28T06:35:07.651104,13.76630588,.0305169,98.8089,263.4859,9.4707,351.2024,0,U,31053,999,95767,.67326E-3,.89E-5,0
FENGYUN 1C DEB,1999-025BEY,2026-05-28T23:23:01.209120,14.12271321,.0009983,98.6824,161.8719,14.8388,14.9490,0,U,31054,999,99124,.15344E-3,.24E-5,0
FENGYUN 1C DEB,1999-025BEZ,2026-05-28T13:01:22.177056,14.10572981,.0025584,98.7379,180.3116,157.0467,358.5698,0,U,31055,999,98473,.35329E-3,.589E-5,0
FENGYUN 1C DEB,1999-025BFA,2026-05-29T04:45:57.280032,14.14538458,.0024556,98.6848,132.0265,219.8923,205.1234,0,U,31056,999,99185,.29333E-3,.522E-5,0
FENGYUN 1C DEB,1999-025BFB,2026-05-28T11:11:44.080224,14.81995465,.0133249,99.2356,218.2097,91.0498,270.5980,0,U,31057,999,64420,.11879E-2,.10938E-3,0
FENGYUN 1C DEB,1999-025BFC,2026-05-28T05:44:22.610976,14.79797957,.0087482,99.5811,133.7748,314.2412,45.1635,0,U,31058,999,1953,.1147E-2,.9148E-4,0
FENGYUN 1C DEB,1999-025BFG,2026-05-28T11:15:43.358112,13.75781138,.0170746,99.0071,326.7513,235.0183,151.0067,0,U,31062,999,96526,.22273E-3,.197E-5,0
FENGYUN 1C DEB,1999-025BFJ,2026-05-27T21:52:00.437952,14.22428623,.0239411,98.5909,131.4292,238.3610,150.9484,0,U,31064,999,99617,.14922E-3,.395E-5,0
FENGYUN 1C DEB,1999-025BFK,2026-05-19T18:26:12.863616,14.28864997,.00326837,98.4535,159.1052,285.2369,74.5200,0,U,31065,999,66834,.40339399E-3,.981E-5,0
FENGYUN 1C DEB,1999-025BFN,2026-05-25T16:24:06.797664,14.09337628,.01649087,98.6475,126.2567,13.6252,346.9292,0,U,31068,999,98664,.15610667E-3,.266E-5,0
FENGYUN 1C DEB,1999-025BFP,2026-05-28T07:52:41.985408,14.58376093,.0100622,99.1135,329.2964,293.3272,65.7361,0,U,31069,999,1109,.52825E-3,.2562E-4,0
FENGYUN 1C DEB,1999-025BFR,2026-05-26T01:18:37.986912,14.54092440,.00563766,99.0313,241.5494,146.6600,213.8165,0,U,31071,999,67881,.92834627E-3,.3952E-4,0
FENGYUN 1C DEB,1999-025BFS,2026-05-28T06:34:49.711872,14.26176782,.0207404,99.3238,169.4774,342.4385,16.9694,0,U,31072,999,99016,.58057E-3,.1688E-4,0
FENGYUN 1C DEB,1999-025BFT,2026-05-28T13:18:19.874016,14.25692943,.0043288,99.2084,11.6233,164.6218,195.6286,0,U,31073,999,99459,.10065E-2,.2363E-4,0
FENGYUN 1C DEB,1999-025BFU,2026-05-29T00:14:05.811072,14.15540395,.0085513,98.9600,69.6781,146.4323,214.2310,0,U,31074,999,97945,.20051E-2,.4019E-4,0
FENGYUN 1C DEB,1999-025BFY,2026-05-28T10:31:10.957728,14.22461006,.0115874,98.8442,214.6376,29.8697,348.0020,0,U,31078,999,99262,.42963E-3,.981E-5,0
FENGYUN 1C DEB,1999-025BGB,2026-05-26T07:39:12.814848,14.06332105,.00491054,98.7596,162.5771,128.1926,248.2740,0,U,31081,999,98774,.96512656E-4,.119E-5,0
FENGYUN 1C DEB,1999-025BGD,2026-05-29T01:14:31.668288,14.66925558,.0032004,98.6537,279.9732,149.5344,268.1398,0,U,31083,999,151,.33376E-2,.18807E-3,0
FENGYUN 1C DEB,1999-025BGF,2026-05-29T01:43:22.465056,14.30411931,.0085706,98.9723,0.2421,250.9127,261.6361,0,U,31085,999,108,.94553E-4,.208E-5,0
FENGYUN 1C DEB,1999-025BGH,2026-05-29T00:08:15.726048,14.61641630,.0171053,98.0874,170.8745,126.2103,266.8903,0,U,31087,999,1213,.81175E-3,.4926E-4,0
FENGYUN 1C DEB,1999-025BGJ,2026-05-29T00:41:24.279072,14.29990895,.0025948,99.3979,227.3409,299.4429,184.4029,0,U,31088,999,98939,.14579E-2,.3725E-4,0
FENGYUN 1C DEB,1999-025BGK,2026-05-28T21:36:01.639008,13.88615694,.0206529,98.9709,289.5081,117.8157,33.3939,0,U,31089,999,70379,.60537E-3,.823E-5,0
FENGYUN 1C DEB,1999-025BGL,2026-05-28T09:05:08.096352,15.73827687,.0028703,98.9819,297.9769,265.3200,94.4781,0,U,31090,999,3418,.22842E-2,.342381E-2,0
FENGYUN 1C DEB,1999-025BGM,2026-05-28T09:14:26.098656,13.54360251,.0287345,99.2425,119.7070,265.5961,91.2302,0,U,31091,999,63895,.62976E-3,.515E-5,0
FENGYUN 1C DEB,1999-025BGN,2026-05-28T06:40:54.247296,13.46846548,.0328413,99.7306,264.5165,85.4087,278.4473,0,U,31092,999,94123,.77801E-3,.613E-5,0
FENGYUN 1C DEB,1999-025BGP,2026-05-27T23:45:33.560064,13.80788773,.02095034,98.5933,337.1529,132.5118,229.3946,0,U,31093,999,96801,.38583784E-3,.442E-5,0
FENGYUN 1C DEB,1999-025BGQ,2026-05-29T02:18:56.462112,14.02815227,.0103897,98.8496,17.3050,302.6863,56.4316,0,U,31094,999,97965,.11221E-2,.1777E-4,0
FENGYUN 1C DEB,1999-025BGR,2026-05-29T02:03:29.657088,13.06735134,.0500596,98.5841,263.4207,151.2241,211.7493,0,U,31095,999,91633,.82885E-3,.476E-5,0
FENGYUN 1C DEB,1999-025BGT,2026-05-28T20:40:56.856288,14.50457174,.0015305,98.8654,284.9237,128.3028,23.0698,0,U,31097,999,99458,.29128E-2,.11375E-3,0
FENGYUN 1C DEB,1999-025BGU,2026-05-28T20:03:33.988320,14.55924492,.0014654,98.8749,281.6724,112.6934,247.5813,0,U,31098,999,99385,.35311E-2,.15516E-3,0
FENGYUN 1C DEB,1999-025BGV,2026-05-29T04:41:06.151776,14.28150907,.0063508,98.9250,50.4672,154.3198,358.9585,0,U,31099,999,99861,.22563E-3,.528E-5,0
FENGYUN 1C DEB,1999-025BGY,2026-05-29T01:20:33.001728,14.28272446,.0212453,99.0557,90.9528,43.6139,318.1617,0,U,31146,999,99153,.66619E-3,.2064E-4,0
FENGYUN 1C DEB,1999-025BHA,2026-05-27T15:50:05.973504,14.44456546,.01322684,98.8531,45.0839,276.3436,82.2704,0,U,31148,999,99925,.61478867E-3,.2306E-4,0
FENGYUN 1C DEB,1999-025BHC,2026-05-28T11:55:43.986432,14.12833773,.0015884,98.6821,157.1407,51.3709,101.8493,0,U,31150,999,98651,.15186E-3,.24E-5,0
FENGYUN 1C DEB,1999-025BHD,2026-05-28T23:20:53.729376,14.27566735,.0052312,99.1279,166.6651,262.7610,96.7620,0,U,31151,999,98359,.19632E-2,.4855E-4,0
FENGYUN 1C DEB,1999-025BHE,2026-05-28T05:57:24.904224,14.35966938,.0128003,98.4290,136.0932,256.2212,118.0216,0,U,31152,999,439,.68283E-4,.17E-5,0
FENGYUN 1C DEB,1999-025BHH,2026-05-27T03:19:46.348896,14.09069546,.00876797,99.0276,221.3977,258.7623,100.3682,0,U,31155,999,97916,.10341251E-2,.1812E-4,0
FENGYUN 1C DEB,1999-025BHK,2026-05-28T04:54:36.072288,14.22778424,.00995246,98.4945,130.6730,200.4474,159.2709,0,U,31157,999,99350,.1868852E-3,.399E-5,0
FENGYUN 1C DEB,1999-025BHL,2026-05-22T12:26:53.657376,14.34813689,.0044983,98.7694,228.5191,279.2260,80.3838,0,U,31158,999,66784,.78105E-3,.2196E-4,0
FENGYUN 1C DEB,1999-025BHM,2026-05-28T04:49:11.761248,15.74776477,.00537469,97.8052,127.6175,125.9608,234.6658,0,U,31159,999,2118,.14866236E-2,.244842E-2,0
FENGYUN 1C DEB,1999-025BHN,2026-05-29T02:28:29.543808,13.99655088,.0057432,99.0582,208.8273,152.0085,208.4188,0,U,31160,999,71940,.26947E-3,.356E-5,0
FENGYUN 1C DEB,1999-025BHP,2026-05-28T12:10:25.722624,14.09444011,.0067319,98.7334,170.2226,236.9494,122.5199,0,U,31161,999,98451,.28962E-3,.473E-5,0
FENGYUN 1C DEB,1999-025BHT,2026-05-28T10:48:57.379104,14.73690942,.0067544,98.8658,228.4502,76.2165,344.4473,0,U,31165,999,1198,.14587E-2,.9822E-4,0
FENGYUN 1C DEB,1999-025BHW,2026-05-28T20:51:10.027584,14.68992963,.0104269,98.9126,299.7201,265.6670,93.2614,0,U,31168,999,1550,.65284E-3,.4093E-4,0
FENGYUN 1C DEB,1999-025BHX,2026-05-29T01:22:27.043680,14.28041247,.0055238,99.1386,188.1812,254.3982,105.1097,0,U,31169,999,59491,.18021E-2,.4502E-4,0
FENGYUN 1C DEB,1999-025BHZ,2026-05-29T04:49:33.254976,14.38511458,.0146204,98.0255,132.6203,169.3849,255.5189,0,U,31171,999,98235,.22643E-2,.7801E-4,0
FENGYUN 1C DEB,1999-025BJA,2026-05-28T06:49:24.808224,14.31659887,.014984,98.4249,152.9465,134.9505,226.3945,0,U,31172,999,1,.13453E-3,.362E-5,0
FENGYUN 1C DEB,1999-025BJD,2026-05-19T07:05:18.927744,14.68467795,.0066043,98.3953,147.6590,37.1732,323.4018,0,U,31175,999,67945,.25517E-2,.15252E-3,0
FENGYUN 1C DEB,1999-025BJF,2026-05-29T05:32:54.541248,13.63469998,.0298675,98.7603,51.1277,235.3162,280.2443,0,U,31177,999,68493,.24646E-2,.2589E-4,0
FENGYUN 1C DEB,1999-025BJG,2026-05-28T07:34:50.438784,14.23527229,.012337,99.5083,168.8427,203.6457,155.9019,0,U,31178,999,98184,.14355E-2,.3483E-4,0
FENGYUN 1C DEB,1999-025BJH,2026-05-12T18:22:04.886112,13.92387092,.02131694,99.0070,153.6764,308.7776,49.4509,0,U,31179,999,64042,.56203523E-3,.825E-5,0
FENGYUN 1C DEB,1999-025BJJ,2026-05-26T14:34:17.081760,13.70587184,.04964302,99.2406,277.2549,347.6191,72.1539,0,U,31180,999,66325,.10557302E-3,.176E-5,0
FENGYUN 1C DEB,1999-025BJK,2026-05-27T14:09:32.891328,14.12438354,.0044963,98.7559,181.4966,323.6073,188.0201,0,U,31181,999,98108,.70583E-3,.1271E-4,0
FENGYUN 1C DEB,1999-025BJL,2026-05-28T22:36:05.148864,14.14791498,.0023492,98.6945,138.3763,24.0412,3.3319,0,U,31182,999,98445,.33398E-3,.603E-5,0
FENGYUN 1C DEB,1999-025BJM,2026-05-28T22:28:15.917376,14.52168071,.0044662,99.0446,150.2353,328.5567,60.4482,0,U,31183,999,99908,.13018E-2,.5296E-4,0
FENGYUN 1C DEB,1999-025BJP,2026-05-29T04:55:04.211904,14.03118582,.0040426,98.8402,145.8409,0.6452,359.4760,0,U,31185,999,64685,.38666E-3,.563E-5,0
FENGYUN 1C DEB,1999-025BJQ,2026-05-26T00:20:44.153952,14.13192741,.00250559,99.1810,70.5114,324.6843,96.0604,0,U,31186,999,98425,.34945579E-3,.609E-5,0
FENGYUN 1C DEB,1999-025BJR,2026-05-28T03:19:40.338048,14.65110890,.020636,99.2305,36.3093,77.6723,284.7494,0,U,31187,999,71532,.32259377E-2,.23746E-3,0
FENGYUN 1C DEB,1999-025BJS,2026-05-28T20:13:49.763712,14.24910868,.0061052,98.7339,220.7906,126.2121,299.6649,0,U,31188,999,98715,.15466E-2,.3642E-4,0
FENGYUN 1C DEB,1999-025BJU,2026-05-28T23:16:43.101120,14.03978954,.0068887,98.8109,161.6885,150.9168,209.5864,0,U,31190,999,97893,.8251E-3,.1289E-4,0
FENGYUN 1C DEB,1999-025BJV,2026-05-28T16:57:46.757088,14.41204441,.0093537,98.7751,59.0578,58.4525,302.5755,0,U,31191,999,397,.39317E-3,.1288E-4,0
FENGYUN 1C DEB,1999-025BJW,2026-05-27T16:03:48.466080,14.21438444,.02568401,98.5698,131.5433,342.4458,16.7964,0,U,31192,999,99100,.49452976E-3,.1461E-4,0
FENGYUN 1C DEB,1999-025BJY,2026-05-29T04:32:42.863136,14.37535621,.0057316,98.9528,50.1132,144.1238,216.3817,0,U,31194,999,99532,.7361E-3,.2201E-4,0
FENGYUN 1C DEB,1999-025BJZ,2026-05-28T08:34:54.916320,14.08068139,.0172771,98.7556,182.0134,71.5900,290.3969,0,U,31195,999,98443,.12041E-3,.194E-5,0
FENGYUN 1C DEB,1999-025BKA,2026-05-28T06:30:56.507040,14.25869261,.0059649,98.5183,161.9131,86.3053,274.4946,0,U,31196,999,65868,.49993E-3,.117E-4,0
FENGYUN 1C DEB,1999-025BKC,2026-05-29T02:17:07.592928,13.75565732,.02029,98.6113,241.9595,261.9517,95.8571,0,U,31198,999,65054,.1222E-3,.97E-6,0
FENGYUN 1C DEB,1999-025BKD,2026-05-26T10:09:54.433152,14.10104975,.0064727,98.7317,129.2552,151.8545,1.6665,0,U,31199,999,98480,.18591446E-3,.293E-5,0
FENGYUN 1C DEB,1999-025BKF,2026-05-29T02:14:02.596704,14.35992881,.0139322,98.9866,22.1887,220.1794,298.8777,0,U,31201,999,99652,.52193E-3,.1641E-4,0
FENGYUN 1C DEB,1999-025BKG,2026-05-28T08:05:54.686400,14.87261548,.0063442,96.5508,169.4746,337.4541,35.9667,0,U,31202,999,1550,.13926E-2,.12996E-3,0
FENGYUN 1C DEB,1999-025BKK,2026-05-28T14:01:14.211264,14.24073313,.0162761,99.2291,255.0114,81.3649,280.5929,0,U,31205,999,99585,.12287E-3,.275E-5,0
FENGYUN 1C DEB,1999-025BKL,2026-05-28T12:02:50.971776,14.41209626,.0074966,98.8421,67.0799,225.6206,133.8827,0,U,31206,999,231,.46183E-3,.1492E-4,0
FENGYUN 1C DEB,1999-025BKN,2026-05-28T22:42:29.467296,14.66541255,.0014824,99.2500,318.0568,119.0670,33.6641,0,U,31208,999,72926,.28432E-2,.1577E-3,0
FENGYUN 1C DEB,1999-025BKP,2026-05-27T00:36:14.068512,14.46515249,.00230425,98.8833,254.6292,204.9017,155.1064,0,U,31209,999,67195,.24780996E-2,.8914E-4,0
FENGYUN 1C DEB,1999-025BKQ,2026-05-28T22:34:06.570912,14.12215968,.0017863,98.7216,150.4368,46.1976,343.5782,0,U,31210,999,98327,.34127E-3,.585E-5,0
FENGYUN 1C DEB,1999-025BKR,2026-05-28T08:23:12.640704,14.20752662,.0048524,98.6540,185.9099,329.1504,30.6824,0,U,31211,999,65658,.8755E-3,.1868E-4,0
FENGYUN 1C DEB,1999-025BKS,2026-05-26T21:30:46.503648,14.13943140,.0075251,99.1999,188.2293,69.4588,291.4638,0,U,31212,999,97992,.11135E-2,.2125E-4,0
FENGYUN 1C DEB,1999-025BKV,2026-05-28T20:07:34.495680,14.34691383,.0067326,99.0584,6.0422,196.1346,163.7694,0,U,31215,999,98921,.77544E-3,.2204E-4,0
FENGYUN 1C DEB,1999-025BKX,2026-05-28T23:46:20.747424,14.18001876,.0099711,98.6370,157.3810,40.2526,320.5979,0,U,31217,999,98718,.65237E-3,.1361E-4,0
FENGYUN 1C DEB,1999-025BKY,2026-05-28T08:00:26.800128,14.84652692,.0012029,98.8398,279.8180,223.4271,136.5994,0,U,31218,999,99545,.57335E-2,.48822E-3,0
FENGYUN 1C DEB,1999-025BKZ,2026-05-29T00:36:17.496000,14.14710387,.0079831,99.2732,170.3236,69.1200,291.8496,0,U,31219,999,97934,.13227E-2,.2579E-4,0
FENGYUN 1C DEB,1999-025BLC,2026-05-28T05:02:11.633568,15.01249349,.01549783,98.5837,240.5530,242.4655,116.0747,0,U,31222,999,2478,.64993254E-3,.10734E-3,0
FENGYUN 1C DEB,1999-025BLD,2026-05-29T03:30:17.582112,13.78865046,.0234299,99.0253,32.2623,315.9026,42.3651,0,U,31223,999,95034,.27479E-2,.3393E-4,0
FENGYUN 1C DEB,1999-025BLE,2026-05-26T19:09:31.279680,14.29301321,.01579428,98.3810,137.3511,36.1637,84.8125,0,U,31224,999,71608,.39679714E-3,.1111E-4,0
FENGYUN 1C DEB,1999-025BLF,2026-05-29T05:01:49.986912,14.18862614,.0087176,98.9781,229.5102,232.9107,152.0938,0,U,31225,999,98196,.13911E-2,.2962E-4,0
FENGYUN 1C DEB,1999-025BLG,2026-05-24T06:12:53.816544,14.26950275,.01281967,98.3561,141.8114,78.0874,283.4648,0,U,31226,999,64371,.22816492E-3,.564E-5,0
FENGYUN 1C DEB,1999-025BLJ,2026-05-29T00:19:21.254016,14.37486796,.0076989,98.8697,70.9905,313.8732,106.5251,0,U,31228,999,99972,.47934E-3,.1436E-4,0
FENGYUN 1C DEB,1999-025BLK,2026-05-29T03:55:36.761952,14.22893445,.0054889,98.8564,230.3595,175.6194,184.5475,0,U,31229,999,98464,.1465E-2,.33E-4,0
FENGYUN 1C DEB,1999-025BLM,2026-05-26T07:29:34.081728,14.83837351,.01254654,98.8690,327.4774,306.6281,52.3443,0,U,31231,999,65455,.16755678E-2,.15934E-3,0
FENGYUN 1C DEB,1999-025BLQ,2026-05-21T05:02:01.969728,14.08174866,.00746483,98.7938,136.0872,137.0365,223.6667,0,U,31234,999,74964,.21566392E-3,.335E-5,0
FENGYUN 1C DEB,1999-025BLR,2026-05-28T15:42:44.872128,14.22156218,.0163307,98.4564,295.0408,254.9756,103.3299,0,U,31235,999,65537,.13406E-2,.3361E-4,0
FENGYUN 1C DEB,1999-025BLS,2026-05-28T16:29:49.467840,13.88192094,.030529,98.5448,94.9375,309.3843,48.0636,0,U,31236,999,63339,.35767E-2,.6157E-4,0
FENGYUN 1C DEB,1999-025BLT,2026-05-28T23:21:14.685696,14.31878677,.0087478,98.4580,148.5699,212.6796,146.8958,0,U,31237,999,99659,.36853E-3,.986E-5,0
FENGYUN 1C DEB,1999-025BLV,2026-05-28T22:55:00.037056,14.10088198,.0051032,98.7663,144.5767,85.8990,303.9513,0,U,31239,999,98368,.30591E-3,.504E-5,0
FENGYUN 1C DEB,1999-025BLW,2026-05-27T18:35:20.651712,14.09780933,.00435099,98.7507,152.6429,266.8240,273.4975,0,U,31240,999,24436,.46129514E-3,.774E-5,0
FENGYUN 1C DEB,1999-025BLX,2026-05-28T21:54:12.310272,14.39268646,.006671,99.2558,313.6457,53.7104,307.0218,0,U,31241,999,73,.43124E-3,.1322E-4,0
FENGYUN 1C DEB,1999-025BLZ,2026-05-28T08:16:58.176192,14.07580874,.0066363,98.7301,188.1922,60.2085,300.5662,0,U,31243,999,71651,.62287E-3,.103E-4,0
FENGYUN 1C DEB,1999-025BMA,2026-05-25T21:34:39.730080,14.06481771,.01027921,99.0105,213.9796,77.8040,283.4619,0,U,31244,999,59947,.46159685E-3,.757E-5,0
FENGYUN 1C DEB,1999-025BMC,2026-05-14T08:58:10.817184,14.08357057,.01433343,98.8074,342.7965,274.5659,83.9151,0,U,31246,999,63900,.1033438E-2,.1899E-4,0
FENGYUN 1C DEB,1999-025BMD,2026-05-29T04:42:37.802304,14.05465556,.0058853,99.3539,47.7261,325.5025,188.3738,0,U,31247,999,97873,.49971E-3,.776E-5,0
FENGYUN 1C DEB,1999-025BME,2026-05-29T02:40:36.147072,13.93043521,.0110123,99.2415,211.4852,217.1003,172.8014,0,U,31248,999,97154,.71242E-3,.928E-5,0
FENGYUN 1C DEB,1999-025BMG,2026-05-18T20:10:41.916288,14.03608987,.01317061,98.3801,341.7241,212.5325,146.7677,0,U,31250,999,97721,.81874485E-3,.1348E-4,0
FENGYUN 1C DEB,1999-025BMJ,2026-05-26T07:37:13.218240,14.40745503,.021278,98.3040,165.6086,36.5685,324.9819,0,U,31252,999,99576,.46876325E-3,.1911E-4,0
FENGYUN 1C DEB,1999-025BMK,2026-05-26T11:12:03.863232,14.03805810,.02887413,99.0528,216.2291,353.2140,6.5153,0,U,31253,999,71309,.14065408E-3,.272E-5,0
FENGYUN 1C DEB,1999-025BML,2026-05-29T02:22:55.344288,14.36855453,.0151514,98.4360,200.7297,63.4779,328.1715,0,U,31254,999,99919,.45791E-3,.1498E-4,0
FENGYUN 1C DEB,1999-025BMM,2026-05-27T19:16:17.461632,14.10056693,.02688594,99.3156,335.9031,240.6552,116.7519,0,U,31255,999,99141,.3472227E-3,.805E-5,0
FENGYUN 1C DEB,1999-025BMN,2026-05-28T19:52:02.725248,14.05603118,.0303515,98.6700,354.4109,4.1317,356.2253,0,U,31256,999,67327,.2942E-2,.7216E-4,0
FENGYUN 1C DEB,1999-025BMR,2026-05-29T05:21:02.460960,14.16061991,.0064821,99.0007,235.0837,83.5019,333.3451,0,U,31259,999,97939,.15932E-2,.3167E-4,0
FENGYUN 1C DEB,1999-025BMS,2026-05-28T04:51:53.315424,14.37320344,.00464568,98.9494,56.7922,159.6797,356.8269,0,U,31260,999,99584,.70828674E-3,.2093E-4,0
FENGYUN 1C DEB,1999-025BMT,2026-05-28T15:22:25.354272,14.41138838,.0051801,99.0318,116.1491,99.3932,261.3117,0,U,31261,999,99753,.98293E-3,.3172E-4,0
FENGYUN 1C DEB,1999-025BMU,2026-05-27T04:40:17.541408,14.19282679,.00524484,98.9951,238.0574,346.6329,42.9942,0,U,31262,999,98055,.12096293E-2,.2527E-4,0
FENGYUN 1C DEB,1999-025BMW,2026-05-28T11:56:21.249024,14.18974949,.0001358,99.1060,55.0090,73.7772,107.4375,0,U,31264,999,98793,.50607E-3,.1009E-4,0
FENGYUN 1C DEB,1999-025BMY,2026-05-28T22:44:01.097952,14.22564684,.0130221,99.2696,145.5375,167.8531,222.5398,0,U,31266,999,99583,.21895E-3,.485E-5,0
FENGYUN 1C DEB,1999-025BNA,2026-05-26T09:16:09.001056,14.06786006,.00507565,98.7333,188.1246,81.3069,279.3845,0,U,31268,999,64347,.61628485E-3,.995E-5,0
FENGYUN 1C DEB,1999-025BNB,2026-05-29T03:46:12.859392,14.45960402,.0235085,98.1652,26.1250,124.3289,35.0570,0,U,31269,999,98904,.15665E-2,.782E-4,0
FENGYUN 1C DEB,1999-025BNE,2026-05-29T03:10:57.656064,14.23328027,.010621,99.0740,31.2524,354.5594,5.4421,0,U,31272,999,99370,.48149E-3,.1109E-4,0
FENGYUN 1C DEB,1999-025BNG,2026-05-28T07:52:22.587744,13.85999631,.0239763,99.0141,326.5018,20.6547,340.4105,0,U,31274,999,96514,.47492E-3,.642E-5,0
FENGYUN 1C DEB,1999-025BNH,2026-05-29T01:57:48.905856,14.02828068,.0102305,98.9257,194.2726,246.6247,112.4132,0,U,31275,999,97832,.76603E-3,.1197E-4,0
FENGYUN 1C DEB,1999-025BNM,2026-05-28T06:42:59.847840,14.26736686,.0074446,98.5133,157.0798,51.5650,309.2182,0,U,31279,999,99603,.51451E-3,.124E-4,0
FENGYUN 1C DEB,1999-025BNP,2026-05-28T16:57:09.961056,15.30978806,.0086027,98.3992,308.7472,238.2036,121.0803,0,U,31281,999,2243,.14148E-2,.47644E-3,0
FENGYUN 1C DEB,1999-025BNQ,2026-05-25T06:42:04.819680,14.43727210,.01275706,99.2250,81.0694,163.6176,196.9194,0,U,31282,999,99480,.10706057E-3,.345E-5,0
FENGYUN 1C DEB,1999-025BNS,2026-05-26T00:48:37.472256,13.98256418,.01415898,99.7231,255.0826,336.5435,22.9310,0,U,31284,999,97458,.35343912E-3,.499E-5,0
FENGYUN 1C DEB,1999-025BNT,2026-05-29T04:53:20.181120,14.26291059,.0200438,98.5376,130.3659,57.0521,8.1107,0,U,31285,999,99686,.31267E-3,.882E-5,0
FENGYUN 1C DEB,1999-025BNU,2026-05-26T06:26:15.589536,14.24815007,.00745977,100.8582,80.1592,193.7753,166.1384,0,U,31286,999,66361,.18338249E-2,.4343E-4,0
FENGYUN 1C DEB,1999-025BNV,2026-05-29T03:20:25.541664,14.29252370,.0025488,99.3933,222.9495,301.1360,58.7320,0,U,31287,999,99076,.15172E-2,.3822E-4,0
FENGYUN 1C DEB,1999-025BNW,2026-05-28T11:43:52.489344,15.37423413,.0004397,98.7362,335.9122,133.4276,255.5193,0,U,31288,999,35,.869E-2,.332768E-2,0
FENGYUN 1C DEB,1999-025BPB,2026-05-28T05:59:03.649056,14.30885951,.0127558,98.4199,155.9153,112.4026,249.0728,0,U,31293,999,67625,.7723E-4,.179E-5,0
FENGYUN 1C DEB,1999-025BPC,2026-05-29T04:40:29.271072,14.15616525,.0098488,98.5520,142.9805,218.7534,140.6548,0,U,31294,999,99222,.34838E-3,.673E-5,0
FENGYUN 1C DEB,1999-025BPD,2026-05-29T03:27:36.150624,13.96894132,.0078454,98.3279,323.2790,141.3858,219.2954,0,U,31295,999,97840,.10129E-3,.107E-5,0
FENGYUN 1C DEB,1999-025BPE,2026-05-29T01:28:27.146784,14.84159201,.0021067,99.0623,89.7572,55.2160,305.1029,0,U,31296,999,99821,.60835E-2,.51341E-3,0
FENGYUN 1C DEB,1999-025BPF,2026-05-28T09:25:02.083008,14.57707191,.0137106,98.9584,302.6604,336.6449,52.1241,0,U,31297,999,1728,.1905E-3,.926E-5,0
FENGYUN 1C DEB,1999-025BPJ,2026-05-29T02:24:18.180288,14.15963648,.0058134,99.5354,245.0340,312.3675,168.0031,0,U,31300,999,98542,.11663E-2,.2287E-4,0
FENGYUN 1C DEB,1999-025BPL,2026-05-29T02:46:33.036960,14.28649288,.0025298,99.3994,208.9904,296.0866,93.6450,0,U,31302,999,98747,.13127E-2,.326E-4,0
FENGYUN 1C DEB,1999-025BPM,2026-05-27T23:56:25.022112,14.11097377,.00119892,98.6938,164.0253,49.0655,311.1553,0,U,31303,999,98663,.9320943E-4,.125E-5,0
FENGYUN 1C DEB,1999-025BPP,2026-05-29T05:24:52.126848,14.31184045,.001588,98.8442,238.4243,311.9996,74.6481,0,U,31311,999,98616,.15952E-2,.4174E-4,0
FENGYUN 1C DEB,1999-025BPQ,2026-05-28T10:57:29.280096,14.01118590,.0059403,98.8742,134.3824,131.4563,19.8471,0,U,31312,999,97480,.15065E-3,.187E-5,0
FENGYUN 1C DEB,1999-025BPR,2026-05-26T04:45:53.678880,14.22497701,.00461226,99.0095,58.7379,71.0240,289.5927,0,U,31313,999,99400,.24797798E-3,.513E-5,0
FENGYUN 1C DEB,1999-025BPS,2026-05-27T17:22:37.987392,14.05083560,.00770803,98.8308,142.2996,251.5314,107.7465,0,U,31314,999,63145,.10998838E-3,.138E-5,0
FENGYUN 1C DEB,1999-025BPX,2026-05-28T11:12:09.696096,13.75887446,.0169978,98.8157,40.0891,2.4884,180.0028,0,U,31319,999,95980,.14327E-3,.114E-5,0
FENGYUN 1C DEB,1999-025BPZ,2026-05-19T10:28:18.696000,14.13913904,.00309374,98.7163,219.5127,90.4298,270.0420,0,U,31321,999,59612,.85370465E-4,.12E-5,0
FENGYUN 1C DEB,1999-025BQA,2026-05-28T22:48:05.055264,13.73078124,.0237175,98.5454,200.2483,282.2424,202.0839,0,U,31322,999,64570,.22856E-3,.219E-5,0
FENGYUN 1C DEB,1999-025BQB,2026-05-28T22:16:24.115296,14.28753284,.002892,99.4052,205.3703,321.5175,38.3942,0,U,31323,999,66367,.13601E-2,.339E-4,0
FENGYUN 1C DEB,1999-025BQC,2026-05-28T15:50:54.828384,14.14799825,.0049475,99.1315,78.8482,191.6650,168.3380,0,U,31324,999,98846,.11794E-3,.183E-5,0
FENGYUN 1C DEB,1999-025BQD,2026-05-27T00:06:10.217952,14.18139722,.00716243,98.9909,248.0825,112.3667,248.5118,0,U,31325,999,62119,.17440797E-2,.3629E-4,0
FENGYUN 1C DEB,1999-025BQF,2026-05-28T07:34:51.099744,15.19690068,.0072833,98.9693,184.8525,173.9933,186.2188,0,U,31327,999,2622,.14628E-2,.33551E-3,0
FENGYUN 1C DEB,1999-025BQG,2026-05-28T08:42:43.850592,14.29026821,.0105466,98.5050,122.8965,86.6819,274.6421,0,U,31328,999,99842,.88388E-4,.195E-5,0
FENGYUN 1C DEB,1999-025BQH,2026-05-28T06:20:43.061856,14.70305948,.0050239,98.9044,154.1545,291.0161,68.5673,0,U,31329,999,5060,.12881E-2,.7877E-4,0
FENGYUN 1C DEB,1999-025BQK,2026-05-27T07:11:26.024064,14.00756834,.00544141,98.8687,173.3606,84.4411,276.2957,0,U,31331,999,66174,.1615576E-3,.202E-5,0
FENGYUN 1C DEB,1999-025BQL,2026-05-28T23:27:17.247744,14.12379676,.0047372,98.7009,159.4864,268.5043,120.1541,0,U,31332,999,98332,.82552E-3,.1495E-4,0
FENGYUN 1C DEB,1999-025BQM,2026-05-27T18:24:27.035712,14.27117596,.00958362,98.4195,161.2452,257.8997,101.1433,0,U,31333,999,98959,.49258024E-3,.1218E-4,0
FENGYUN 1C DEB,1999-025BQQ,2026-05-28T02:30:43.887168,14.39035149,.0091828,98.4388,205.8879,341.5307,47.7885,0,U,31336,999,169,.23310593E-3,.71E-5,0
FENGYUN 1C DEB,1999-025BQS,2026-05-27T08:57:56.590560,14.22542143,.00722036,98.7116,350.3798,353.3808,6.6409,0,U,31338,999,66011,.22234204E-2,.5057E-4,0
FENGYUN 1C DEB,1999-025BQT,2026-05-26T19:45:17.068608,14.12719763,.00735258,98.7027,163.9018,213.6784,145.9705,0,U,31339,999,98008,.7345966E-3,.1355E-4,0
FENGYUN 1C DEB,1999-025BQV,2026-05-29T03:57:35.917056,14.55111343,.0052456,99.5380,218.8165,207.6865,180.0902,0,U,31341,999,52,.1408E-2,.6136E-4,0
FENGYUN 1C DEB,1999-025BQW,2026-05-27T03:09:49.974624,14.36928128,.01132232,98.9584,114.9026,93.2506,268.1639,0,U,31342,999,259,.12723876E-3,.356E-5,0
FENGYUN 1C DEB,1999-025BQZ,2026-05-12T06:00:12.763872,14.12986704,.0068355,98.0868,136.6213,7.8398,352.3828,0,U,31345,999,97627,.91998E-3,.1716E-4,0
FENGYUN 1C DEB,1999-025BRA,2026-05-27T17:45:33.580800,15.17457051,.00970499,98.8757,147.1539,180.2733,179.8460,0,U,31346,999,1998,.72196533E-3,.16267E-3,0
FENGYUN 1C DEB,1999-025BRC,2026-05-27T08:51:37.219392,14.35247980,.00324975,99.1377,112.6860,306.8333,208.1151,0,U,31348,999,98624,.12676611E-2,.3602E-4,0
FENGYUN 1C DEB,1999-025BRD,2026-05-21T07:38:37.719168,14.05472253,.007049,99.2622,179.3201,161.5327,198.8422,0,U,31349,999,65178,.83094E-3,.1334E-4,0
FENGYUN 1C DEB,1999-025BRE,2026-05-28T05:13:20.539776,14.35347702,.0065837,98.9710,331.6536,358.9550,1.1486,0,U,31350,999,72641,.37604E-3,.1057E-4,0
FENGYUN 1C DEB,1999-025BRF,2026-05-18T04:39:31.451328,14.07137405,.00919572,98.8085,125.8866,331.7802,27.8401,0,U,31351,999,63575,.13681313E-3,.194E-5,0
FENGYUN 1C DEB,1999-025BRH,2026-05-22T01:22:16.781088,14.30467262,.0225951,99.0001,77.8478,321.7679,36.7662,0,U,31353,999,98876,.29309E-3,.951E-5,0
FENGYUN 1C DEB,1999-025BRM,2026-05-29T00:59:59.932032,14.18548103,.0050166,98.5886,179.9847,168.4451,221.6508,0,U,31357,999,99076,.45496E-4,.53E-6,0
FENGYUN 1C DEB,1999-025BRP,2026-05-28T02:46:12.596448,14.23199344,.00741096,99.0726,256.5581,174.1651,186.0407,0,U,31359,999,968,.3427015E-2,.7931E-4,0
FENGYUN 1C DEB,1999-025BRR,2026-05-28T16:06:51.766272,14.17841316,.0044107,98.5719,123.0141,310.1625,49.5692,0,U,31361,999,98929,.12149E-3,.208E-5,0
FENGYUN 1C DEB,1999-025BRS,2026-05-29T05:04:34.833792,14.17496340,.0017713,98.6614,144.2759,338.8940,21.1502,0,U,31362,999,98948,.15287E-3,.267E-5,0
FENGYUN 1C DEB,1999-025BRU,2026-05-28T15:29:21.901632,14.16452900,.0089735,99.2674,279.8061,40.0985,320.6765,0,U,31364,999,97238,.24858E-2,.5098E-4,0
FENGYUN 1C DEB,1999-025BRV,2026-05-28T04:41:58.154208,14.43919680,.00415373,98.6680,241.1015,85.7340,274.8595,0,U,31365,999,99029,.19611952E-2,.6722E-4,0
FENGYUN 1C DEB,1999-025BRX,2026-05-29T04:51:19.228032,14.48188385,.0096422,98.7351,54.1163,231.1575,283.9312,0,U,31367,999,869,.3557E-3,.1354E-4,0
FENGYUN 1C DEB,1999-025BRZ,2026-05-28T19:05:08.181312,14.19601974,.0055153,98.6364,130.8030,175.2914,304.7441,0,U,31369,999,66697,.20676E-3,.4E-5,0
FENGYUN 1C DEB,1999-025BSA,2026-05-28T23:16:30.402912,14.09919412,.0033941,98.7573,149.4891,181.3505,178.7579,0,U,31370,999,98650,.27086E-3,.437E-5,0
FENGYUN 1C DEB,1999-025BSB,2026-05-28T07:30:48.358080,14.04911507,.0079431,98.7450,180.4692,139.1149,221.6014,0,U,31371,999,98085,.79296E-3,.1269E-4,0
FENGYUN 1C DEB,1999-025BSC,2026-05-28T11:09:48.788064,14.27850161,.0030817,99.3771,156.4968,322.3779,37.5244,0,U,31372,999,98229,.14464E-2,.3547E-4,0
FENGYUN 1C DEB,1999-025BSE,2026-05-20T15:41:28.074624,14.36262819,.01388735,99.6336,295.4784,247.9321,110.7064,0,U,31374,999,98332,.14943539E-2,.4818E-4,0
FENGYUN 1C DEB,1999-025BSG,2026-05-28T05:53:40.804224,14.65145632,.0048785,98.8373,81.3308,112.4064,248.2315,0,U,31376,999,575,.19305E-2,.10518E-3,0
FENGYUN 1C DEB,1999-025BSJ,2026-05-28T13:56:35.718144,13.80387785,.0168873,100.7493,65.1522,137.3203,224.1206,0,U,31378,999,96525,.72415E-3,.789E-5,0
FENGYUN 1C DEB,1999-025BSM,2026-05-26T00:24:15.829632,14.37692467,.01950372,98.4793,232.3389,261.1673,96.7387,0,U,31381,999,99760,.26111425E-3,.925E-5,0
FENGYUN 1C DEB,1999-025BSP,2026-05-28T10:03:49.279968,14.06079134,.0108084,99.0477,215.3479,212.7182,211.3218,0,U,31383,999,97711,.80812E-3,.1353E-4,0
FENGYUN 1C DEB,1999-025BSQ,2026-05-28T20:24:54.273024,13.87955122,.0431867,98.4702,104.7762,301.2881,81.6125,0,U,31384,999,95341,.18601E-2,.4623E-4,0
FENGYUN 1C DEB,1999-025BSR,2026-05-27T13:32:32.680032,14.44227009,.01322384,98.9517,251.3495,281.9239,91.5352,0,U,31385,999,1009,.11728258E-3,.392E-5,0
FENGYUN 1C DEB,1999-025BSS,2026-05-28T22:52:53.118048,13.86919296,.019641,98.4349,152.6071,184.0892,175.8671,0,U,31386,999,96179,.14927E-2,.1994E-4,0
FENGYUN 1C DEB,1999-025BST,2026-05-29T03:19:03.687168,14.13768924,.0242289,99.1485,36.8066,60.2148,302.2883,0,U,31387,999,98662,.27869E-3,.65E-5,0
FENGYUN 1C DEB,1999-025BSU,2026-05-28T10:34:21.961344,14.07515329,.0048129,98.8187,137.3285,92.8917,59.5721,0,U,31388,999,98786,.17912E-3,.262E-5,0
FENGYUN 1C DEB,1999-025BSV,2026-05-28T08:25:36.080256,14.69060535,.002658,99.0436,335.3097,38.4582,82.2387,0,U,31389,999,98937,.44262E-2,.2616E-3,0
FENGYUN 1C DEB,1999-025BSW,2026-05-24T23:20:26.767392,14.45726874,.0110121,98.8530,318.3464,157.7891,353.4925,0,U,31410,999,105,.55039E-3,.2049E-4,0
FENGYUN 1C DEB,1999-025BSX,2026-05-28T10:11:39.276096,14.28340415,.0102451,98.6449,213.3106,127.0813,250.5908,0,U,31411,999,96859,.52962E-3,.1356E-4,0
FENGYUN 1C DEB,1999-025BSY,2026-05-28T06:14:07.975392,14.10757218,.0079776,98.5594,89.1188,219.5598,139.9735,0,U,31412,999,63339,.10762E-2,.1942E-4,0
FENGYUN 1C DEB,1999-025BTB,2026-05-24T09:16:34.471776,14.31765660,.00617897,99.6565,119.3071,333.0878,26.7101,0,U,31415,999,65157,.82137792E-3,.2187E-4,0
FENGYUN 1C DEB,1999-025BTC,2026-05-28T10:30:53.161056,14.41001741,.013422,99.0258,213.1174,118.9114,242.5613,0,U,31416,999,67920,.35366E-3,.1213E-4,0
FENGYUN 1C DEB,1999-025BTF,2026-05-19T06:25:03.419616,14.73975219,.0039563,98.7888,330.2887,66.7113,293.8250,0,U,31419,999,67346,.10087E-2,.6654E-4,0
FENGYUN 1C DEB,1999-025BTG,2026-05-29T03:53:41.590752,14.41380722,.0134877,97.5429,32.7636,171.6525,340.2026,0,U,31420,999,67405,.36477E-3,.1278E-4,0
FENGYUN 1C DEB,1999-025BTJ,2026-05-26T19:04:15.252672,14.09830400,.00340983,98.7664,144.4321,190.6373,294.4736,0,U,31422,999,97987,.3116837E-3,.508E-5,0
FENGYUN 1C DEB,1999-025BTK,2026-05-26T09:38:59.019072,14.23087640,.00376269,98.6015,128.2848,77.5418,282.9967,0,U,31423,999,99310,.12686523E-3,.246E-5,0
FENGYUN 1C DEB,1999-025BTL,2026-05-22T13:03:44.236800,14.08487620,.0093354,98.4565,181.7871,8.5376,351.7357,0,U,31424,999,65434,.17222E-3,.267E-5,0
FENGYUN 1C DEB,1999-025BTN,2026-05-28T04:40:26.769792,13.91151375,.03228747,98.5959,298.5472,87.0212,87.6284,0,U,31426,999,95886,.15939085E-2,.3027E-4,0
FENGYUN 1C DEB,1999-025BTP,2026-05-28T19:07:09.787584,14.62901737,.0029643,98.6767,270.7284,220.2159,139.6848,0,U,31427,999,99320,.30371E-2,.15611E-3,0
FENGYUN 1C DEB,1999-025BTQ,2026-05-25T22:10:03.263232,14.42972951,.00637948,99.0526,132.2925,30.0002,25.9147,0,U,31428,999,99877,.63952395E-3,.2143E-4,0
FENGYUN 1C DEB,1999-025BTR,2026-05-28T23:04:23.252736,14.23265207,.0012446,98.6678,200.4842,296.6270,185.8481,0,U,31429,999,98331,.89652E-3,.1988E-4,0
FENGYUN 1C DEB,1999-025BTS,2026-05-28T11:02:19.768992,14.26358799,.0025127,98.7257,215.9478,273.6563,101.2446,0,U,31430,999,98494,.89055E-3,.2103E-4,0
FENGYUN 1C DEB,1999-025BTT,2026-05-24T02:15:30.970944,14.03819549,.01347624,98.5315,27.4136,359.5486,0.5540,0,U,31431,999,96809,.93289963E-3,.1553E-4,0
FENGYUN 1C DEB,1999-025BTV,2026-05-28T06:05:57.670944,14.27314241,.0093595,98.4058,50.1872,261.5763,226.3311,0,U,31433,999,97926,.19477E-2,.4955E-4,0
FENGYUN 1C DEB,1999-025BTX,2026-05-27T23:57:54.668160,14.53760390,.01490307,99.0446,338.0167,39.6140,321.5831,0,U,31435,999,728,.1483459E-3,.66E-5,0
FENGYUN 1C DEB,1999-025BTY,2026-05-29T03:16:18.295968,15.17585460,.0028818,98.8760,32.0599,54.9977,98.9579,0,U,31436,999,99394,.70606E-2,.146028E-2,0
FENGYUN 1C DEB,1999-025BTZ,2026-05-27T04:58:46.445664,14.45012926,.00165362,98.8569,240.0149,123.7259,236.5510,0,U,31437,999,98898,.22949308E-2,.7984E-4,0
FENGYUN 1C DEB,1999-025BUB,2026-05-28T07:04:14.030976,13.95949114,.0138824,98.9149,154.0408,64.1416,312.7847,0,U,31439,999,65556,.82786E-3,.1187E-4,0
FENGYUN 1C DEB,1999-025BUC,2026-05-27T16:50:05.834688,14.38432454,.00388605,98.7405,243.4722,205.8727,154.0518,0,U,31440,999,98710,.20003971E-2,.6116E-4,0
FENGYUN 1C DEB,1999-025BUD,2026-05-28T22:17:48.850368,14.90945335,.0076198,99.2974,44.1515,168.2393,192.0623,0,U,31441,999,66569,.64759E-2,.68103E-3,0
FENGYUN 1C DEB,1999-025BUE,2026-05-28T12:40:26.936256,14.34316869,.0078105,98.5218,237.1786,236.8631,122.5043,0,U,31442,999,99751,.37289E-3,.104E-4,0
FENGYUN 1C DEB,1999-025BUF,2026-05-25T01:25:46.219008,14.50763392,.01848825,99.2160,264.6867,331.5936,27.5272,0,U,31443,999,69308,.45558878E-3,.2171E-4,0
FENGYUN 1C DEB,1999-025BUG,2026-05-28T20:24:43.733952,14.76163720,.005149,98.9343,112.5491,273.0195,86.5120,0,U,31444,999,99949,.26881E-2,.1897E-3,0
FENGYUN 1C DEB,1999-025BUK,2026-05-26T09:07:32.978784,14.24223131,.02292871,98.9669,196.3545,240.5299,117.2830,0,U,31447,999,67195,.14779458E-3,.393E-5,0
FENGYUN 1C DEB,1999-025BUL,2026-05-28T07:15:14.368032,14.28387881,.0060515,98.4934,160.1668,76.2002,284.5904,0,U,31448,999,66681,.68582E-3,.1706E-4,0
FENGYUN 1C DEB,1999-025BUM,2026-05-28T09:51:27.454752,14.33927730,.0145805,98.5277,209.8851,134.7498,226.5662,0,U,31449,999,1,.24548E-3,.725E-5,0
FENGYUN 1C DEB,1999-025BUP,2026-05-28T08:33:34.055424,14.13846248,.0032755,98.7395,191.9118,98.9837,324.1388,0,U,31451,999,98364,.32425E-3,.574E-5,0
FENGYUN 1C DEB,1999-025BUQ,2026-05-27T04:35:19.856256,14.15418420,.00406,98.6729,134.4959,17.2878,342.9668,0,U,31452,999,98546,.34690578E-3,.639E-5,0
FENGYUN 1C DEB,1999-025BUT,2026-05-28T18:27:50.404032,14.11641858,.0216078,98.5892,134.9080,294.5282,63.3502,0,U,31455,999,98460,.19182E-3,.389E-5,0
FENGYUN 1C DEB,1999-025BUU,2026-05-27T13:36:10.488384,14.43381943,.0068265,98.5813,255.9781,175.2872,184.8976,0,U,31456,999,99858,.82657E-3,.2823E-4,0
FENGYUN 1C DEB,1999-025BUX,2026-05-27T11:19:55.234848,14.45905890,.0092649,98.1700,54.5178,348.7543,11.1577,0,U,31459,999,66951,.15365794E-2,.5719E-4,0
FENGYUN 1C DEB,1999-025BVA,2026-05-28T12:31:57.640224,14.13217129,.0033743,98.6774,166.9936,90.7344,62.2141,0,U,31462,999,98211,.31194E-3,.545E-5,0
FENGYUN 1C DEB,1999-025BVB,2026-05-27T17:10:26.930208,14.37519848,.02101446,99.0939,143.8741,272.9589,84.7567,0,U,31463,999,67104,.2243104E-3,.806E-5,0
FENGYUN 1C DEB,1999-025BVC,2026-05-26T09:00:13.209696,14.12655224,.00450219,98.7685,194.9217,134.6231,241.9080,0,U,31464,999,97004,.23760574E-3,.402E-5,0
FENGYUN 1C DEB,1999-025BVE,2026-05-26T02:44:11.799744,14.18702819,.02987589,99.1022,85.4820,200.7009,158.1853,0,U,31466,999,98659,.62937275E-4,.147E-5,0
FENGYUN 1C DEB,1999-025BVF,2026-05-26T20:08:09.828096,14.00785678,.01503379,98.5764,10.1790,259.9252,98.4924,0,U,31467,999,2058,.17131044E-2,.2778E-4,0
FENGYUN 1C DEB,1999-025BVG,2026-05-25T05:38:10.050720,14.47268857,.01655018,98.1764,140.7679,27.7363,333.2536,0,U,31468,999,69736,.45102157E-3,.1909E-4,0
FENGYUN 1C DEB,1999-025BVK,2026-05-20T09:51:42.872832,14.16373134,.01439854,97.9568,12.5509,253.3566,105.1761,0,U,31471,999,66222,.89236723E-3,.1923E-4,0
FENGYUN 1C DEB,1999-025BVM,2026-05-28T08:28:47.398368,14.30953735,.0062752,98.5260,183.3310,242.2513,128.5981,0,U,31473,999,71903,.12358E-2,.3276E-4,0
FENGYUN 1C DEB,1999-025BVN,2026-05-27T14:37:10.854624,14.11356515,.0072461,99.1331,201.3406,103.0016,257.9257,0,U,31474,999,97309,.12393E-2,.2252E-4,0
FENGYUN 1C DEB,1999-025BVP,2026-05-25T11:05:14.613216,14.39220988,.02083761,98.9261,45.9655,344.2316,15.2445,0,U,31475,999,98433,.6623122E-3,.2591E-4,0
FENGYUN 1C DEB,1999-025BVQ,2026-05-27T16:57:52.696224,14.23081738,.00510923,98.8854,227.6940,56.7938,303.8123,0,U,31476,999,98059,.10470229E-2,.2349E-4,0
FENGYUN 1C DEB,1999-025BVR,2026-05-28T10:35:07.329120,14.03049983,.0108183,98.8985,139.3624,284.3635,74.5542,0,U,31477,999,97741,.81234E-4,.89E-6,0
FENGYUN 1C DEB,1999-025BVU,2026-05-28T12:37:53.887296,13.91633995,.0341631,98.3333,348.0481,116.9047,246.7455,0,U,31480,999,95714,.3215E-2,.6538E-4,0
FENGYUN 1C DEB,1999-025BVW,2026-05-28T20:48:04.256352,14.36326826,.008993,98.3828,153.2065,142.2467,337.6741,0,U,31482,999,99528,.59017E-3,.1765E-4,0
FENGYUN 1C DEB,1999-025BVX,2026-05-27T19:28:04.472832,14.17843266,.01204727,102.5061,169.7628,166.6086,10.2295,0,U,31483,999,97058,.26314596E-2,.5703E-4,0
FENGYUN 1C DEB,1999-025BVY,2026-05-28T23:35:57.552000,14.58802923,.0071558,101.8092,158.7787,57.6190,303.1895,0,U,31484,999,66670,.46239E-2,.22395E-3,0
FENGYUN 1C DEB,1999-025BVZ,2026-05-28T20:41:06.510624,13.40990065,.0445662,102.7154,23.9907,317.7567,39.0007,0,U,31485,999,92684,.38418E-2,.3749E-4,0
FENGYUN 1C DEB,1999-025BWB,2026-05-27T11:55:10.331040,13.98399024,.01178816,102.4074,18.7101,267.6594,212.4776,0,U,31487,999,96728,.96559512E-3,.1392E-4,0
FENGYUN 1C DEB,1999-025BWE,2026-05-28T05:51:13.696128,14.18350565,.0049359,99.3034,69.6953,154.0054,206.3614,0,U,31491,999,66087,.14212E-2,.2918E-4,0
FENGYUN 1C DEB,1999-025BWF,2026-05-27T22:53:39.260832,14.78749254,.00538709,98.8622,334.6824,206.3066,153.5404,0,U,31492,999,98957,.32706948E-2,.24629E-3,0
FENGYUN 1C DEB,1999-025BWG,2026-05-21T02:11:58.576416,13.93373550,.0118795,100.1491,107.1692,115.7534,245.5939,0,U,31493,999,62085,.42052827E-3,.532E-5,0
FENGYUN 1C DEB,1999-025BWJ,2026-05-25T22:34:58.123200,14.30220596,.00281672,99.1084,31.7278,63.2704,297.1355,0,U,31495,999,65737,.89456866E-3,.228E-4,0
FENGYUN 1C DEB,1999-025BWL,2026-05-24T04:43:48.708192,14.39475345,.01666544,98.3869,129.2085,214.4332,160.7837,0,U,31497,999,99892,.78258544E-4,.237E-5,0
FENGYUN 1C DEB,1999-025BWM,2026-05-26T08:26:39.181632,13.77782939,.02210657,98.4961,105.4028,60.2719,302.0235,0,U,31498,999,95000,.18889567E-2,.2228E-4,0
FENGYUN 1C DEB,1999-025BWS,2026-05-22T10:29:18.596256,14.23249993,.0050617,100.0892,36.8461,99.8612,260.8281,0,U,31503,999,66532,.54477E-3,.1194E-4,0
FENGYUN 1C DEB,1999-025BWW,2026-05-28T01:08:38.814144,14.52857348,.01139992,98.1719,181.2450,285.3279,103.1652,0,U,31507,999,432,.31316976E-3,.1352E-4,0
FENGYUN 1C DEB,1999-025BWX,2026-05-26T07:18:49.425408,14.67720687,.0032017,98.6360,268.0311,173.7699,186.3909,0,U,31508,999,99334,.28591E-2,.16389E-3,0
FENGYUN 1C DEB,1999-025BWY,2026-05-28T19:19:02.917632,13.95882282,.0197132,99.0306,269.6475,121.0066,241.0623,0,U,31509,999,96292,.19864E-2,.3156E-4,0
FENGYUN 1C DEB,1999-025BWZ,2026-05-27T05:56:45.155040,14.24951780,.0036557,98.5575,147.2650,205.2994,219.1445,0,U,31510,999,98844,.40227E-3,.904E-5,0
FENGYUN 1C DEB,1999-025BXA,2026-05-28T08:05:10.379616,14.28867856,.010939,99.0777,328.6010,104.7150,256.6184,0,U,31511,999,98179,.60285E-3,.1575E-4,0
FENGYUN 1C DEB,1999-025BXB,2026-05-23T23:59:07.113696,14.44495671,.01434578,98.7938,49.9960,22.7134,348.9714,0,U,31512,999,67844,.4120508E-3,.156E-4,0
FENGYUN 1C DEB,1999-025BXC,2026-05-13T12:13:10.749216,14.34290558,.00273617,98.8593,238.7804,45.8220,314.5206,0,U,31513,999,75043,.78320963E-3,.2163E-4,0
FENGYUN 1C DEB,1999-025BXD,2026-05-26T04:40:28.151328,14.22097449,.00555993,99.2446,59.6932,11.2621,348.9785,0,U,31514,999,71661,.11579425E-2,.2556E-4,0
FENGYUN 1C DEB,1999-025BXF,2026-05-28T20:30:14.379840,14.25766281,.0149544,98.8478,271.1405,114.5555,16.2440,0,U,31516,999,98873,.40794E-3,.1044E-4,0
FENGYUN 1C DEB,1999-025BXJ,2026-05-28T18:18:05.654880,14.23743828,.0053813,98.5801,146.1845,116.3744,244.2973,0,U,31519,999,67141,.38001E-3,.839E-5,0
FENGYUN 1C DEB,1999-025BXM,2026-05-28T23:46:29.110080,14.04287682,.0044898,98.6953,165.1999,92.1367,268.4943,0,U,31522,999,97343,.50521E-3,.769E-5,0
FENGYUN 1C DEB,1999-025BXN,2026-05-28T02:10:49.537632,14.13876201,.00382896,98.7281,196.9888,358.2480,30.7298,0,U,31523,999,98358,.20805005E-4,-.4E-7,0
FENGYUN 1C DEB,1999-025BXP,2026-05-26T11:20:28.527360,14.07510772,.02779673,99.2627,36.5952,25.5324,148.0341,0,U,31524,999,65468,.34897073E-3,.787E-5,0
FENGYUN 1C DEB,1999-025BXS,2026-05-28T03:44:42.169632,13.23561050,.04481109,98.9154,294.9717,254.2103,100.9188,0,U,31527,999,92391,.91693182E-3,.625E-5,0
FENGYUN 1C DEB,1999-025BXW,2026-05-28T21:57:49.967424,14.36678766,.0243233,98.3585,194.1418,128.5824,233.7426,0,U,31531,999,66334,.10033E-2,.4105E-4,0
FENGYUN 1C DEB,1999-025BXY,2026-05-24T11:20:19.971168,14.27926653,.00639082,98.9476,45.6590,237.0358,122.4668,0,U,31533,999,68445,.19150923E-3,.438E-5,0
FENGYUN 1C DEB,1999-025BYA,2026-05-10T19:12:30.670272,14.28845442,.00885218,98.0296,334.0029,80.5491,280.5685,0,U,31535,999,74059,.36524103E-3,.923E-5,0
FENGYUN 1C DEB,1999-025BYB,2026-05-29T04:20:47.770944,14.57665900,.0282879,98.2302,59.6228,346.0749,13.2762,0,U,31536,999,98694,.17946E-2,.14219E-3,0
FENGYUN 1C DEB,1999-025BYC,2026-05-22T04:43:19.778016,14.24283979,.03349386,99.3080,309.6040,226.9849,130.2818,0,U,31537,999,95563,.20363878E-2,.839E-4,0
FENGYUN 1C DEB,1999-025BYF,2026-05-28T06:04:45.042240,14.67495095,.0172503,99.0695,330.1434,148.6334,212.5296,0,U,31540,999,727,.12772E-2,.9002E-4,0
FENGYUN 1C DEB,1999-025BYG,2026-05-28T09:47:49.177248,14.71153752,.0076489,98.9978,312.6941,84.3243,276.6676,0,U,31541,999,864,.99785E-3,.6371E-4,0
FENGYUN 1C DEB,1999-025BYH,2026-05-28T10:30:46.179072,14.23684906,.0047935,98.7139,205.9535,86.6639,274.0021,0,U,31542,999,98311,.13147E-2,.2993E-4,0
FENGYUN 1C DEB,1999-025BYK,2026-05-29T02:11:38.860800,14.14773869,.0033632,98.8077,203.2823,151.9653,208.3341,0,U,31544,999,98123,.6831E-3,.128E-4,0
FENGYUN 1C DEB,1999-025BYM,2026-05-28T02:27:47.486880,14.14193549,.01417978,98.2287,209.6045,16.7925,343.7874,0,U,31546,999,97139,.14603584E-2,.3028E-4,0
FENGYUN 1C DEB,1999-025BYN,2026-05-29T02:09:39.356640,14.24135079,.0054411,99.0718,203.2221,133.3284,227.2448,0,U,31547,999,66398,.1496E-2,.3452E-4,0
FENGYUN 1C DEB,1999-025BYR,2026-05-27T10:25:45.939072,14.40976420,.01905114,98.3156,147.3879,132.7520,228.9878,0,U,31550,999,67840,.47941162E-3,.1863E-4,0
FENGYUN 1C DEB,1999-025BYT,2026-05-28T19:17:11.281920,14.49877574,.0082372,98.6253,279.0044,234.7595,124.5869,0,U,31552,999,98294,.38416E-2,.15479E-3,0
FENGYUN 1C DEB,1999-025BYU,2026-05-29T03:23:40.567200,14.31578338,.0026181,98.9907,214.7253,332.3681,56.9751,0,U,31553,999,98304,.16505E-2,.4364E-4,0
FENGYUN 1C DEB,1999-025BYV,2026-05-26T08:47:32.502624,14.55982331,.00350218,98.9129,295.8945,238.1328,121.6458,0,U,31554,999,67249,.26601664E-2,.11763E-3,0
FENGYUN 1C DEB,1999-025BYW,2026-05-27T03:37:23.793312,14.46555485,.01519834,99.1161,118.4285,65.8577,295.8421,0,U,31555,999,98953,.19607908E-2,.8112E-4,0
FENGYUN 1C DEB,1999-025BYY,2026-05-12T16:33:57.020256,14.41272043,.0170484,98.3032,116.2717,176.1107,184.1454,0,U,31557,999,63273,.12349E-3,.426E-5,0
FENGYUN 1C DEB,1999-025BYZ,2026-05-29T05:02:38.941152,14.39011972,.0211842,98.7790,53.7255,125.1785,25.7195,0,U,31558,999,99843,.20424E-3,.766E-5,0
FENGYUN 1C DEB,1999-025BZA,2026-05-29T04:03:09.256032,14.66207289,.0055058,98.8774,121.4003,39.5287,25.4705,0,U,31559,999,5,.16777E-2,.9398E-4,0
FENGYUN 1C DEB,1999-025BZB,2026-05-28T08:03:58.735008,14.21269426,.0120732,98.5638,184.7292,184.6484,175.3582,0,U,31560,999,98985,.57258E-4,.92E-6,0
FENGYUN 1C DEB,1999-025BZC,2026-05-28T22:47:10.349376,14.02992079,.0058237,98.7247,143.0075,75.6293,313.3672,0,U,31561,999,97523,.25809E-3,.365E-5,0
FENGYUN 1C DEB,1999-025BZD,2026-05-28T22:40:03.872064,14.43091099,.005739,99.2754,319.8980,150.9433,209.4969,0,U,31562,999,99401,.93824E-3,.316E-4,0
FENGYUN 1C DEB,1999-025BZE,2026-05-27T10:30:57.711744,14.66588050,.01098568,98.9699,320.9837,288.4461,70.4823,0,U,31563,999,956,.41049351E-3,.2428E-4,0
FENGYUN 1C DEB,1999-025BZG,2026-05-24T12:09:19.230048,14.42322209,.00508003,100.7171,62.4313,293.9388,65.6478,0,U,31565,999,66697,.21306047E-2,.7089E-4,0
FENGYUN 1C DEB,1999-025BZH,2026-05-29T03:37:22.783296,14.39354794,.0024967,98.9376,219.9907,214.5320,175.7087,0,U,31566,999,98798,.21794E-2,.6758E-4,0
FENGYUN 1C DEB,1999-025BZJ,2026-05-29T00:09:54.748224,13.94365142,.018164,102.3115,75.6098,266.8226,91.2128,0,U,31567,999,69739,.3066E-2,.4612E-4,0
FENGYUN 1C DEB,1999-025BZK,2026-05-26T18:53:46.282272,14.04890010,.01289234,102.0489,87.1622,70.1582,291.3418,0,U,31568,999,96896,.25222942E-2,.43E-4,0
FENGYUN 1C DEB,1999-025BZL,2026-05-28T08:42:59.565024,13.96902464,.0173865,102.6137,11.6341,330.7051,209.0893,0,U,31569,999,96004,.22608E-2,.3504E-4,0
FENGYUN 1C DEB,1999-025BZM,2026-05-23T13:08:08.657088,14.27846213,.01460636,102.5702,257.2015,178.2818,181.8879,0,U,31570,999,65674,.28166785E-2,.7738E-4,0
FENGYUN 1C DEB,1999-025BZN,2026-05-22T14:06:07.542720,14.88649250,.0137942,98.3960,274.8162,235.5893,123.2218,0,U,31608,999,1005,.53463E-3,.5884E-4,0
FENGYUN 1C DEB,1999-025BZP,2026-05-28T01:25:04.672704,14.17089126,.00915854,99.1977,187.2599,208.7461,181.1227,0,U,31609,999,68439,.20223007E-2,.4196E-4,0
FENGYUN 1C DEB,1999-025BZT,2026-05-27T17:41:13.690464,13.63993925,.03425883,98.4359,318.0708,26.6476,335.1833,0,U,31613,999,94024,.94423008E-3,.1084E-4,0
FENGYUN 1C DEB,1999-025BZV,2026-05-27T03:04:44.363136,14.39037061,.01588559,99.1412,213.9291,191.9687,167.7705,0,U,31615,999,67654,.37922641E-2,.13546E-3,0
FENGYUN 1C DEB,1999-025BZY,2026-05-28T03:30:23.583456,14.21345010,.01565386,99.4657,307.7913,215.8958,143.1620,0,U,31618,999,72628,.35773058E-3,.832E-5,0
FENGYUN 1C DEB,1999-025BZZ,2026-05-27T13:48:45.926784,15.06238625,.0062758,99.0612,11.2429,117.5868,243.1747,0,U,31619,999,65968,.657E-2,.101996E-2,0
FENGYUN 1C DEB,1999-025CAA,2026-05-28T12:44:46.251168,14.39509452,.001894,98.8819,243.3413,261.7271,98.1768,0,U,31620,999,68242,.23861E-2,.7416E-4,0
FENGYUN 1C DEB,1999-025CAC,2026-05-28T05:19:07.862592,14.39115634,.00162858,98.8156,252.3295,202.6847,186.9339,0,U,31622,999,98165,.21673381E-2,.6674E-4,0
FENGYUN 1C DEB,1999-025CAD,2026-05-27T11:04:53.209344,13.82753482,.01924949,97.6258,332.7998,263.4911,94.4301,0,U,31623,999,60210,.37861308E-3,.442E-5,0
FENGYUN 1C DEB,1999-025CAF,2026-05-28T05:38:30.100704,14.55735947,.01475531,98.8002,248.2380,228.0276,160.8796,0,U,31625,999,787,.1899656E-3,.901E-5,0
FENGYUN 1C DEB,1999-025CAH,2026-05-19T20:24:10.389600,14.36577990,.00511173,98.5112,190.9612,46.6064,313.9361,0,U,31627,999,67036,.59822354E-3,.1742E-4,0
FENGYUN 1C DEB,1999-025CAJ,2026-05-28T12:15:08.305920,13.87640736,.0164948,102.2687,59.9347,180.7282,179.3646,0,U,31628,999,95612,.14096E-2,.179E-4,0
FENGYUN 1C DEB,1999-025CAK,2026-05-27T06:03:12.696192,14.16329606,.0100853,102.1296,257.1866,330.4757,29.0733,0,U,31629,999,96788,.20701E-2,.4247E-4,0
FENGYUN 1C DEB,1999-025CAL,2026-05-27T17:58:16.925664,15.13882455,.01457855,98.0989,329.8195,153.6301,207.2445,0,U,31630,999,1082,.12570265E-2,.29674E-3,0
FENGYUN 1C DEB,1999-025CAM,2026-05-29T01:49:23.179008,14.95944278,.0034226,99.3334,93.0394,149.9386,210.3804,0,U,31631,999,66453,.10355E-1,.119191E-2,0
FENGYUN 1C DEB,1999-025CAP,2026-05-18T19:32:30.939936,14.06812246,.00682402,98.7141,152.2285,89.9277,270.9712,0,U,31633,999,59292,.53148961E-3,.862E-5,0
FENGYUN 1C DEB,1999-025CAQ,2026-05-21T09:23:18.612960,13.94811768,.0092409,99.3419,195.0290,85.9296,275.2421,0,U,31634,999,58749,.6714E-4,.48E-6,0
FENGYUN 1C DEB,1999-025CAV,2026-05-28T07:48:55.353024,13.85235581,.016215,98.7628,88.2738,53.2045,96.8938,0,U,31639,999,95994,.1619E-3,.164E-5,0
FENGYUN 1C DEB,1999-025CAY,2026-05-28T12:08:22.900704,14.33743057,.0120706,98.4904,232.7118,122.0848,239.2123,0,U,31642,999,99408,.37426E-3,.1084E-4,0
FENGYUN 1C DEB,1999-025CBA,2026-05-26T13:28:12.078624,14.70023432,.01506759,98.6587,51.3492,29.1158,91.2620,0,U,31644,999,73464,.10379851E-2,.7364E-4,0
FENGYUN 1C DEB,1999-025CBC,2026-05-09T07:43:00.418368,14.14415324,.00342879,98.6751,153.2289,151.8293,208.4745,0,U,31646,999,65277,.33522912E-3,.603E-5,0
FENGYUN 1C DEB,1999-025CBE,2026-05-22T22:45:37.833984,14.17285794,.00457626,102.7889,40.6347,120.1118,240.4589,0,U,31648,999,74180,.12276579E-2,.2429E-4,0
FENGYUN 1C DEB,1999-025CBM,2026-05-28T19:17:49.869024,13.65247528,.0294284,99.2809,92.5707,66.0595,325.1842,0,U,31655,999,61998,.42546E-2,.4608E-4,0
FENGYUN 1C DEB,1999-025CBN,2026-05-28T23:55:33.476736,14.49644309,.0018486,99.1958,157.5247,276.0374,111.2992,0,U,31656,999,98877,.19004E-2,.7275E-4,0
FENGYUN 1C DEB,1999-025CBP,2026-05-28T04:16:02.324352,13.98661602,.01498589,102.2133,112.0071,11.9330,348.5310,0,U,31657,999,65190,.31473838E-2,.4911E-4,0
FENGYUN 1C DEB,1999-025CBQ,2026-05-29T00:10:10.327008,14.00277389,.0210691,98.1457,345.0615,208.4191,150.5355,0,U,31658,999,72156,.25968E-2,.4617E-4,0
FENGYUN 1C DEB,1999-025CBS,2026-05-08T17:54:06.585120,14.27632236,.0102725,98.5091,131.2106,109.7174,251.5123,0,U,31660,999,10013,.39393782E-3,.985E-5,0
FENGYUN 1C DEB,1999-025CBT,2026-05-27T04:30:52.880256,14.26600646,.005997,98.8506,233.0044,107.4246,283.2234,0,U,31661,999,98071,.16817481E-2,.4095E-4,0
FENGYUN 1C DEB,1999-025CBV,2026-05-27T01:56:58.799040,14.77289660,.01893639,98.8401,75.6901,77.2037,285.0257,0,U,31663,999,1714,.30748952E-3,.2866E-4,0
FENGYUN 1C DEB,1999-025CBW,2026-05-28T22:34:17.976576,14.10551162,.0125455,98.7634,141.2099,45.2640,315.8662,0,U,31664,999,98358,.39426E-3,.714E-5,0
FENGYUN 1C DEB,1999-025CBX,2026-05-29T00:48:49.351392,13.85313267,.0189323,98.4325,180.4535,88.6152,273.6685,0,U,31665,999,95507,.10872E-2,.1385E-4,0
FENGYUN 1C DEB,1999-025CBY,2026-05-28T10:11:24.796320,14.96267640,.0018228,98.6631,317.9727,328.5651,31.4477,0,U,31666,999,99754,.38749E-2,.44093E-3,0
FENGYUN 1C DEB,1999-025CBZ,2026-05-28T19:54:34.818624,14.23701238,.0050458,99.0682,11.1377,329.9583,29.8702,0,U,31667,999,58370,.22347E-3,.469E-5,0
FENGYUN 1C DEB,1999-025CCE,2026-05-24T19:44:43.325088,14.53324728,.01019802,98.9526,348.3250,209.3446,150.1998,0,U,31672,999,67238,.1023642E-2,.4501E-4,0
FENGYUN 1C DEB,1999-025CCF,2026-05-22T20:50:02.406624,14.32182786,.01238845,99.3645,355.2236,305.0351,53.9257,0,U,31673,999,67197,.11837158E-3,.293E-5,0
FENGYUN 1C DEB,1999-025CCG,2026-05-25T20:56:38.869440,14.55423599,.00262385,98.9179,197.8584,148.5258,211.7514,0,U,31674,999,66999,.23080357E-2,.10038E-3,0
FENGYUN 1C DEB,1999-025CCL,2026-05-28T14:29:47.029920,14.55850010,.0249514,98.8106,271.7330,239.6987,117.9311,0,U,31678,999,99265,.11876E-2,.7892E-4,0
FENGYUN 1C DEB,1999-025CCN,2026-05-28T21:56:27.235104,15.39323229,.0054519,99.8473,315.8719,96.3389,264.4061,0,U,31680,999,2731,.16068E-2,.6641E-3,0
FENGYUN 1C DEB,1999-025CCT,2026-05-28T20:46:24.028896,14.09717000,.0017744,98.7135,172.9370,113.7148,246.5887,0,U,31685,999,97444,.11282E-3,.156E-5,0
FENGYUN 1C DEB,1999-025CCU,2026-05-27T03:53:08.860704,14.75065911,.02705916,98.1306,224.5668,280.5958,107.0618,0,U,31686,999,247,.3844105E-3,.4643E-4,0
FENGYUN 1C DEB,1999-025CCW,2026-05-26T22:20:43.183104,14.02390700,.0075144,98.9380,203.0840,43.7801,316.9289,0,U,31688,999,97593,.1839E-3,.246E-5,0
FENGYUN 1C DEB,1999-025CCZ,2026-05-22T23:40:32.058624,14.27764443,.00616281,98.8750,236.7926,133.1506,227.4850,0,U,31691,999,66411,.13521293E-2,.3363E-4,0
FENGYUN 1C DEB,1999-025CDA,2026-05-26T11:19:55.174368,14.20316426,.00838581,99.1764,153.8981,337.1558,22.5896,0,U,31692,999,60546,.22785314E-2,.5006E-4,0
FENGYUN 1C DEB,1999-025CDD,2026-05-28T12:06:40.521024,14.77533828,.0165833,98.2554,241.4517,56.4816,305.2112,0,U,31695,999,68431,.13279E-2,.11872E-3,0
FENGYUN 1C DEB,1999-025CDM,2026-05-28T18:49:12.936000,15.31622167,.0018433,99.0180,82.2125,113.3610,246.9568,0,U,31714,999,98563,.1254E-1,.405291E-2,0
FENGYUN 1C DEB,1999-025CDN,2026-05-26T13:10:08.889600,14.53627582,.01829591,99.2857,358.1581,347.6100,12.0625,0,U,31715,999,64110,.57948597E-3,.296E-4,0
FENGYUN 1C DEB,1999-025CDP,2026-05-29T04:36:39.822048,14.04377701,.013069,98.5460,43.3999,341.5226,171.3020,0,U,31716,999,96469,.11891E-2,.2001E-4,0
FENGYUN 1C DEB,1999-025CDT,2026-05-27T06:34:46.610112,14.74033553,.0095102,99.0513,83.0202,330.8447,28.7468,0,U,31720,999,657,.10732E-2,.7528E-4,0
FENGYUN 1C DEB,1999-025CDU,2026-05-28T22:16:26.574240,13.74021615,.0318203,99.7971,137.8318,111.6696,281.6451,0,U,31721,999,69682,.47057E-3,.593E-5,0
FENGYUN 1C DEB,1999-025CDX,2026-05-28T05:17:30.833664,14.53557520,.01464418,97.8524,148.4384,85.5371,276.2540,0,U,31724,999,66907,.22455884E-2,.10778E-3,0
FENGYUN 1C DEB,1999-025CDY,2026-05-27T19:23:28.651200,12.79634698,.0687384,99.1733,340.0346,321.7794,33.6411,0,U,31725,999,88605,.18550406E-2,.1107E-4,0
FENGYUN 1C DEB,1999-025CEA,2026-05-28T19:29:17.670048,14.39317856,.0031746,98.8709,271.2564,204.0285,310.7703,0,U,31727,999,74070,.22203E-2,.6897E-4,0
FENGYUN 1C DEB,1999-025CEE,2026-05-28T03:05:56.982336,14.42045316,.00092116,99.2949,215.9134,331.4746,28.5936,0,U,31731,999,98227,.15517663E-2,.505E-4,0
FENGYUN 1C DEB,1999-025CEF,2026-05-27T22:23:11.691744,14.12458103,.00415672,98.5504,180.3183,130.2579,230.2241,0,U,31732,999,66676,.29505611E-3,.508E-5,0
FENGYUN 1C DEB,1999-025CEH,2026-05-25T17:05:18.792384,14.29391424,.0101565,98.5056,138.8821,244.0608,115.0081,0,U,31734,999,98793,.22650897E-3,.567E-5,0
FENGYUN 1C DEB,1999-025CEJ,2026-05-29T02:02:54.596832,14.43559530,.0060356,98.5839,258.5583,140.3314,220.2314,0,U,31735,999,99078,.12289E-2,.4211E-4,0
FENGYUN 1C DEB,1999-025CEK,2026-05-28T22:46:46.540992,14.14286486,.0013055,98.6803,151.1406,122.1849,238.0592,0,U,31736,999,66428,.14159E-3,.228E-5,0
FENGYUN 1C DEB,1999-025CEL,2026-05-26T22:19:35.180256,14.70031311,.0144742,97.8948,180.2947,207.3136,274.5225,0,U,31737,999,626,.385E-3,.266E-4,0
FENGYUN 1C DEB,1999-025CEM,2026-05-17T21:59:53.954016,13.85769253,.03051351,99.3454,210.0388,43.2264,319.2409,0,U,31738,999,64420,.7049124E-3,.112E-4,0
FENGYUN 1C DEB,1999-025CEN,2026-05-26T09:49:13.219392,14.19295494,.01265429,98.7196,204.4381,324.8982,34.3903,0,U,31739,999,97822,.67675938E-4,.109E-5,0
FENGYUN 1C DEB,1999-025CEP,2026-05-23T08:00:57.449664,14.43516347,.00234335,99.8246,344.1569,325.5601,212.2242,0,U,31740,999,67405,.60026428E-3,.1982E-4,0
FENGYUN 1C DEB,1999-025CEQ,2026-05-21T01:07:09.768576,14.32126003,.01737189,99.0723,78.6193,328.4257,30.6592,0,U,31741,999,4499,.56400022E-3,.1738E-4,0
FENGYUN 1C DEB,1999-025CER,2026-05-29T01:56:48.607296,14.40439431,.0075045,98.9023,20.7243,192.7294,167.2000,0,U,31742,999,99058,.49599E-3,.158E-4,0
FENGYUN 1C DEB,1999-025CES,2026-05-24T07:26:01.434048,14.32740087,.00407268,99.1514,85.9853,103.7200,50.8729,0,U,31743,999,97967,.11642893E-2,.3152E-4,0
FENGYUN 1C DEB,1999-025CET,2026-05-24T01:30:45.643392,14.19260758,.03059534,99.3129,268.1242,305.7256,51.5807,0,U,31744,999,96915,.87325314E-3,.2866E-4,0
FENGYUN 1C DEB,1999-025CEV,2026-05-26T20:14:11.479488,14.86713471,.00177897,98.5957,286.4136,40.5387,319.7148,0,U,31746,999,99473,.31567834E-2,.28195E-3,0
FENGYUN 1C DEB,1999-025CFB,2026-05-28T23:35:22.941888,13.94147842,.0353483,98.9634,222.1879,234.6045,122.1622,0,U,31752,999,95920,.13787E-2,.3026E-4,0
FENGYUN 1C DEB,1999-025CFC,2026-05-28T00:44:11.766336,14.18844804,.0159613,98.6091,181.6302,54.9790,335.6793,0,U,31753,999,98377,.29045912E-3,.644E-5,0
FENGYUN 1C DEB,1999-025CFD,2026-05-29T04:14:29.339808,14.43429066,.0051032,99.0536,129.7020,82.4604,278.2377,0,U,31754,999,99404,.10741E-2,.3638E-4,0
FENGYUN 1C DEB,1999-025CFE,2026-05-15T19:00:14.328864,14.08531443,.01860971,98.7914,128.9014,307.5781,175.6079,0,U,31755,999,65840,.17999943E-3,.318E-5,0
FENGYUN 1C DEB,1999-025CFG,2026-05-27T06:46:36.805152,14.08083488,.0215892,98.7520,169.6409,337.0109,22.1509,0,U,31757,999,66211,.19113E-3,.359E-5,0
FENGYUN 1C DEB,1999-025CFH,2026-05-28T23:35:26.187936,14.47017392,.0298124,98.0538,154.7798,298.5380,58.6099,0,U,31758,999,96615,.17183E-2,.10904E-3,0
FENGYUN 1C DEB,1999-025CFK,2026-05-28T13:13:29.811936,14.30763700,.0053014,99.2585,261.7915,78.0261,282.6856,0,U,31760,999,98517,.60458E-3,.1559E-4,0
FENGYUN 1C DEB,1999-025CFL,2026-05-25T21:23:59.417088,14.05367037,.04656,98.6199,7.3466,159.0833,203.0098,0,U,31761,999,60415,.12135384E-2,.5245E-4,0
FENGYUN 1C DEB,1999-025CFN,2026-05-28T12:27:30.203712,13.50776644,.0544094,98.5199,238.8746,357.3466,15.8206,0,U,31763,999,93257,.28387E-3,.426E-5,0
FENGYUN 1C DEB,1999-025CFR,2026-05-28T05:14:08.322432,14.05367826,.00742588,98.8222,146.5445,183.2957,176.7731,0,U,31766,999,66424,.24951799E-3,.372E-5,0
FENGYUN 1C DEB,1999-025CFS,2026-05-29T01:12:42.570144,14.05049388,.0040027,98.8002,178.9623,322.0283,65.8572,0,U,31767,999,97175,.41613E-4,.24E-6,0
FENGYUN 1C DEB,1999-025CFT,2026-05-28T05:22:55.986240,14.82858508,.00255254,99.0329,246.6951,176.6161,213.8616,0,U,31768,999,99335,.32910091E-2,.26838E-3,0
FENGYUN 1C DEB,1999-025CFX,2026-05-28T05:33:07.293024,14.12482142,.0136892,98.4740,61.6590,358.0384,2.0235,0,U,31772,999,73233,.1208E-2,.2397E-4,0
FENGYUN 1C DEB,1999-025CFY,2026-05-26T06:55:46.208928,14.77720130,.00367931,98.9501,159.6576,29.3497,330.9766,0,U,31773,999,67601,.20196713E-2,.14605E-3,0
FENGYUN 1C DEB,1999-025CGB,2026-05-29T03:41:51.387072,14.19508012,.0054158,99.0603,217.7139,216.4162,172.8555,0,U,31776,999,97255,.14702E-2,.3098E-4,0
FENGYUN 1C DEB,1999-025CGE,2026-05-26T18:57:13.489344,14.42117775,.02131522,99.3086,86.5828,58.9422,303.2498,0,U,31779,999,99388,.36952722E-3,.1535E-4,0
FENGYUN 1C DEB,1999-025CGF,2026-05-28T22:45:41.296896,14.70420237,.0146978,99.3023,329.7746,259.6871,98.7733,0,U,31780,999,942,.29288E-3,.202E-4,0
FENGYUN 1C DEB,1999-025CGG,2026-05-19T05:21:00.116064,14.15340281,.0194681,99.5041,325.2144,194.2900,165.2717,0,U,31781,999,70574,.19496E-2,.4514E-4,0
FENGYUN 1C DEB,1999-025CGH,2026-05-28T10:10:38.605152,14.36677037,.0078243,98.9219,320.4042,225.3663,165.0252,0,U,31782,999,99084,.38534E-3,.1127E-4,0
FENGYUN 1C DEB,1999-025CGJ,2026-05-21T23:09:08.728704,14.09147971,.01020864,98.6028,148.4535,315.3398,73.9083,0,U,31783,999,91477,.30332932E-3,.51E-5,0
FENGYUN 1C DEB,1999-025CGP,2026-05-28T00:45:31.566240,13.46090770,.04660285,102.5649,337.9756,80.3790,65.6217,0,U,31788,999,92841,.2136116E-2,.2415E-4,0
FENGYUN 1C DEB,1999-025CGS,2026-05-26T05:12:29.028096,14.13261666,.01372191,98.2984,307.7129,31.3439,329.5824,0,U,31804,999,65984,.11288694E-2,.2275E-4,0
FENGYUN 1C DEB,1999-025CGT,2026-05-22T03:51:17.293248,14.05473511,.0439162,98.3781,119.4356,62.7467,301.7732,0,U,31805,999,64615,.19064786E-2,.7413E-4,0
FENGYUN 1C DEB,1999-025CGV,2026-05-27T15:33:47.585088,14.53168885,.01034207,99.0975,297.2989,25.0226,335.5929,0,U,31807,999,67714,.49268702E-3,.2132E-4,0
FENGYUN 1C DEB,1999-025CGW,2026-05-26T08:50:10.072896,14.64930624,.00364975,99.1976,356.7305,3.6052,356.5404,0,U,31808,999,60007,.40758801E-2,.22028E-3,0
FENGYUN 1C DEB,1999-025CGY,2026-05-22T18:55:10.027200,14.46821096,.02109893,98.2586,159.3348,10.1133,350.4205,0,U,31810,999,66742,.45307028E-3,.2116E-4,0
FENGYUN 1C DEB,1999-025CHB,2026-05-28T02:24:45.020448,14.50529899,.01350304,99.4204,252.2250,200.4137,159.1627,0,U,31813,999,99667,.58533799E-3,.2516E-4,0
FENGYUN 1C DEB,1999-025CHC,2026-05-28T10:17:24.228960,13.66664262,.0230715,99.5474,201.3556,147.4699,214.0903,0,U,31814,999,64076,.59544E-3,.552E-5,0
FENGYUN 1C DEB,1999-025CHD,2026-05-29T04:27:58.582944,14.10316492,.0057658,98.7835,136.5235,267.4244,92.0326,0,U,31815,999,97899,.71965E-4,.86E-6,0
FENGYUN 1C DEB,1999-025CHE,2026-05-28T19:49:14.524320,13.94658440,.0120938,98.9929,263.6842,58.0710,93.2848,0,U,31816,999,96022,.74994E-3,.1024E-4,0
FENGYUN 1C DEB,1999-025CHF,2026-05-28T06:17:24.245088,14.68132402,.0057075,98.9164,164.2039,281.2635,78.2157,0,U,31817,999,73847,.10949E-2,.6394E-4,0
FENGYUN 1C DEB,1999-025CHH,2026-05-27T17:19:11.786880,14.30499835,.00867347,98.4851,139.9004,189.2999,170.6582,0,U,31819,999,99066,.26142084E-3,.667E-5,0
FENGYUN 1C DEB,1999-025CHJ,2026-05-26T12:04:31.831680,14.97423760,.0136453,98.9627,345.9305,199.4793,160.1183,0,U,31820,999,678,.10045985E-2,.14089E-3,0
FENGYUN 1C DEB,1999-025CHK,2026-05-29T03:26:11.988384,14.48354610,.0199364,98.1569,32.6792,223.3180,135.2194,0,U,31821,999,96079,.34961E-2,.16812E-3,0
FENGYUN 1C DEB,1999-025CHM,2026-05-28T20:16:58.797408,14.69391014,.0036153,99.5114,266.8087,69.4092,291.0981,0,U,31823,999,99169,.17759E-2,.10558E-3,0
FENGYUN 1C DEB,1999-025CHP,2026-05-28T04:25:29.288064,14.22102161,.01641904,98.5946,148.5992,214.6834,144.3551,0,U,31825,999,97987,.35917678E-3,.868E-5,0
FENGYUN 1C DEB,1999-025CHQ,2026-05-28T22:14:39.770880,14.19589136,.0125124,98.6372,140.8836,67.5157,323.4110,0,U,31826,999,98186,.44501E-3,.974E-5,0
FENGYUN 1C DEB,1999-025CHT,2026-05-28T22:17:38.622336,13.88854793,.0169706,98.8543,315.3179,69.1542,84.5940,0,U,31829,999,96468,.33104E-3,.409E-5,0
FENGYUN 1C DEB,1999-025CHU,2026-05-28T19:09:48.625344,13.84183015,.0184272,99.1655,255.3672,226.6560,287.2363,0,U,31830,999,95050,.21497E-2,.269E-4,0
FENGYUN 1C DEB,1999-025CHY,2026-05-28T20:30:06.596064,14.03363084,.0160828,98.3518,0.6716,324.9026,34.1629,0,U,31834,999,66054,.28388E-3,.457E-5,0
FENGYUN 1C DEB,1999-025CJA,2026-05-26T20:06:42.799104,14.11229669,.01135469,98.6244,110.2828,8.2876,352.0137,0,U,31836,999,63731,.19716749E-2,.3739E-4,0
FENGYUN 1C DEB,1999-025CJB,2026-05-24T23:12:28.530432,14.85577867,.00880974,98.0840,227.8094,205.6089,154.0749,0,U,31837,999,773,.91903457E-3,.8471E-4,0
FENGYUN 1C DEB,1999-025CJC,2026-05-24T21:35:58.266816,14.21594596,.0036462,98.6982,198.3672,345.3859,192.5865,0,U,31838,999,66894,.42803E-3,.901E-5,0
FENGYUN 1C DEB,1999-025CJF,2026-05-28T16:57:37.431072,14.05088099,.0304583,98.4348,310.7841,191.5281,185.5593,0,U,31841,999,61683,.2293E-2,.557E-4,0
FENGYUN 1C DEB,1999-025CJH,2026-05-22T01:44:10.408416,13.35694215,.06313275,99.2933,74.2535,318.2493,37.2055,0,U,31843,999,66835,.20616965E-2,.3288E-4,0
FENGYUN 1C DEB,1999-025CJJ,2026-05-28T00:09:50.387616,14.20362086,.01010743,100.3013,168.8273,255.5606,103.4331,0,U,31844,999,97692,.59341459E-3,.128E-4,0
FENGYUN 1C DEB,1999-025CJR,2026-05-11T09:04:29.116128,13.84405019,.01962716,98.7924,341.8003,236.0621,122.1741,0,U,31851,999,63537,.14163764E-2,.1799E-4,0
FENGYUN 1C DEB,1999-025CJU,2026-05-28T22:52:19.191360,14.03288511,.0072825,98.8484,152.5952,35.9610,324.6427,0,U,31854,999,71617,.39181E-3,.583E-5,0
FENGYUN 1C DEB,1999-025CJX,2026-05-28T15:59:45.885120,13.62565523,.0306949,96.1889,122.6595,176.6846,183.6439,0,U,31857,999,63902,.16223E-2,.1711E-4,0
FENGYUN 1C DEB,1999-025CKB,2026-05-26T09:00:30.889728,13.30973763,.04878246,102.3367,16.9672,207.6229,149.8173,0,U,31861,999,68957,.164953E-2,.1456E-4,0
FENGYUN 1C DEB,1999-025CKC,2026-05-27T17:54:41.457024,15.06296800,.00964943,98.9941,249.9283,96.7009,264.5207,0,U,31877,999,1536,.10504129E-2,.17099E-3,0
FENGYUN 1C DEB,1999-025CKD,2026-05-19T14:26:44.820960,14.89777577,.00803603,99.4538,98.1344,101.9382,259.0854,0,U,31878,999,410,.49588751E-3,.4974E-4,0
FENGYUN 1C DEB,1999-025CKE,2026-05-26T16:36:39.569760,14.43418524,.02067965,99.6929,52.9920,277.9369,79.8394,0,U,31879,999,65589,.19960451E-3,.803E-5,0
FENGYUN 1C DEB,1999-025CKF,2026-05-28T07:40:17.632992,13.89705334,.0128262,100.0425,329.0271,74.7475,286.7819,0,U,31880,999,65293,.59546E-3,.73E-5,0
FENGYUN 1C DEB,1999-025CKH,2026-05-25T13:14:06.466272,14.13368223,.00369857,98.9233,72.5208,119.2594,241.2283,0,U,31882,999,60950,.4350946E-3,.778E-5,0
FENGYUN 1C DEB,1999-025CKJ,2026-05-25T06:46:37.343424,14.69412883,.01191484,99.0352,83.9121,284.4573,74.3433,0,U,31883,999,364,.46436407E-3,.2995E-4,0
FENGYUN 1C DEB,1999-025CKN,2026-05-26T16:30:23.225184,14.60056580,.00214522,99.5231,227.3695,230.1554,129.7755,0,U,31887,999,99013,.77516429E-3,.3677E-4,0
FENGYUN 1C DEB,1999-025CKP,2026-05-27T01:36:56.113632,14.35761680,.0020628,99.1603,88.3751,91.2831,269.0717,0,U,31888,999,98008,.14985812E-2,.4297E-4,0
FENGYUN 1C DEB,1999-025CKR,2026-05-28T06:14:52.557792,14.10207486,.0073429,98.7124,159.6770,129.9607,230.8044,0,U,31890,999,66499,.13089E-3,.196E-5,0
FENGYUN 1C DEB,1999-025CKS,2026-05-28T11:53:07.187712,13.66378460,.0225963,99.3920,163.7831,112.9892,249.5261,0,U,31891,999,94687,.54945E-3,.501E-5,0
FENGYUN 1C DEB,1999-025CKT,2026-05-23T06:13:39.918720,14.42014652,.01971764,99.2987,332.3373,172.4472,187.9762,0,U,31892,999,67233,.3683132E-3,.1465E-4,0
FENGYUN 1C DEB,1999-025CKU,2026-05-27T17:18:24.863904,14.64423461,.01736489,99.0914,128.0194,177.8539,355.0901,0,U,31893,999,821,.15761746E-3,.969E-5,0
FENGYUN 1C DEB,1999-025CKW,2026-05-28T07:21:54.660960,13.76325340,.0227186,99.0766,174.6765,147.9421,213.5782,0,U,31895,999,64187,.20845E-2,.2419E-4,0
FENGYUN 1C DEB,1999-025CKZ,2026-05-21T09:55:43.034592,14.70442825,.0141827,98.6896,21.6164,80.8767,280.8452,0,U,31898,999,68057,.57012E-3,.3974E-4,0
FENGYUN 1C DEB,1999-025CLA,2026-05-27T03:52:00.461280,13.84008692,.01816044,102.0791,261.6554,120.8064,241.1094,0,U,31899,999,69852,.10957397E-2,.1318E-4,0
FENGYUN 1C DEB,1999-025CLC,2026-05-22T02:40:57.248544,13.94234438,.01325824,98.6241,97.5197,105.7321,255.8510,0,U,31901,999,65642,.92462609E-4,.93E-6,0
FENGYUN 1C DEB,1999-025CLD,2026-05-27T21:17:06.018144,14.23562840,.01804091,98.5254,127.5649,25.5006,4.5074,0,U,31902,999,67155,.3478275E-3,.892E-5,0
FENGYUN 1C DEB,1999-025CLE,2026-05-28T11:30:50.935680,14.61692013,.01256,99.2777,162.0185,250.5045,108.2550,0,U,31903,999,99830,.39435E-3,.213E-4,0
FENGYUN 1C DEB,1999-025CLG,2026-05-27T10:00:21.843072,14.33870902,.01934489,99.1659,138.3841,332.6842,26.4269,0,U,31905,999,98998,.59500613E-3,.1987E-4,0
FENGYUN 1C DEB,1999-025CLH,2026-05-28T08:27:20.003040,14.26324491,.0049349,98.7005,285.0851,353.9160,34.3507,0,U,31906,999,97503,.17537E-2,.4223E-4,0
FENGYUN 1C DEB,1999-025CLM,2026-05-28T07:09:55.276416,14.49182812,.0222519,97.6541,159.2554,358.7135,1.3461,0,U,31910,999,66780,.10848E-2,.5622E-4,0
FENGYUN 1C DEB,1999-025CLQ,2026-05-28T12:23:29.781024,13.92954310,.0178366,99.2919,75.0311,220.2135,138.5715,0,U,31913,999,58207,.29057E-2,.4256E-4,0
FENGYUN 1C DEB,1999-025CLR,2026-05-29T02:38:05.553600,14.55997882,.0180317,99.0053,30.6142,282.4992,75.6084,0,U,31914,999,70908,.98707E-4,.473E-5,0
FENGYUN 1C DEB,1999-025CLS,2026-05-28T23:39:07.480800,14.16752075,.0102199,98.6191,166.7201,148.8870,211.8411,0,U,31915,999,66475,.71381E-3,.1461E-4,0
FENGYUN 1C DEB,1999-025CLT,2026-05-26T12:04:10.975584,14.33901802,.014196,99.3264,249.3466,340.3466,19.2278,0,U,31916,999,66887,.71788062E-3,.2185E-4,0
FENGYUN 1C DEB,1999-025CLU,2026-05-28T05:15:18.305568,14.38223569,.01893569,98.3698,141.7646,153.6279,270.2951,0,U,31917,999,98814,.35277558E-3,.1272E-4,0
FENGYUN 1C DEB,1999-025CLW,2026-05-28T16:39:29.089152,14.46273661,.0102579,99.1251,308.5056,71.4416,306.3486,0,U,31919,999,99494,.31983E-3,.1169E-4,0
FENGYUN 1C DEB,1999-025CLY,2026-05-27T15:18:59.309280,13.75681343,.02012158,99.3292,41.6340,188.3034,171.4768,0,U,31921,999,94587,.7260794E-3,.769E-5,0
FENGYUN 1C DEB,1999-025CLZ,2026-05-27T11:20:00.168288,13.87281088,.01580908,98.8169,134.4736,296.6364,193.8300,0,U,31922,999,95314,.15118328E-2,.1921E-4,0
FENGYUN 1C DEB,1999-025CMA,2026-05-27T16:19:22.019808,13.55324072,.0299104,98.4274,222.5673,230.9612,126.4560,0,U,31923,999,65882,.13972237E-2,.1252E-4,0
FENGYUN 1C DEB,1999-025CMB,2026-05-28T20:52:17.076576,13.64518020,.0270226,98.4134,288.9566,14.4478,346.4204,0,U,31924,999,93746,.11038E-2,.11E-4,0
FENGYUN 1C DEB,1999-025CMD,2026-05-28T05:43:31.152000,14.32681107,.0041185,98.9557,253.7174,131.7060,228.7658,0,U,31926,999,97610,.23906E-2,.6522E-4,0
FENGYUN 1C DEB,1999-025CME,2026-05-22T02:37:21.978624,14.35424771,.00719505,98.8120,279.5873,302.6720,56.7538,0,U,31929,999,72946,.23989581E-3,.662E-5,0
FENGYUN 1C DEB,1999-025CMG,2026-05-28T12:07:59.343744,13.42868246,.0421556,97.8246,67.1111,195.7641,163.0029,0,U,31931,999,67460,.61651E-3,.566E-5,0
FENGYUN 1C DEB,1999-025CMN,2026-05-28T13:28:29.424288,14.81059348,.0156691,99.2592,268.3809,136.4886,224.8810,0,U,31937,999,68536,.13661E-2,.13045E-3,0
FENGYUN 1C DEB,1999-025CMP,2026-05-28T10:05:28.004064,14.97606711,.0146317,98.9031,208.1071,245.9904,112.5940,0,U,31938,999,1622,.29373E-3,.4189E-4,0
FENGYUN 1C DEB,1999-025CMV,2026-05-28T04:38:54.948192,14.12265277,.01499335,99.2234,305.3081,257.5217,283.3293,0,U,31944,999,65259,.56315887E-3,.1104E-4,0
FENGYUN 1C DEB,1999-025CMW,2026-05-29T04:13:40.974816,14.21947734,.0061731,98.9526,232.9194,167.5328,192.7393,0,U,31945,999,97574,.16321E-2,.3629E-4,0
FENGYUN 1C DEB,1999-025CMX,2026-05-25T10:18:24.650208,14.17287771,.00795976,98.8867,210.6120,301.7918,57.5521,0,U,31946,999,66326,.9747629E-3,.1986E-4,0
FENGYUN 1C DEB,1999-025CMZ,2026-05-29T03:57:53.515872,14.29469922,.0022115,99.3806,227.2558,258.9497,130.9045,0,U,31948,999,97419,.14621E-2,.3694E-4,0
FENGYUN 1C DEB,1999-025CNA,2026-05-23T16:17:17.551104,14.17160418,.01272228,98.5608,128.0895,105.9741,255.5492,0,U,31949,999,97798,.18592924E-3,.365E-5,0
FENGYUN 1C DEB,1999-025CND,2026-05-29T04:09:07.003008,14.54314676,.0114178,98.9732,283.0196,146.0336,214.8237,0,U,31952,999,99642,.68374E-3,.3109E-4,0
FENGYUN 1C DEB,1999-025CNG,2026-05-28T11:49:18.404832,14.66883162,.0044315,99.2713,51.6116,34.6246,144.5971,0,U,31955,999,98999,.19513E-2,.11021E-3,0
FENGYUN 1C DEB,1999-025CNL,2026-05-26T10:00:32.843520,14.49678647,.00296012,98.5067,23.6014,20.6563,339.5820,0,U,31959,999,66737,.21739458E-2,.8371E-4,0
FENGYUN 1C DEB,1999-025CNR,2026-05-28T19:53:21.021792,14.62673390,.002823,98.7092,285.9280,232.3453,127.5186,0,U,31964,999,69949,.29998E-2,.15331E-3,0
FENGYUN 1C DEB,1999-025CNT,2026-05-27T10:20:34.548288,14.69923823,.00841254,99.0341,322.1988,122.6711,238.2642,0,U,31966,999,68175,.12448808E-2,.7814E-4,0
FENGYUN 1C DEB,1999-025CNZ,2026-05-29T02:23:02.943168,14.07606541,.0075499,99.1851,198.7781,285.9677,102.7286,0,U,31972,999,97315,.82699E-4,.96E-6,0
FENGYUN 1C DEB,1999-025CPB,2026-05-28T23:30:35.757792,14.31285660,.0071336,98.3724,159.0015,164.9663,195.3664,0,U,31974,999,71813,.21468E-2,.5803E-4,0
FENGYUN 1C DEB,1999-025CPF,2026-05-23T07:58:03.580896,13.63576314,.02613709,98.3945,281.2894,342.4413,16.7824,0,U,31978,999,93792,.69767401E-3,.658E-5,0
FENGYUN 1C DEB,1999-025CPG,2026-05-27T11:16:45.246432,13.70377008,.02654059,99.3739,240.9444,210.1114,148.4547,0,U,31979,999,60181,.36899999E-2,.414E-4,0
FENGYUN 1C DEB,1999-025CPH,2026-05-28T09:27:00.641088,13.32312797,.0428117,97.5917,195.9595,45.3771,318.1453,0,U,31980,999,91889,.25929E-3,.184E-5,0
FENGYUN 1C DEB,1999-025CPM,2026-05-20T06:56:53.153376,14.23229377,.0064372,98.5582,145.2507,126.0514,234.6652,0,U,31984,999,96628,.18412E-3,.383E-5,0
FENGYUN 1C DEB,1999-025CPN,2026-05-24T23:23:47.458176,14.23218195,.0152151,98.2067,40.3890,126.9312,234.5916,0,U,31985,999,97932,.17529E-3,.407E-5,0
FENGYUN 1C DEB,1999-025CPP,2026-05-21T16:33:20.278656,14.14863813,.01247743,99.7359,100.5844,76.4362,285.0672,0,U,31986,999,68840,.23005517E-3,.428E-5,0
FENGYUN 1C DEB,1999-025CPQ,2026-05-28T21:59:14.324064,14.46189012,.0051515,99.0503,138.4839,23.4433,6.7353,0,U,31987,999,98785,.11366E-2,.4083E-4,0
FENGYUN 1C DEB,1999-025CPR,2026-05-03T09:19:46.290144,14.21551797,.00603669,98.1198,186.4358,228.9787,130.6165,0,U,31988,999,66164,.14411099E-2,.3177E-4,0
FENGYUN 1C DEB,1999-025CPS,2026-05-27T23:43:19.153632,13.93847559,.01160386,99.1880,213.3467,206.6678,279.1606,0,U,31989,999,96033,.66820334E-3,.887E-5,0
FENGYUN 1C DEB,1999-025CPT,2026-05-27T19:13:43.409568,13.57288246,.02611044,99.1463,163.9962,119.2781,60.3077,0,U,31990,999,65024,.27235146E-3,.205E-5,0
FENGYUN 1C DEB,1999-025CPU,2026-05-26T07:21:36.631872,13.61328707,.02443979,100.4814,352.3963,8.0160,352.4776,0,U,31991,999,64326,.11905192E-3,.6E-6,0
FENGYUN 1C DEB,1999-025CPV,2026-05-26T02:06:35.704800,13.23249492,.0541239,99.1853,91.9408,351.6293,7.6070,0,U,31992,999,56048,.5536987E-3,.472E-5,0
FENGYUN 1C DEB,1999-025CPW,2026-05-28T17:52:15.625920,13.28067094,.0429182,99.2306,108.5557,88.7098,276.3142,0,U,31993,999,91159,.28721E-2,.2121E-4,0
FENGYUN 1C DEB,1999-025CPX,2026-05-26T17:46:33.912192,13.95833843,.01626488,98.5511,134.1085,47.6108,313.8691,0,U,31994,999,59098,.2024851E-3,.27E-5,0
FENGYUN 1C DEB,1999-025CQA,2026-05-26T11:06:03.991680,13.61308402,.02857141,102.5036,240.6424,261.1543,95.7140,0,U,31997,999,63924,.22842231E-2,.2217E-4,0
FENGYUN 1C DEB,1999-025CQC,2026-05-25T20:50:13.195392,13.69641792,.02988297,99.2616,199.7549,68.0440,295.2180,0,U,32086,999,64027,.11378253E-2,.1319E-4,0
FENGYUN 1C DEB,1999-025CQE,2026-05-28T13:02:06.146880,13.25723047,.0464931,102.4086,51.9322,359.5100,0.5503,0,U,32088,999,62054,.18323E-2,.1378E-4,0
FENGYUN 1C DEB,1999-025CQF,2026-05-28T05:56:03.131808,14.14490947,.0111386,98.6534,153.7076,9.1722,351.1451,0,U,32089,999,65569,.60717E-3,.1193E-4,0
FENGYUN 1C DEB,1999-025CQK,2026-05-26T14:02:09.988512,14.38027631,.00776089,98.9034,10.5226,226.4531,133.0192,0,U,32093,999,98886,.27363966E-3,.809E-5,0
FENGYUN 1C DEB,1999-025CQL,2026-05-28T10:22:11.066592,14.10956568,.0035344,98.7557,139.5442,153.6776,206.6200,0,U,32094,999,96715,.29694E-3,.493E-5,0
FENGYUN 1C DEB,1999-025CQM,2026-05-20T18:44:59.085024,14.16232322,.00777542,98.6316,156.6424,356.8564,3.2112,0,U,32095,999,97068,.15490554E-3,.273E-5,0
FENGYUN 1C DEB,1999-025CQN,2026-05-24T13:15:19.423296,13.90651731,.01369999,99.0538,174.5508,59.3889,302.0700,0,U,32096,999,95124,.88844486E-3,.1153E-4,0
FENGYUN 1C DEB,1999-025CQQ,2026-05-28T05:20:56.454432,14.20586360,.01943009,98.6226,141.5854,358.8891,1.1829,0,U,32098,999,66591,.39444229E-3,.98E-5,0
FENGYUN 1C DEB,1999-025CQR,2026-05-21T16:23:39.153120,13.92613906,.03390956,98.2969,102.0381,188.3859,299.4669,0,U,32099,999,66913,.52563985E-3,.1049E-4,0
FENGYUN 1C DEB,1999-025CQT,2026-05-18T12:11:07.856448,14.02543552,.01186067,99.0307,41.1585,162.2391,198.2975,0,U,32101,999,95379,.12217996E-2,.1958E-4,0
FENGYUN 1C DEB,1999-025CQX,2026-05-28T07:09:28.300608,13.40983264,.0399619,103.4555,199.4176,89.5147,275.1735,0,U,32105,999,61943,.17952E-2,.152E-4,0
FENGYUN 1C DEB,1999-025CQY,2026-05-25T19:58:59.961216,14.29933809,.01014144,101.4639,173.2809,329.0062,30.5150,0,U,32106,999,71735,.22767447E-2,.614E-4,0
FENGYUN 1C DEB,1999-025CRB,2026-05-20T22:17:52.755648,14.34412553,.02043114,98.3414,20.2585,197.1453,162.2762,0,U,32109,999,67170,.1726891E-3,.566E-5,0
FENGYUN 1C DEB,1999-025CRC,2026-05-29T00:28:37.358112,14.30201075,.0031735,99.5510,339.1897,249.5873,262.1453,0,U,32110,999,66778,.13876E-2,.3563E-4,0
FENGYUN 1C DEB,1999-025CRD,2026-05-26T22:39:58.261248,14.31765670,.0121185,98.4479,147.2844,76.5489,314.2949,0,U,32111,999,98395,.22123E-3,.597E-5,0
FENGYUN 1C DEB,1999-025CRF,2026-05-28T09:14:04.686144,13.94975752,.0238619,99.0027,184.5020,129.9073,232.3331,0,U,32113,999,65209,.99705E-3,.166E-4,0
FENGYUN 1C DEB,1999-025CRG,2026-05-28T04:25:29.751168,14.82205327,.00424169,99.9377,309.2352,196.3477,163.6364,0,U,32114,999,68191,.19400889E-2,.15668E-3,0
FENGYUN 1C DEB,1999-025CRK,2026-05-29T02:00:37.081728,14.24709703,.0025608,98.5936,195.9552,325.5381,34.4137,0,U,32117,999,97179,.87823E-3,.2008E-4,0
FENGYUN 1C DEB,1999-025CRM,2026-05-28T09:45:25.824096,14.03225088,.0085008,99.8738,30.0638,324.2480,35.3010,0,U,32119,999,96065,.5926E-3,.902E-5,0
FENGYUN 1C DEB,1999-025CRR,2026-05-29T00:25:46.065792,14.62007996,.0159906,98.9518,335.5955,140.4529,12.7874,0,U,32123,999,73818,.27539E-3,.1594E-4,0
FENGYUN 1C DEB,1999-025CRT,2026-05-28T06:35:03.134976,14.74882365,.0161855,99.0678,152.8936,165.0169,195.5915,0,U,32125,999,72974,.14951E-2,.12353E-3,0
FENGYUN 1C DEB,1999-025CRU,2026-05-28T20:45:37.806624,13.57107823,.0279465,99.0967,17.6855,186.4462,173.3052,0,U,32126,999,63981,.97851E-3,.858E-5,0
FENGYUN 1C DEB,1999-025CRV,2026-05-15T02:10:58.149120,13.60640053,.02801925,99.2630,87.0510,320.0091,38.0712,0,U,32127,999,62505,.10744975E-2,.1007E-4,0
FENGYUN 1C DEB,1999-025CRW,2026-05-20T08:52:03.386496,13.94635347,.03971331,99.0067,188.3885,147.5025,215.1270,0,U,32128,999,65196,.30634734E-3,.746E-5,0
FENGYUN 1C DEB,1999-025CRX,2026-05-27T20:19:27.196320,14.30739688,.00651878,99.0660,277.9396,271.1632,240.5042,0,U,32129,999,96600,.23094027E-2,.6143E-4,0
FENGYUN 1C DEB,1999-025CRY,2026-05-28T07:10:03.038592,14.38032068,.0081964,98.9179,325.9367,197.7616,162.0701,0,U,32130,999,98628,.43125E-3,.1308E-4,0
FENGYUN 1C DEB,1999-025CSA,2026-05-24T21:32:27.348000,14.52887298,.0079873,98.3638,204.0727,124.6680,236.2077,0,U,32132,999,73166,.13757E-2,.5861E-4,0
FENGYUN 1C DEB,1999-025CSB,2026-05-27T17:08:24.018432,14.18209604,.00349077,98.4364,145.7172,342.8937,17.1060,0,U,32133,999,97327,.16697659E-3,.304E-5,0
FENGYUN 1C DEB,1999-025CSC,2026-05-27T11:25:39.878400,14.22191980,.0258959,98.5953,151.6737,142.2144,11.4973,0,U,32134,999,97502,.53196494E-3,.1615E-4,0
FENGYUN 1C DEB,1999-025CSE,2026-05-20T17:15:02.471904,14.38547155,.00676548,98.2711,138.0153,56.9789,303.7875,0,U,32136,999,67375,.28522734E-3,.854E-5,0
FENGYUN 1C DEB,1999-025CSF,2026-05-28T04:32:03.070752,14.84958833,.01759591,98.4617,290.0995,218.3071,140.5536,0,U,32137,999,69198,.11999041E-2,.13457E-3,0
FENGYUN 1C DEB,1999-025CSK,2026-05-26T20:36:45.734688,14.03843843,.00754013,98.7462,148.0277,105.2276,255.7244,0,U,32141,999,97260,.71870444E-3,.1121E-4,0
FENGYUN 1C DEB,1999-025CSM,2026-05-28T15:42:53.032608,14.18119983,.0103134,98.6172,125.5750,348.7841,11.1037,0,U,32143,999,98299,.20071E-3,.391E-5,0
FENGYUN 1C DEB,1999-025CSU,2026-05-28T09:10:26.889024,14.61074419,.0168856,99.1698,194.3630,281.5626,76.6658,0,U,32150,999,118,.10961E-3,.587E-5,0
FENGYUN 1C DEB,1999-025CSW,2026-05-24T05:07:33.449376,14.59088158,.00541784,98.7755,319.1045,65.3990,295.2839,0,U,32152,999,64980,.86937599E-3,.4121E-4,0
FENGYUN 1C DEB,1999-025CSX,2026-05-25T00:48:26.673984,14.49087114,.02080778,98.7564,359.3390,88.6986,273.8033,0,U,32153,999,99588,.1596397E-3,.741E-5,0
FENGYUN 1C DEB,1999-025CSZ,2026-05-28T13:42:50.065056,14.33412286,.0070884,98.9660,88.9271,111.8348,249.0394,0,U,32155,999,72612,.43096E-3,.1176E-4,0
FENGYUN 1C DEB,1999-025CTA,2026-05-26T17:42:30.903552,14.32268611,.00804861,99.3640,334.2778,302.3270,57.0136,0,U,32156,999,67182,.21553823E-3,.551E-5,0
FENGYUN 1C DEB,1999-025CTE,2026-05-19T22:11:16.361088,14.38103156,.0080385,98.9005,307.5377,251.1979,108.0474,0,U,32160,999,98160,.25263E-3,.746E-5,0
FENGYUN 1C DEB,1999-025CTF,2026-05-27T00:16:36.762240,14.02024197,.01359753,98.8334,251.4958,179.7046,180.4224,0,U,32161,999,65745,.48474544E-3,.76E-5,0
FENGYUN 1C DEB,1999-025CTG,2026-05-28T03:49:48.083520,14.64247624,.00456421,99.4411,222.3774,29.7914,330.5869,0,U,32162,999,97352,.12835693E-2,.681E-4,0
FENGYUN 1C DEB,1999-025CTH,2026-05-24T08:15:08.085312,14.44069152,.00488638,99.5347,174.6880,279.4080,80.1585,0,U,32163,999,63322,.44784527E-3,.15E-4,0
FENGYUN 1C DEB,1999-025CTM,2026-05-28T04:53:27.745440,14.31382847,.01611652,98.4836,143.8740,285.2719,73.0698,0,U,32167,999,65056,.26223652E-3,.753E-5,0
FENGYUN 1C DEB,1999-025CTN,2026-05-28T13:55:41.431296,13.87258847,.0246141,101.6518,263.3030,186.5690,173.2211,0,U,32168,999,65792,.42534E-2,.6297E-4,0
FENGYUN 1C DEB,1999-025CTP,2026-05-28T23:56:20.645952,14.76845740,.0029068,98.5501,351.4752,319.8089,40.0970,0,U,32169,999,99080,.4542E-2,.32202E-3,0
FENGYUN 1C DEB,1999-025CTR,2026-05-22T02:43:53.256576,13.43808394,.04847013,102.8052,87.7050,18.6992,357.4261,0,U,32171,999,62769,.24575052E-2,.281E-4,0
FENGYUN 1C DEB,1999-025CTU,2026-05-26T09:35:00.460896,14.18122470,.01519991,98.5767,208.2627,131.3084,230.1291,0,U,32174,999,66439,.2538626E-3,.543E-5,0
FENGYUN 1C DEB,1999-025CTV,2026-05-28T05:25:05.941344,13.95954927,.0149113,98.8319,134.8652,223.3649,135.5703,0,U,32175,999,62162,.18473E-2,.2734E-4,0
FENGYUN 1C DEB,1999-025CTX,2026-05-23T19:31:45.905664,14.58128487,.00475775,99.0330,171.8933,272.8537,86.7215,0,U,32177,999,73399,.6313319E-3,.2898E-4,0
FENGYUN 1C DEB,1999-025CTY,2026-05-26T08:32:00.632832,14.23780824,.00929922,100.2944,180.6467,229.5063,129.7980,0,U,32178,999,66345,.70845148E-3,.1636E-4,0
FENGYUN 1C DEB,1999-025CTZ,2026-05-28T09:11:35.944224,14.03790302,.0146391,98.8818,198.7032,85.3974,292.4336,0,U,32179,999,68066,.72761E-4,.84E-6,0
FENGYUN 1C DEB,1999-025CUA,2026-05-29T02:16:11.437248,13.82368020,.0137412,99.5586,196.8456,129.6076,260.6997,0,U,32180,999,96580,.10579E-3,.78E-6,0
FENGYUN 1C DEB,1999-025CUB,2026-05-28T07:29:57.807168,14.57594489,.0070112,99.4840,279.7772,308.2255,81.3651,0,U,32181,999,99146,.75071E-3,.3474E-4,0
FENGYUN 1C DEB,1999-025CUD,2026-05-29T02:10:42.489120,14.10485557,.004065,98.6902,199.9029,305.8007,53.9389,0,U,32183,999,75123,.58967E-3,.1015E-4,0
FENGYUN 1C DEB,1999-025CUF,2026-05-29T02:34:20.842752,15.29364422,.0099792,98.8830,29.1572,174.2992,185.9406,0,U,32185,999,97552,.35164E-2,.117948E-2,0
FENGYUN 1C DEB,1999-025CUG,2026-05-25T22:32:57.753312,13.76889735,.0274961,99.5901,203.0681,132.1361,43.0756,0,U,32186,999,64869,.70864474E-3,.879E-5,0
FENGYUN 1C DEB,1999-025CUH,2026-05-28T03:58:10.979904,13.50604656,.02942481,99.4867,224.7509,89.0954,303.5260,0,U,32187,999,68505,.27572627E-3,.192E-5,0
FENGYUN 1C DEB,1999-025CUM,2026-05-26T10:58:26.621184,14.26193544,.00929757,98.6890,206.3046,68.7389,292.3689,0,U,32191,999,66848,.11430918E-2,.2823E-4,0
FENGYUN 1C DEB,1999-025CUN,2026-05-27T14:06:15.962400,13.82640163,.0182913,98.6339,9.9697,72.6656,289.4417,0,U,32192,999,95004,.28406E-3,.313E-5,0
FENGYUN 1C DEB,1999-025CUR,2026-05-25T17:59:12.456672,14.08758625,.00685791,98.7752,148.7931,195.7450,164.1588,0,U,32195,999,66291,.27432659E-3,.44E-5,0
FENGYUN 1C DEB,1999-025CUT,2026-05-29T00:57:27.182016,14.33061089,.0162498,98.9004,67.7380,100.1596,328.6972,0,U,32197,999,96819,.37948E-3,.1155E-4,0
FENGYUN 1C DEB,1999-025CUU,2026-05-17T14:33:24.293088,14.09948346,.0094069,98.3513,278.2003,204.6602,155.0058,0,U,32198,999,59141,.12496E-2,.2255E-4,0
FENGYUN 1C DEB,1999-025CUW,2026-05-26T08:48:59.433984,14.16332100,.00409125,98.7723,198.0207,178.0553,182.0787,0,U,32200,999,96693,.84897888E-3,.1655E-4,0
FENGYUN 1C DEB,1999-025CUZ,2026-05-28T03:38:15.258336,15.54801762,.01070859,96.9911,39.7017,197.2838,162.4761,0,U,32203,999,77673,.49003597E-3,.42198E-3,0
FENGYUN 1C DEB,1999-025CVB,2026-05-28T19:57:47.155392,14.14021786,.0011234,98.6787,152.9254,166.3380,316.2961,0,U,32205,999,96859,.15277E-3,.248E-5,0
FENGYUN 1C DEB,1999-025CVD,2026-05-18T17:41:28.097664,14.39985598,.00853758,99.8740,126.2799,48.2562,130.1306,0,U,32207,999,66566,.19322881E-3,.577E-5,0
FENGYUN 1C DEB,1999-025CVF,2026-05-26T06:54:34.756128,13.47675079,.03309677,99.4300,89.5030,334.8354,23.6963,0,U,32209,999,92192,.1264953E-2,.1042E-4,0
FENGYUN 1C DEB,1999-025CVJ,2026-05-28T14:29:40.013376,14.40923710,.0135215,99.5813,270.0611,314.3876,59.7270,0,U,32212,999,98464,.32413E-3,.1098E-4,0
FENGYUN 1C DEB,1999-025CVL,2026-05-28T08:33:19.821024,13.92159510,.0176813,99.0264,174.6814,307.2465,66.8203,0,U,32214,999,64739,.42433E-2,.6133E-4,0
FENGYUN 1C DEB,1999-025CVQ,2026-05-28T08:10:35.889024,14.57028659,.0059535,98.8041,356.5407,280.2341,259.5527,0,U,32218,999,98657,.86404E-3,.3929E-4,0
FENGYUN 1C DEB,1999-025CVT,2026-05-28T03:53:52.318176,14.59252574,.01447293,98.5889,308.5766,353.6066,6.3282,0,U,32221,999,99624,.161891E-3,.824E-5,0
FENGYUN 1C DEB,1999-025CVV,2026-05-27T00:51:27.078048,14.21965966,.00473065,98.8284,231.1813,200.6606,284.9436,0,U,32223,999,66572,.1243161E-2,.2732E-4,0
FENGYUN 1C DEB,1999-025CVW,2026-05-27T14:48:14.569920,14.34345951,.00747865,99.0058,110.3016,302.0478,57.3457,0,U,32224,999,98101,.24966653E-3,.676E-5,0
FENGYUN 1C DEB,1999-025CVX,2026-05-20T21:28:38.267040,14.13176597,.00729561,99.0664,196.8273,118.5800,242.2738,0,U,32225,999,70364,.13066165E-3,.205E-5,0
FENGYUN 1C DEB,1999-025CWC,2026-05-28T23:05:04.603776,14.60687126,.004526,98.8801,314.8383,296.1035,215.9129,0,U,32230,999,63107,.25173E-2,.12405E-3,0
FENGYUN 1C DEB,1999-025CWG,2026-05-22T00:39:10.188864,13.94707347,.01337247,98.5204,344.7300,250.9260,107.7381,0,U,32234,999,95443,.65280613E-3,.901E-5,0
FENGYUN 1C DEB,1999-025CWP,2026-05-25T09:12:15.343488,14.29955857,.01459058,99.0591,186.5013,110.0884,251.6067,0,U,32241,999,96161,.13484407E-2,.3855E-4,0
FENGYUN 1C DEB,1999-025CWQ,2026-05-05T10:45:09.828288,13.85873964,.01585422,97.2723,8.0333,275.3671,82.9421,0,U,32242,999,64912,.82564586E-3,.1015E-4,0
FENGYUN 1C DEB,1999-025CWR,2026-05-28T23:29:15.525888,14.06002667,.0265231,98.2530,164.0513,7.1710,353.3138,0,U,32243,999,95937,.2702E-2,.6051E-4,0
FENGYUN 1C DEB,1999-025CWT,2026-05-27T12:45:56.873664,14.80051749,.00916958,98.6452,1.0036,174.4149,185.8106,0,U,32245,999,68556,.10925919E-2,.8833E-4,0
FENGYUN 1C DEB,1999-025CWV,2026-05-25T04:36:08.752608,14.52281765,.0051457,99.4134,124.0717,100.2723,260.4276,0,U,32304,999,58644,.88907433E-3,.3621E-4,0
FENGYUN 1C DEB,1999-025CWZ,2026-05-26T12:37:56.405856,14.06283873,.01041101,97.7613,181.1204,303.5834,55.5433,0,U,32308,999,67727,.12481852E-2,.2125E-4,0
FENGYUN 1C DEB,1999-025CXC,2026-05-26T23:43:02.353152,13.34031694,.04090191,101.7282,59.4413,84.4289,280.3321,0,U,32311,999,9540,.17626755E-2,.1351E-4,0
FENGYUN 1C DEB,1999-025CXF,2026-05-27T19:35:24.902016,14.83138300,.01390521,98.8739,275.4910,352.3083,7.5993,0,U,32314,999,99889,.67966093E-3,.6499E-4,0
FENGYUN 1C DEB,1999-025CXH,2026-05-28T09:29:26.696832,14.53586924,.0027206,99.5135,202.1919,186.5456,187.8087,0,U,32316,999,98197,.17914E-2,.7472E-4,0
FENGYUN 1C DEB,1999-025CXM,2026-05-25T23:16:06.982464,14.37018986,.00546876,100.3611,41.2735,309.2493,50.3841,0,U,32320,999,64531,.64340452E-3,.1881E-4,0
FENGYUN 1C DEB,1999-025CXP,2026-05-25T20:53:38.721984,13.34419794,.04203211,98.3558,3.5457,43.5044,319.8449,0,U,32322,999,62568,.62498514E-3,.484E-5,0
FENGYUN 1C DEB,1999-025CXQ,2026-05-27T04:01:26.086656,13.97994958,.01545163,98.5778,284.3934,109.6960,252.0949,0,U,32323,999,62580,.33678634E-2,.5256E-4,0
FENGYUN 1C DEB,1999-025CXR,2026-05-28T06:41:39.324768,14.09457709,.0048918,99.5401,264.6768,283.5135,76.0586,0,U,32324,999,66344,.41175E-3,.677E-5,0
FENGYUN 1C DEB,1999-025CXT,2026-05-26T17:17:04.416864,13.69578258,.0386843,98.4954,62.0951,58.7692,305.0761,0,U,32326,999,65440,.55252335E-3,.782E-5,0
FENGYUN 1C DEB,1999-025CXY,2026-05-27T22:16:41.741760,14.85759725,.0011467,99.1727,143.8336,347.1586,12.9331,0,U,32331,999,63075,.60471E-2,.52925E-3,0
FENGYUN 1C DEB,1999-025CXZ,2026-05-28T09:21:48.820032,13.97962445,.0283716,99.1170,206.5839,214.8728,143.3557,0,U,32332,999,95364,.12722E-2,.2498E-4,0
FENGYUN 1C DEB,1999-025CYB,2026-05-29T03:24:45.877824,14.01868809,.0068575,99.2449,210.7214,177.7175,182.4316,0,U,32334,999,96285,.24128E-3,.329E-5,0
FENGYUN 1C DEB,1999-025CYH,2026-05-27T00:41:54.215808,14.79692116,.00337401,98.9697,176.4114,133.2570,227.1463,0,U,32340,999,99637,.21519095E-2,.16287E-3,0
FENGYUN 1C DEB,1999-025CYK,2026-05-28T23:20:21.134112,14.13466899,.0006867,98.6665,157.4392,219.3843,170.4616,0,U,32342,999,96080,.9665E-4,.139E-5,0
FENGYUN 1C DEB,1999-025CYL,2026-05-12T05:38:49.494048,14.20126392,.0152117,98.6239,120.1387,53.2633,308.2403,0,U,32343,999,66849,.23742E-3,.526E-5,0
FENGYUN 1C DEB,1999-025CYT,2026-05-27T13:58:04.224576,14.54195595,.0263597,98.2026,194.3541,146.0574,215.7807,0,U,32350,999,99936,.99518E-3,.6661E-4,0
FENGYUN 1C DEB,1999-025CYV,2026-05-16T00:23:37.646016,14.41765138,.01226497,98.7848,65.3504,72.1296,289.3224,0,U,32352,999,67492,.18873742E-3,.624E-5,0
FENGYUN 1C DEB,1999-025CYW,2026-05-26T06:04:28.437888,14.05075249,.0125544,98.9308,324.9953,99.3295,262.2093,0,U,32353,999,65503,.18647683E-2,.3184E-4,0
FENGYUN 1C DEB,1999-025CYZ,2026-05-28T12:52:08.195808,14.04603935,.0124184,102.4953,77.5880,332.8832,26.5872,0,U,32356,999,70728,.24588E-2,.4139E-4,0
FENGYUN 1C DEB,1999-025CZA,2026-05-24T20:45:15.351264,13.70116808,.04876356,98.8395,176.6329,115.4673,56.3884,0,U,32357,999,69020,.19354159E-2,.3932E-4,0
FENGYUN 1C DEB,1999-025CZD,2026-05-27T17:38:41.294688,14.00057156,.02285232,98.1190,311.2436,196.7568,162.5960,0,U,32360,999,67138,.38893278E-2,.7147E-4,0
FENGYUN 1C DEB,1999-025CZE,2026-05-28T03:19:39.781632,14.53574645,.0042893,98.8453,221.1260,257.9579,101.6807,0,U,32361,999,98760,.1898371E-2,.7982E-4,0
FENGYUN 1C DEB,1999-025CZF,2026-05-28T17:42:55.657152,13.66096032,.0267784,99.8465,127.6589,220.6028,137.4870,0,U,32362,999,93409,.27408E-2,.2841E-4,0
FENGYUN 1C DEB,1999-025CZH,2026-05-11T07:50:01.333248,14.15626017,.01309481,98.3115,325.1680,110.7924,250.7336,0,U,32364,999,65824,.12126804E-2,.2543E-4,0
FENGYUN 1C DEB,1999-025CZK,2026-05-25T22:57:22.891680,14.14841460,.01336982,96.7762,233.9263,134.5376,226.6817,0,U,32366,999,95525,.84837436E-3,.1758E-4,0
FENGYUN 1C DEB,1999-025CZV,2026-05-26T08:00:14.044896,14.81845999,.00361359,99.5697,346.3036,8.4174,167.7099,0,U,32409,999,61272,.18039549E-2,.14376E-3,0
FENGYUN 1C DEB,1999-025CZX,2026-05-23T11:19:44.619744,14.10078051,.0122005,98.4289,56.3204,274.0523,84.6711,0,U,32411,999,68093,.208332E-3,.353E-5,0
FENGYUN 1C DEB,1999-025DAA,2026-05-27T00:22:58.552608,14.19320753,.00447789,98.8438,222.3856,241.9492,117.7152,0,U,32414,999,96076,.10677714E-2,.222E-4,0
FENGYUN 1C DEB,1999-025DAC,2026-05-05T12:15:21.935520,13.65772773,.02389006,100.7839,234.8226,273.9634,83.4228,0,U,32416,999,63593,.69892139E-3,.641E-5,0
FENGYUN 1C DEB,1999-025DAF,2026-05-27T12:16:34.531392,14.10391495,.02800171,97.9547,68.8982,268.2634,88.6452,0,U,32419,999,65907,.27296311E-3,.656E-5,0
FENGYUN 1C DEB,1999-025DAJ,2026-05-23T00:53:02.090400,13.98283719,.02985478,97.8581,256.5548,192.5807,166.7792,0,U,32422,999,65387,.46067357E-3,.926E-5,0
FENGYUN 1C DEB,1999-025DAM,2026-05-29T02:21:14.308128,14.17221100,.0233023,96.7228,261.7146,153.7536,207.5677,0,U,32425,999,71905,.65553E-3,.17E-4,0
FENGYUN 1C DEB,1999-025DAS,2026-05-27T18:46:39.367776,13.71158520,.03691005,98.6824,162.0554,187.7203,171.8167,0,U,32430,999,93478,.13600732E-2,.1939E-4,0
FENGYUN 1C DEB,1999-025DAU,2026-05-25T19:45:43.824096,14.54885931,.01700103,98.1521,182.9922,158.2563,202.5965,0,U,32432,999,73079,.87074278E-3,.4492E-4,0
FENGYUN 1C DEB,1999-025DBC,2026-05-18T07:52:52.398336,13.62281288,.03240573,99.1439,349.1558,46.7969,315.9761,0,U,32440,999,62417,.16063765E-2,.1729E-4,0
FENGYUN 1C DEB,1999-025DBD,2026-05-27T10:29:40.153056,14.10187519,.02492081,97.7765,215.1393,185.6966,174.1362,0,U,32441,999,96912,.14321708E-2,.335E-4,0
FENGYUN 1C DEB,1999-025DBK,2026-05-27T18:32:56.598720,13.96105773,.00781778,98.9204,163.8469,304.4882,54.8914,0,U,32447,999,70195,.15133587E-3,.17E-5,0
FENGYUN 1C DEB,1999-025DBP,2026-05-27T04:06:05.402304,13.87676692,.01872419,99.9818,143.1012,120.2438,241.7399,0,U,32451,999,64058,.22608352E-2,.3029E-4,0
FENGYUN 1C DEB,1999-025DBR,2026-05-26T05:45:30.091968,14.02663915,.00985861,99.3708,65.6154,114.0662,247.0855,0,U,32453,999,95734,.40199939E-3,.601E-5,0
FENGYUN 1C DEB,1999-025DBT,2026-05-20T22:32:59.070912,13.93560937,.02362409,101.7293,20.3600,110.6997,251.9648,0,U,32455,999,66632,.14931689E-2,.2405E-4,0
FENGYUN 1C DEB,1999-025DBU,2026-05-26T06:36:28.903392,13.35994577,.03736644,103.6739,347.0192,249.5919,106.4693,0,U,32456,999,62813,.14676384E-2,.1046E-4,0
FENGYUN 1C DEB,1999-025DBW,2026-05-22T09:13:12.948096,14.64726180,.0037257,99.0278,182.6492,238.5346,121.2211,0,U,32458,999,70139,.77784E-3,.4127E-4,0
FENGYUN 1C DEB,1999-025DBX,2026-05-26T23:59:44.656224,14.43617325,.02123002,98.2907,162.1280,46.2492,315.6055,0,U,32459,999,96934,.73429373E-3,.3227E-4,0
FENGYUN 1C DEB,1999-025DBY,2026-05-19T01:57:40.964832,13.90106725,.01860482,98.0350,267.8327,45.1328,316.4775,0,U,32460,999,67439,.44912312E-3,.603E-5,0
FENGYUN 1C DEB,1999-025DBZ,2026-05-26T00:57:17.073216,13.73281245,.02335636,98.3236,345.1408,34.6816,114.9123,0,U,32461,999,69549,.80708143E-3,.876E-5,0
FENGYUN 1C DEB,1999-025DCC,2026-05-28T20:26:36.656160,14.98320470,.0103178,97.3385,167.8993,34.0809,326.6983,0,U,32464,999,63290,.17824E-2,.23698E-3,0
FENGYUN 1C DEB,1999-025DCF,2026-05-28T20:03:01.780992,14.23962572,.0081203,99.0322,100.8196,35.5041,345.5797,0,U,33502,999,89332,.32968E-2,.7788E-4,0
FENGYUN 1C DEB,1999-025DCG,2026-05-07T09:51:51.526656,15.28063142,.00998915,96.5822,182.4106,138.8732,222.0095,0,U,33599,999,68218,.11025524E-2,.35081E-3,0
FENGYUN 1C DEB,1999-025DCJ,2026-05-28T20:51:35.843904,14.08665886,.0156013,98.3325,297.2494,25.5983,335.2808,0,U,33601,999,93032,.81778E-3,.1535E-4,0
FENGYUN 1C DEB,1999-025DCL,2026-05-29T02:26:36.809952,14.80861765,.0215351,98.8248,106.3012,262.1588,95.5128,0,U,33603,999,1333,.12532E-3,.1355E-4,0
FENGYUN 1C DEB,1999-025DCN,2026-05-25T05:30:02.505024,14.08086139,.00554155,98.7039,143.3924,334.6784,38.9414,0,U,33605,999,62119,.37810661E-3,.61E-5,0
FENGYUN 1C DEB,1999-025DCV,2026-05-03T08:03:14.777280,14.04842150,.01118903,98.6113,90.2084,70.5450,290.7768,0,U,33612,999,58661,.1754823E-2,.294E-4,0
FENGYUN 1C DEB,1999-025DCW,2026-05-15T10:54:15.059808,14.34927077,.00275889,98.6833,212.9009,356.6324,3.4671,0,U,33613,999,66713,.93261398E-3,.2619E-4,0
FENGYUN 1C DEB,1999-025DDB,2026-05-28T12:25:51.204864,14.63776965,.0159314,98.5244,246.4271,342.8860,16.7004,0,U,33618,999,99222,.50382E-3,.3099E-4,0
FENGYUN 1C DEB,1999-025DDC,2026-05-29T04:10:27.462144,14.18389970,.0049138,98.8478,223.0999,286.0440,73.5327,0,U,33619,999,65997,.10924E-2,.2236E-4,0
FENGYUN 1C DEB,1999-025DDE,2026-05-23T06:29:31.942176,14.20036030,.02836791,98.1296,346.2926,180.4313,179.6664,0,U,33621,999,66536,.33650756E-3,.1029E-4,0
FENGYUN 1C DEB,1999-025DDJ,2026-05-27T07:09:54.205920,14.63406392,.0216733,98.6329,270.3230,343.0368,16.3664,0,U,33625,999,63810,.51788E-3,.3702E-4,0
FENGYUN 1C DEB,1999-025DDP,2026-05-23T13:17:45.004704,14.18006575,.0133058,98.6216,250.0207,322.2984,36.8923,0,U,33630,999,66704,.18363768E-3,.367E-5,0
FENGYUN 1C DEB,1999-025DDS,2026-05-28T05:29:44.780928,14.20769937,.00806418,99.0566,251.3783,36.8153,353.4755,0,U,33633,999,93074,.17463962E-2,.385E-4,0
FENGYUN 1C DEB,1999-025DDW,2026-05-19T08:36:24.321312,14.37871183,.00811951,98.4742,187.2295,42.6406,318.1046,0,U,33637,999,67102,.55036764E-3,.1681E-4,0
FENGYUN 1C DEB,1999-025DDX,2026-05-27T10:13:21.453600,13.69725712,.026229,98.4548,23.2663,190.1463,169.4331,0,U,33638,999,63183,.10928739E-2,.1181E-4,0
FENGYUN 1C DEB,1999-025DDY,2026-05-17T01:37:23.308032,14.42629405,.00499485,98.7095,236.0743,184.2614,175.8156,0,U,33639,999,62820,.12860611E-2,.4294E-4,0
FENGYUN 1C DEB,1999-025DDZ,2026-05-28T02:07:14.299680,14.46626622,.00904427,98.8604,103.1513,22.9545,337.5649,0,U,33640,999,94747,.59944476E-3,.2225E-4,0
FENGYUN 1C DEB,1999-025DEH,2026-05-26T20:21:30.849408,14.11857488,.00698921,98.7245,146.0283,66.2925,294.5560,0,U,33648,999,66706,.13299465E-3,.206E-5,0
FENGYUN 1C DEB,1999-025DEK,2026-05-28T21:32:18.013344,13.89766726,.0147299,99.0039,313.3573,344.4357,15.2298,0,U,33650,999,71130,.10596E-2,.1377E-4,0
FENGYUN 1C DEB,1999-025DEL,2026-05-25T20:08:29.375232,14.20477606,.01156758,98.6294,192.7750,299.8508,59.1213,0,U,33651,999,66601,.10014335E-3,.186E-5,0
FENGYUN 1C DEB,1999-025DEQ,2026-05-28T12:17:29.048928,15.07197770,.0039063,98.8006,241.2232,172.3121,187.8711,0,U,33655,999,99062,.24745E-2,.38002E-3,0
FENGYUN 1C DEB,1999-025DER,2026-05-26T18:49:32.508192,14.23052592,.00879321,98.5878,140.7282,271.3124,87.7982,0,U,33656,999,65056,.28759388E-3,.631E-5,0
FENGYUN 1C DEB,1999-025DET,2026-05-28T04:04:15.923136,13.63205217,.02828955,99.5752,303.5591,116.3536,246.6948,0,U,33658,999,60406,.27877804E-2,.2828E-4,0
FENGYUN 1C DEB,1999-025DEV,2026-05-26T12:43:49.077696,13.91942441,.01105665,98.6505,51.7894,151.5375,336.5311,0,U,33660,999,93356,.27689095E-3,.332E-5,0
FENGYUN 1C DEB,1999-025DEW,2026-05-29T03:15:39.547296,13.73189124,.0232816,98.4000,20.8846,63.6954,85.3218,0,U,33661,999,66754,.10986E-2,.1201E-4,0
FENGYUN 1C DEB,1999-025DEY,2026-05-24T07:15:02.165760,14.72722412,.00642015,98.8846,154.3164,227.2354,132.3440,0,U,33663,999,66587,.2828611E-2,.18634E-3,0
FENGYUN 1C DEB,1999-025DEZ,2026-05-28T20:27:33.390720,14.04209299,.0161983,98.7252,295.8498,290.7489,67.6387,0,U,33664,999,93084,.25237E-3,.407E-5,0
FENGYUN 1C DEB,1999-025DFA,2026-05-23T01:10:45.746976,14.04745296,.045038,99.0358,265.1852,2.0501,358.2381,0,U,33665,999,94855,.212941E-3,.795E-5,0
FENGYUN 1C DEB,1999-025DFJ,2026-05-26T03:02:52.195200,13.95773957,.01068344,99.3227,200.0415,137.3725,250.5388,0,U,33673,999,92195,.60161049E-4,.41E-6,0
FENGYUN 1C DEB,1999-025DFK,2026-05-27T13:07:19.694208,13.77508917,.0212636,98.5939,186.8838,153.8964,207.3097,0,U,33674,999,90647,.15772E-2,.1819E-4,0
FENGYUN 1C DEB,1999-025DFM,2026-05-28T01:20:16.170144,14.35735404,.02027248,99.0745,186.5226,303.2554,54.9347,0,U,33676,999,67697,.73627447E-4,.209E-5,0
FENGYUN 1C DEB,1999-025DFP,2026-05-28T11:20:37.811040,14.48083547,.0204285,99.0248,230.3845,98.8131,263.6251,0,U,33678,999,97508,.5139E-3,.243E-4,0
FENGYUN 1C DEB,1999-025DFQ,2026-05-28T19:26:11.279328,15.12957085,.0124158,99.3382,256.1898,116.5068,244.8952,0,U,33679,999,96641,.23402E-2,.50094E-3,0
FENGYUN 1C DEB,1999-025DFT,2026-05-28T02:56:36.184128,14.27767024,.00262509,99.4064,212.3261,329.1682,30.7953,0,U,33682,999,94071,.13078349E-2,.3192E-4,0
FENGYUN 1C DEB,1999-025DFV,2026-05-29T00:28:12.296928,14.77038928,.0274702,99.0444,229.6320,177.8346,182.4123,0,U,33684,999,95455,.1376E-2,.18216E-3,0
FENGYUN 1C DEB,1999-025DFY,2026-05-23T09:19:49.897344,15.29682045,.00946667,98.9767,186.2568,149.7800,210.8944,0,U,33687,999,73971,.10849431E-2,.35805E-3,0
FENGYUN 1C DEB,1999-025DFZ,2026-05-24T07:03:50.529312,14.48942099,.00519358,99.3534,267.6305,144.2240,216.2448,0,U,33688,999,93833,.19032929E-2,.7286E-4,0
FENGYUN 1C DEB,1999-025DGA,2026-05-28T08:24:06.651072,14.46379571,.0047416,99.5541,181.6833,26.6427,346.4416,0,U,33689,999,71938,.10153E-2,.3642E-4,0
FENGYUN 1C DEB,1999-025DGB,2026-05-27T05:48:15.427872,14.54392163,.002936,98.6126,255.0611,260.5564,99.2312,0,U,33690,999,95623,.20437E-2,.8697E-4,0
FENGYUN 1C DEB,1999-025DGC,2026-05-27T10:05:10.253184,14.24953197,.00637713,99.1454,141.2670,313.6212,45.9686,0,U,33691,999,92847,.21720222E-2,.5143E-4,0
FENGYUN 1C DEB,1999-025DGE,2026-05-28T10:01:54.811200,13.71772182,.0222459,99.2278,324.7850,282.8319,74.8060,0,U,33693,999,90516,.15209E-2,.1597E-4,0
FENGYUN 1C DEB,1999-025DGK,2026-05-29T04:49:42.843648,14.56263357,.0137946,99.6403,139.9898,81.0667,280.6113,0,U,33698,999,98073,.36012E-3,.1746E-4,0
FENGYUN 1C DEB,1999-025DGN,2026-05-24T20:14:06.502848,14.03116624,.01349852,98.6743,96.4839,90.1468,271.5168,0,U,33701,999,92792,.97247112E-3,.16E-4,0
FENGYUN 1C DEB,1999-025DGX,2026-05-28T05:40:23.364192,14.12242856,.0054524,98.9805,252.2605,39.5808,320.9325,0,U,33710,999,70006,.7543E-3,.1362E-4,0
FENGYUN 1C DEB,1999-025DGY,2026-05-28T10:17:09.197088,14.01287251,.0096072,99.1676,207.6626,308.6555,67.7496,0,U,33711,999,94266,.53517E-3,.793E-5,0
FENGYUN 1C DEB,1999-025DHD,2026-05-27T01:30:14.805504,14.32822126,.00923063,98.8851,81.7041,233.0016,126.2694,0,U,33716,999,67525,.10060416E-3,.24E-5,0
FENGYUN 1C DEB,1999-025DHF,2026-05-27T12:50:37.766112,14.08932494,.0098615,99.6584,250.7828,223.9021,135.4280,0,U,33718,999,71520,.12533954E-2,.2217E-4,0
FENGYUN 1C DEB,1999-025DHG,2026-05-27T15:26:29.556096,14.24129697,.00276372,98.7550,212.0417,320.7155,194.2144,0,U,33719,999,94374,.59697976E-3,.1335E-4,0
FENGYUN 1C DEB,1999-025DHK,2026-05-27T11:17:30.108768,14.21817558,.01597648,98.5648,162.1419,130.4869,231.0359,0,U,33722,999,94502,.56349102E-3,.1371E-4,0
FENGYUN 1C DEB,1999-025DHL,2026-05-21T04:42:31.889952,14.14567340,.00980561,99.1463,230.5374,240.5501,148.8501,0,U,33723,999,65877,.11922906E-2,.2351E-4,0
FENGYUN 1C DEB,1999-025DHM,2026-05-28T06:39:59.989824,14.19968194,.0028732,98.5980,158.9121,64.0580,313.9076,0,U,33724,999,96325,.43098E-3,.877E-5,0
FENGYUN 1C DEB,1999-025DHP,2026-05-29T03:22:42.153024,14.14636816,.0190519,98.6574,273.1704,271.6448,216.0136,0,U,33726,999,94298,.33192E-3,.715E-5,0
FENGYUN 1C DEB,1999-025DHR,2026-05-27T11:40:01.771968,14.94784124,.01432566,98.9586,231.6461,42.1350,319.0775,0,U,33728,999,775,.45088299E-3,.5935E-4,0
FENGYUN 1C DEB,1999-025DHT,2026-05-17T10:27:44.465184,14.66165596,.00371878,99.0384,215.6011,250.6583,109.0595,0,U,33730,999,97959,.81889862E-3,.4492E-4,0
FENGYUN 1C DEB,1999-025DHU,2026-05-28T01:07:27.687936,13.95983813,.01249854,99.4302,179.2950,324.9914,34.3076,0,U,33731,999,92769,.86972057E-3,.1224E-4,0
FENGYUN 1C DEB,1999-025DHW,2026-05-29T05:33:04.681152,14.33883266,.0074234,99.0957,247.7729,45.5890,344.3561,0,U,33733,999,92846,.2881E-2,.8238E-4,0
FENGYUN 1C DEB,1999-025DJA,2026-05-28T01:36:04.724640,14.03592786,.01273488,98.3411,333.2849,170.7638,312.8747,0,U,33737,999,91073,.83719427E-3,.1373E-4,0
FENGYUN 1C DEB,1999-025DJB,2026-05-29T03:11:39.371712,13.99886341,.0186821,99.1268,214.0060,280.6634,106.6947,0,U,33738,999,91578,.42297E-3,.675E-5,0
FENGYUN 1C DEB,1999-025DJD,2026-05-28T11:23:08.653344,14.12413603,.0002411,98.6793,161.2513,65.8409,294.3015,0,U,33740,999,92500,.14422E-3,.223E-5,0
FENGYUN 1C DEB,1999-025DJE,2026-05-26T16:39:54.074304,14.11134409,.01271075,98.5632,57.5818,340.7359,18.9031,0,U,33741,999,59188,.171203E-2,.3285E-4,0
FENGYUN 1C DEB,1999-025DJJ,2026-05-28T01:55:42.060288,14.23290540,.00559665,99.0995,195.8518,151.0907,209.3390,0,U,33745,999,68367,.12995322E-2,.2945E-4,0
FENGYUN 1C DEB,1999-025DJL,2026-05-25T06:04:08.658336,14.18859370,.00905701,99.0935,248.9252,115.2833,245.7759,0,U,33747,999,92450,.14865536E-2,.3178E-4,0
FENGYUN 1C DEB,1999-025DJM,2026-05-28T10:02:19.565664,14.33040103,.0037652,98.5669,202.8441,109.9834,250.5411,0,U,33748,999,93780,.1167E-2,.3179E-4,0
FENGYUN 1C DEB,1999-025DJQ,2026-05-25T13:22:59.004768,14.16371210,.02539273,94.6220,247.4087,52.9551,309.4567,0,U,35088,999,61115,.27941184E-2,.7595E-4,0
FENGYUN 1C DEB,1999-025DJR,2026-05-28T11:15:54.099360,14.19891730,.0025784,98.5546,157.7701,302.3879,57.4804,0,U,35089,999,63241,.57249E-3,.1177E-4,0
FENGYUN 1C DEB,1999-025DJS,2026-05-29T00:17:37.185216,14.18539931,.0053164,99.1873,172.6368,260.9881,98.5274,0,U,35090,999,68621,.10482E-2,.2152E-4,0
FENGYUN 1C DEB,1999-025DJT,2026-05-28T06:15:50.844096,14.66423146,.0046579,98.5981,264.8000,136.9079,223.5785,0,U,35091,999,92364,.31884E-2,.17911E-3,0
FENGYUN 1C DEB,1999-025DKE,2026-05-27T23:36:23.362272,14.29317377,.00586983,98.4748,158.7415,323.3177,36.3993,0,U,35102,999,67287,.39547103E-3,.982E-5,0
FENGYUN 1C DEB,1999-025DKG,2026-05-27T23:31:44.651424,14.20622492,.00311383,98.5934,155.0816,24.1421,5.0560,0,U,35104,999,92127,.35556287E-3,.726E-5,0
FENGYUN 1C DEB,1999-025DKH,2026-05-27T16:57:19.708704,14.45833087,.01096973,98.9573,142.8545,279.2996,79.5803,0,U,35105,999,96891,.21334698E-3,.76E-5,0
FENGYUN 1C DEB,1999-025DKL,2026-05-20T05:55:12.071136,14.07113558,.0132952,98.8059,136.7639,336.0954,23.4077,0,U,35108,999,91467,.14895E-3,.226E-5,0
FENGYUN 1C DEB,1999-025DKM,2026-05-28T05:37:04.201824,14.21103786,.0150908,98.6284,138.6195,272.2450,86.1455,0,U,35109,999,66524,.19009E-3,.418E-5,0
FENGYUN 1C DEB,1999-025DKP,2026-05-29T05:09:08.915328,14.11234300,.0022982,99.4545,241.6729,117.5466,242.8041,0,U,35111,999,66506,.41195E-3,.697E-5,0
FENGYUN 1C DEB,1999-025DKU,2026-05-26T10:15:59.727168,14.25811955,.00562955,98.6424,195.2088,288.9451,70.5632,0,U,35116,999,62306,.58133254E-3,.1361E-4,0
FENGYUN 1C DEB,1999-025DKZ,2026-05-28T19:34:46.274304,14.04864523,.0157106,98.2824,2.8373,341.9766,17.5870,0,U,35121,999,63437,.20985E-3,.337E-5,0
FENGYUN 1C DEB,1999-025DLA,2026-05-28T11:55:53.907744,14.14317835,.0025806,98.6589,166.9410,46.0537,314.2759,0,U,35122,999,66224,.27997E-3,.494E-5,0
FENGYUN 1C DEB,1999-025DLB,2026-05-27T11:35:20.816448,14.24593145,.00483073,99.1235,341.5392,322.9661,36.8186,0,U,35123,999,63433,.45353583E-3,.1018E-4,0
FENGYUN 1C DEB,1999-025DLD,2026-05-04T06:39:57.479904,14.34135334,.00507508,98.2100,133.1594,226.4109,133.2859,0,U,35125,999,33324,.83832106E-3,.234E-4,0
FENGYUN 1C DEB,1999-025DLP,2026-05-26T10:55:26.500512,14.22884342,.00819705,98.5605,155.7086,164.4317,195.9411,0,U,35135,999,90166,.36022538E-3,.796E-5,0
FENGYUN 1C DEB,1999-025DLT,2026-05-18T05:33:33.297696,14.21360951,.00681298,98.5831,144.1148,202.5848,157.2328,0,U,35139,999,66376,.19186115E-3,.386E-5,0
FENGYUN 1C DEB,1999-025DLU,2026-05-28T09:34:18.049728,14.21519541,.0290216,98.4644,128.0591,200.6119,158.3156,0,U,35140,999,89646,.89346E-4,.25E-5,0
FENGYUN 1C DEB,1999-025DLW,2026-05-28T11:17:15.006048,13.90601232,.0109143,99.0558,141.3105,121.1865,29.1588,0,U,35142,999,88006,.1618E-3,.169E-5,0
FENGYUN 1C DEB,1999-025DLY,2026-05-27T19:27:18.305856,14.63731603,.0026365,98.7073,276.8066,208.7150,151.2600,0,U,35144,999,67639,.2722546E-2,.14227E-3,0
FENGYUN 1C DEB,1999-025DMB,2026-05-26T18:18:15.995232,14.79408324,.00277238,99.4820,253.6246,56.3185,304.0659,0,U,35147,999,76740,.16626663E-2,.12433E-3,0
FENGYUN 1C DEB,1999-025DMG,2026-05-26T17:59:36.996000,13.76700782,.01930678,99.8263,339.7881,308.4969,49.9002,0,U,35152,999,64463,.71154623E-3,.752E-5,0
FENGYUN 1C DEB,1999-025DMH,2026-05-29T00:04:55.474176,14.74938922,.0165632,98.8924,62.1865,279.8999,78.3546,0,U,35153,999,99682,.3515E-3,.2874E-4,0
FENGYUN 1C DEB,1999-025DMJ,2026-05-24T02:32:44.722752,14.19234207,.01773257,99.4416,280.9797,305.3303,53.1403,0,U,35154,999,66880,.19689402E-3,.43E-5,0
FENGYUN 1C DEB,1999-025DMK,2026-05-24T17:45:49.231296,14.19710312,.0023963,98.4941,154.8563,323.2696,36.6838,0,U,35155,999,75026,.39617205E-3,.798E-5,0
FENGYUN 1C DEB,1999-025DML,2026-05-22T09:41:57.555168,14.10827039,.0037554,98.7673,129.8173,55.6837,304.7879,0,U,35156,999,66309,.21771E-3,.35E-5,0
FENGYUN 1C DEB,1999-025DMP,2026-05-27T17:24:45.479232,14.47579807,.00107718,98.8312,234.9297,42.4843,108.9064,0,U,35159,999,63880,.18117284E-2,.6632E-4,0
FENGYUN 1C DEB,1999-025DMQ,2026-05-25T02:29:48.357888,14.36407550,.0176553,99.1720,274.8716,122.5220,239.3161,0,U,35160,999,67276,.28470381E-3,.942E-5,0
FENGYUN 1C DEB,1999-025DMV,2026-05-25T05:46:45.489792,14.35574675,.00177956,98.8746,246.5760,294.9133,65.0202,0,U,35165,999,92065,.12587522E-2,.3587E-4,0
FENGYUN 1C DEB,1999-025DMX,2026-05-27T04:50:05.182368,14.31801311,.02295499,98.4579,141.2310,74.6438,287.9984,0,U,35167,999,72387,.62512127E-3,.2187E-4,0
FENGYUN 1C DEB,1999-025DMY,2026-05-17T11:25:37.035840,14.15709938,.01259844,98.2590,23.1911,37.2585,323.7249,0,U,35168,999,60127,.15895367E-3,.298E-5,0
FENGYUN 1C DEB,1999-025DMZ,2026-05-19T12:32:43.268064,14.59708540,.01494967,99.1153,43.6531,349.8006,10.0167,0,U,35169,999,68081,.3885824E-3,.2101E-4,0
FENGYUN 1C DEB,1999-025DNB,2026-05-28T20:50:20.630112,13.95814666,.0136529,99.0202,301.5873,220.1296,138.9721,0,U,35171,999,90889,.18698E-2,.2717E-4,0
FENGYUN 1C DEB,1999-025DND,2026-05-16T22:36:14.740128,13.37995510,.0488889,99.7746,208.0859,195.3803,163.2001,0,U,35173,999,67904,.18267E-2,.1886E-4,0
FENGYUN 1C DEB,1999-025DNE,2026-05-28T06:26:17.071296,15.12131539,.0118404,98.9623,154.3830,359.3274,0.7774,0,U,35174,999,92671,.27931E-2,.57395E-3,0
FENGYUN 1C DEB,1999-025DNF,2026-05-25T18:02:10.782816,14.21564381,.00584692,98.5711,154.4101,162.9432,197.3729,0,U,35175,999,63565,.25036427E-3,.516E-5,0
FENGYUN 1C DEB,1999-025DNG,2026-05-23T22:00:15.380352,14.17237143,.00524702,98.5708,129.7482,310.2930,49.3666,0,U,35176,999,93225,.20873431E-3,.384E-5,0
FENGYUN 1C DEB,1999-025DNL,2026-05-27T17:42:23.598432,13.77157987,.04847939,99.7421,317.4829,306.4351,49.3018,0,U,35180,999,2317,.16219068E-2,.3801E-4,0
FENGYUN 1C DEB,1999-025DNX,2026-05-22T15:56:53.560320,13.91289325,.01034836,99.0338,125.1308,130.8043,230.2149,0,U,35191,999,90139,.20021381E-3,.221E-5,0
FENGYUN 1C DEB,1999-025DPA,2026-05-24T00:39:24.034464,14.61872714,.0109544,98.9414,245.3660,299.2106,59.8171,0,U,35194,999,67760,.3924061E-3,.2075E-4,0
FENGYUN 1C DEB,1999-025DPB,2026-05-23T13:17:11.824512,14.57379280,.00994032,98.9855,255.3796,297.2953,61.8147,0,U,35195,999,93282,.3580749E-3,.1676E-4,0
FENGYUN 1C DEB,1999-025DPC,2026-05-28T12:05:27.816288,14.20455172,.0212456,98.5265,162.9279,214.2504,302.1805,0,U,35196,999,91501,.53617E-3,.1398E-4,0
FENGYUN 1C DEB,1999-025DPF,2026-05-28T14:38:31.713792,13.98645516,.0118061,98.4433,289.4520,103.0256,258.4121,0,U,35199,999,94517,.16222E-2,.2435E-4,0
FENGYUN 1C DEB,1999-025DPG,2026-05-27T20:55:15.609216,13.42072992,.03526656,98.8916,110.6615,2.0864,23.4498,0,U,35200,999,68132,.33584488E-3,.235E-5,0
FENGYUN 1C DEB,1999-025DPH,2026-05-28T23:29:51.947808,14.11118608,.0007702,98.7037,157.9397,130.8949,260.7193,0,U,35201,999,89378,.97387E-4,.133E-5,0
FENGYUN 1C DEB,1999-025DPJ,2026-05-29T01:54:43.227072,13.34965854,.037611,100.0694,197.0943,328.4978,29.4109,0,U,35202,999,59209,.42153E-3,.271E-5,0
FENGYUN 1C DEB,1999-025DPK,2026-05-20T17:30:47.686176,13.26994208,.05167642,102.0818,139.3116,171.7348,189.2698,0,U,35203,999,61759,.16306342E-2,.145E-4,0
FENGYUN 1C DEB,1999-025DPL,2026-05-29T01:16:37.375104,14.51462894,.0036306,99.0015,354.1317,178.8199,332.8231,0,U,35204,999,93355,.22011E-2,.8825E-4,0
FENGYUN 1C DEB,1999-025DPP,2026-05-28T06:19:07.181184,14.58459528,.0053997,98.6929,258.7362,106.8157,253.8974,0,U,35207,999,67329,.23448E-2,.11065E-3,0
FENGYUN 1C DEB,1999-025DPQ,2026-05-28T08:08:37.000032,14.00189251,.0103738,98.8868,167.9575,53.3525,307.7123,0,U,35208,999,92894,.12441E-2,.1882E-4,0
FENGYUN 1C DEB,1999-025DPS,2026-05-28T12:24:05.757984,14.35792768,.005089,99.0930,166.1616,112.0970,40.8949,0,U,35210,999,92514,.2376E-2,.6936E-4,0
FENGYUN 1C DEB,1999-025DPZ,2026-05-22T14:57:45.435456,13.58207033,.02967037,101.8801,96.2017,283.7277,73.0993,0,U,35217,999,63403,.11133161E-2,.1013E-4,0
FENGYUN 1C DEB,1999-025DQC,2026-05-27T04:00:24.387552,14.23711937,.00450842,99.0152,226.2641,191.5096,168.5055,0,U,35220,999,65536,.14609554E-2,.3325E-4,0
FENGYUN 1C DEB,1999-025DQF,2026-05-28T23:58:52.544064,14.91359937,.0124239,98.9773,159.1694,150.0635,210.7761,0,U,35223,999,96373,.53898E-3,.6159E-4,0
FENGYUN 1C DEB,1999-025DQM,2026-05-27T12:13:11.650368,14.69481312,.00383305,98.4467,236.1518,61.1971,299.3074,0,U,35229,999,66934,.46950745E-2,.28193E-3,0
FENGYUN 1C DEB,1999-025DQP,2026-05-28T09:18:33.360768,14.14541440,.0036369,98.6924,192.4108,330.7424,29.1713,0,U,35231,999,93858,.23025E-4,.1E-7,0
FENGYUN 1C DEB,1999-025DQR,2026-05-27T19:20:43.537344,14.44135670,.00416001,98.7713,256.7423,125.7630,26.6590,0,U,35233,999,93571,.18914941E-2,.651E-4,0
FENGYUN 1C DEB,1999-025DQS,2026-05-25T19:33:57.170592,14.67060236,.00998475,98.0490,175.8382,104.0002,257.2329,0,U,35234,999,96760,.91307284E-3,.5472E-4,0
FENGYUN 1C DEB,1999-025DQX,2026-05-26T21:02:21.560352,13.69683372,.0223011,99.2862,306.5886,300.1134,57.8074,0,U,35239,999,60391,.70916E-3,.693E-5,0
FENGYUN 1C DEB,1999-025DQY,2026-05-28T20:58:09.572160,14.24695398,.0047917,99.3560,126.9460,39.6563,320.8102,0,U,35240,999,95543,.2068E-2,.4823E-4,0
FENGYUN 1C DEB,1999-025DQZ,2026-05-09T01:46:11.567136,14.02689252,.01366565,98.6376,55.4817,154.1029,206.7061,0,U,35241,999,89671,.11743446E-2,.1928E-4,0
FENGYUN 1C DEB,1999-025DRA,2026-05-29T03:04:06.707424,13.52772404,.0304704,99.9614,207.6811,133.5516,258.8835,0,U,35242,999,60390,.1656E-2,.1432E-4,0
FENGYUN 1C DEB,1999-025DRB,2026-05-27T17:35:14.078976,14.94561130,.0056725,98.8724,252.1126,84.5060,276.2624,0,U,35243,999,93474,.24236E-2,.27073E-3,0
FENGYUN 1C DEB,1999-025DRC,2026-05-28T08:30:09.205344,14.06939834,.007184,98.8190,189.6340,50.9280,309.8251,0,U,35244,999,68164,.41551E-3,.667E-5,0
FENGYUN 1C DEB,1999-025DRD,2026-05-29T01:47:11.069952,14.14155328,.0060569,99.0786,242.1345,159.1616,325.1292,0,U,35245,999,90141,.19649E-2,.3766E-4,0
FENGYUN 1C DEB,1999-025DRU,2026-05-24T20:43:54.642432,13.47019781,.0439816,98.5069,194.3263,203.5425,154.5023,0,U,36147,999,62193,.1336E-2,.143E-4,0
FENGYUN 1C DEB,1999-025DRV,2026-05-27T18:55:35.933376,13.86487023,.02731108,98.4178,347.1867,254.0386,103.0529,0,U,36148,999,92544,.24802968E-2,.382E-4,0
FENGYUN 1C DEB,1999-025DRZ,2026-05-27T08:27:38.821824,14.17950585,.00566175,98.7389,189.6370,98.6523,262.1072,0,U,36152,999,66503,.96405422E-3,.1961E-4,0
FENGYUN 1C DEB,1999-025DSA,2026-05-04T17:20:31.903008,14.52022909,.00288469,98.5881,222.8879,335.4684,24.5137,0,U,36153,999,67037,.13730882E-2,.5535E-4,0
FENGYUN 1C DEB,1999-025DSH,2026-05-18T18:19:34.684032,14.13385179,.01357933,98.1373,331.3308,58.3635,303.0705,0,U,36160,999,62270,.1318092E-3,.233E-5,0
FENGYUN 1C DEB,1999-025DSK,2026-05-20T03:46:21.489024,14.04600622,.02456064,97.6237,278.3636,25.0466,336.2388,0,U,36162,999,72744,.10295683E-2,.2121E-4,0
FENGYUN 1C DEB,1999-025DSL,2026-05-28T01:57:35.626176,14.64874364,.00334937,99.0794,13.5354,292.3392,67.4259,0,U,36163,999,91618,.30275636E-2,.16288E-3,0
FENGYUN 1C DEB,1999-025DSQ,2026-05-28T12:26:21.009408,14.50522386,.00698,98.8127,68.2857,100.3293,260.5779,0,U,36167,999,69696,.89247E-3,.3556E-4,0
FENGYUN 1C DEB,1999-025DSW,2026-05-27T19:23:44.668032,14.25471419,.01478041,98.2354,99.6935,56.4137,305.1054,0,U,36173,999,61456,.37112451E-3,.942E-5,0
FENGYUN 1C DEB,1999-025DTD,2026-05-16T21:56:29.908320,14.21182329,.0208465,98.4331,198.8304,299.1680,58.8781,0,U,36180,999,72787,.25578E-3,.646E-5,0
FENGYUN 1C DEB,1999-025DTF,2026-05-27T06:51:08.992800,14.36097836,.00203782,99.0966,88.6991,322.1780,37.7971,0,U,36182,999,90332,.13264804E-2,.3824E-4,0
FENGYUN 1C DEB,1999-025DTM,2026-05-28T06:03:52.567200,14.65103718,.0046351,98.5867,260.3825,149.0171,211.3780,0,U,36188,999,90487,.30468E-2,.16606E-3,0
FENGYUN 1C DEB,1999-025DTX,2026-05-28T00:45:00.416448,14.08756607,.00956683,98.6041,174.9270,5.0834,355.1285,0,U,36198,999,65928,.12446157E-2,.2197E-4,0
FENGYUN 1C DEB,1999-025DTY,2026-05-28T23:58:17.539968,14.29899010,.0090222,98.2760,167.0678,291.7794,67.3807,0,U,36199,999,67370,.21328E-3,.532E-5,0
FENGYUN 1C DEB,1999-025DTZ,2026-05-22T02:19:32.654208,14.65333996,.0032542,99.3815,242.6801,237.7892,122.0151,0,U,36200,999,75704,.26174147E-2,.14206E-3,0
FENGYUN 1C DEB,1999-025DUC,2026-05-28T04:39:18.142272,14.82061799,.00778584,99.1115,119.2091,348.8674,11.0810,0,U,36203,999,65891,.14460574E-2,.12058E-3,0
FENGYUN 1C DEB,1999-025DUD,2026-05-26T13:49:48.205632,14.35677378,.00189359,99.2945,261.1279,49.6071,310.6761,0,U,36204,999,96792,.81567664E-3,.231E-4,0
FENGYUN 1C DEB,1999-025DUF,2026-05-21T07:08:14.299008,14.22021498,.0028323,98.4627,163.1483,272.7473,87.0464,0,U,36206,999,66688,.34038E-3,.713E-5,0
FENGYUN 1C DEB,1999-025DUG,2026-05-17T09:05:45.935232,14.03685334,.0138379,98.5967,18.4087,245.4580,113.2111,0,U,36207,999,62148,.13336549E-2,.2241E-4,0
FENGYUN 1C DEB,1999-025DUL,2026-05-28T04:54:16.346304,14.26596333,.02670787,98.5135,141.9205,100.8507,262.2851,0,U,36211,999,96742,.54436481E-3,.187E-4,0
FENGYUN 1C DEB,1999-025DUR,2026-05-26T07:27:53.390304,14.19085405,.00431393,98.5938,166.6807,261.3075,98.3214,0,U,36216,999,66706,.26754656E-3,.521E-5,0
FENGYUN 1C DEB,1999-025DUT,2026-05-29T01:56:18.641184,14.73111289,.0070974,99.0653,14.3635,135.2334,225.4629,0,U,36218,999,61605,.97386E-3,.6467E-4,0
FENGYUN 1C DEB,1999-025DUZ,2026-05-25T20:23:56.186304,14.12842914,.01136709,98.7524,194.7780,244.6576,114.2789,0,U,36224,999,66749,.99006597E-4,.152E-5,0
FENGYUN 1C DEB,1999-025DVA,2026-05-28T05:37:29.002944,15.23817015,.0029082,98.8260,301.1589,98.7396,261.7132,0,U,36225,999,69293,.29159E-2,.71614E-3,0
FENGYUN 1C DEB,1999-025DVB,2026-05-18T07:57:58.479840,14.11065660,.00931056,98.5969,179.2157,294.1664,64.9796,0,U,36226,999,65970,.7522034E-3,.1367E-4,0
FENGYUN 1C DEB,1999-025DVE,2026-05-25T22:57:47.572704,14.08123792,.01055402,100.9198,44.7874,52.4581,308.6114,0,U,36229,999,65566,.12464792E-2,.2176E-4,0
FENGYUN 1C DEB,1999-025DVF,2026-05-26T11:19:01.424064,13.75903515,.02140593,99.5151,226.4438,72.2422,290.1962,0,U,36230,999,64151,.99211266E-3,.1093E-4,0
FENGYUN 1C DEB,1999-025DVG,2026-05-28T04:43:23.590848,14.12092680,.00600616,98.7095,123.2119,218.2640,141.4263,0,U,36231,999,87892,.10544263E-3,.154E-5,0
FENGYUN 1C DEB,1999-025DVH,2026-05-28T05:21:44.073792,14.12702158,.01168483,98.7209,132.7980,273.9824,84.7998,0,U,36232,999,64086,.24515893E-3,.441E-5,0
FENGYUN 1C DEB,1999-025DVK,2026-05-28T10:33:13.307904,13.45758224,.03165,98.9750,206.2026,327.3934,30.8000,0,U,36234,999,90189,.25251E-3,.164E-5,0
FENGYUN 1C DEB,1999-025DVM,2026-05-22T19:23:30.143328,13.82071949,.01482259,98.8253,178.2138,283.8295,74.6406,0,U,36236,999,61972,.19546556E-3,.187E-5,0
FENGYUN 1C DEB,1999-025DVP,2026-05-28T21:08:12.960384,14.12441227,.0021462,98.6695,120.7408,161.8184,198.3760,0,U,36238,999,89377,.56457E-4,.62E-6,0
FENGYUN 1C DEB,1999-025DVV,2026-05-27T06:40:04.505952,14.26232238,.0051401,98.9319,265.9034,166.6625,193.5926,0,U,36244,999,94337,.18932E-2,.4558E-4,0
FENGYUN 1C DEB,1999-025DVY,2026-05-27T17:40:38.126496,14.34101893,.01838986,98.2610,158.5900,257.5759,100.4793,0,U,36247,999,72641,.27030325E-3,.866E-5,0
FENGYUN 1C DEB,1999-025DWG,2026-05-26T02:18:44.159616,14.37353544,.00651495,99.4437,87.5325,48.7224,329.9447,0,U,36255,999,66371,.61186415E-3,.182E-4,0
FENGYUN 1C DEB,1999-025DWK,2026-05-28T09:06:58.244256,14.75795938,.0169497,99.0630,203.1087,326.6829,32.3797,0,U,36258,999,93279,.21094E-3,.1748E-4,0
FENGYUN 1C DEB,1999-025DWL,2026-05-27T08:16:34.087008,14.60551515,.00040769,98.7936,286.5842,150.3168,239.5056,0,U,36259,999,74558,.25947043E-2,.12573E-3,0
FENGYUN 1C DEB,1999-025DWM,2026-05-28T23:13:59.079360,14.15493384,.0016997,98.6634,151.4323,129.0050,231.2640,0,U,36260,999,90174,.16595E-3,.282E-5,0
FENGYUN 1C DEB,1999-025DWN,2026-05-17T00:26:39.606144,13.45613631,.03559359,101.3589,54.7827,75.1061,288.9192,0,U,36261,999,86521,.39270933E-3,.289E-5,0
FENGYUN 1C DEB,1999-025DWP,2026-05-26T21:57:54.800640,14.28022448,.0060765,98.9428,36.5297,155.3713,205.0391,0,U,36262,999,91854,.19097E-3,.437E-5,0
FENGYUN 1C DEB,1999-025DWQ,2026-05-28T16:10:58.892736,14.47712636,.003637,98.9901,45.0034,121.4870,238.9883,0,U,36263,999,90399,.19079E-2,.7058E-4,0
FENGYUN 1C DEB,1999-025DWU,2026-05-28T19:04:10.161984,14.09790631,.0128312,98.5719,93.1186,94.4618,297.2802,0,U,36267,999,88883,.10925E-2,.2032E-4,0
FENGYUN 1C DEB,1999-025DWW,2026-05-22T07:40:27.773760,14.27719470,.0232509,99.1276,96.3070,176.3805,183.9125,0,U,36269,999,90007,.18388E-3,.55E-5,0
FENGYUN 1C DEB,1999-025DWZ,2026-05-26T11:16:13.862496,14.17553593,.01681414,99.1199,32.3084,160.7700,199.9923,0,U,36272,999,65950,.23557731E-3,.503E-5,0
FENGYUN 1C DEB,1999-025DXA,2026-05-20T03:09:00.686880,14.16757046,.00953744,99.5862,26.9369,266.9071,92.1184,0,U,36273,999,68476,.14609242E-3,.254E-5,0
FENGYUN 1C DEB,1999-025DXB,2026-05-18T11:37:32.453760,14.25447058,.00626937,99.1349,223.8799,142.8743,235.3453,0,U,36274,999,65217,.14367092E-2,.3416E-4,0
FENGYUN 1C DEB,1999-025DXF,2026-05-26T01:24:44.589024,14.17659539,.00606014,99.1300,73.7702,183.5005,176.5753,0,U,36278,999,95804,.23873815E-3,.448E-5,0
FENGYUN 1C DEB,1999-025DXG,2026-05-28T05:08:51.491904,14.14820740,.00607786,98.5811,124.6589,298.0383,61.4652,0,U,36279,999,91393,.11530593E-3,.184E-5,0
FENGYUN 1C DEB,1999-025DXH,2026-05-28T08:17:08.213280,14.10258715,.0060749,98.7473,177.9392,314.2691,62.9801,0,U,36280,999,88702,.76031E-3,.1328E-4,0
FENGYUN 1C DEB,1999-025DXJ,2026-05-25T00:46:34.193280,13.61272599,.02932416,99.2593,63.5861,51.7281,310.9857,0,U,36281,999,86738,.24403676E-2,.2435E-4,0
FENGYUN 1C DEB,1999-025DXL,2026-05-23T06:28:20.846208,15.16499734,.00516863,99.4266,150.8251,241.3091,118.2935,0,U,36283,999,69106,.10119798E-2,.20345E-3,0
FENGYUN 1C DEB,1999-025DXN,2026-05-19T19:05:01.550976,13.59631293,.02869351,98.4361,261.5853,124.9872,237.8571,0,U,36644,999,63715,.80715291E-3,.752E-5,0
FENGYUN 1C DEB,1999-025DXP,2026-05-24T07:40:00.053184,13.59158499,.02919458,98.5113,274.2827,336.6042,22.2038,0,U,36645,999,59755,.1033325E-2,.969E-5,0
FENGYUN 1C DEB,1999-025DXR,2026-05-18T11:52:40.299168,13.90219577,.02389854,96.1213,230.8229,201.8280,157.2570,0,U,36647,999,32589,.19177529E-2,.2967E-4,0
FENGYUN 1C DEB,1999-025DXW,2026-05-29T04:46:09.103872,14.24136932,.005111,98.9342,238.9872,229.0838,130.5908,0,U,36652,999,66707,.17144E-2,.3956E-4,0
FENGYUN 1C DEB,1999-025DYB,2026-05-28T05:53:34.241280,14.66842535,.0101722,99.4292,328.6324,281.2176,77.7604,0,U,36657,999,68696,.42776E-3,.251E-4,0
FENGYUN 1C DEB,1999-025DYD,2026-05-26T20:57:46.129248,13.87647435,.01348,99.8482,164.3352,0.8519,359.2842,0,U,36659,999,62715,.45161E-3,.525E-5,0
FENGYUN 1C DEB,1999-025DYJ,2026-05-28T06:49:34.930848,14.18035475,.0171856,98.5866,172.7176,340.0532,19.3980,0,U,36664,999,66111,.82795E-4,.152E-5,0
FENGYUN 1C DEB,1999-025DYN,2026-05-23T18:16:55.778016,14.15790127,.00534472,98.6047,153.6216,120.6868,239.9589,0,U,36668,999,59710,.40564067E-3,.766E-5,0
FENGYUN 1C DEB,1999-025DYY,2026-05-26T18:23:16.362240,14.38386266,.01496445,98.3104,128.7388,216.1801,142.9192,0,U,36678,999,67361,.15609299E-3,.494E-5,0
FENGYUN 1C DEB,1999-025DYZ,2026-05-26T19:22:41.790432,14.04938440,.00849901,98.8429,143.6978,352.7010,7.2915,0,U,36679,999,26866,.34099273E-3,.523E-5,0
FENGYUN 1C DEB,1999-025DZA,2026-05-28T22:14:17.978208,14.19025274,.0189642,98.5593,140.3292,125.9359,266.1349,0,U,36680,999,66668,.4341E-3,.1042E-4,0
FENGYUN 1C DEB,1999-025DZB,2026-05-28T22:47:16.146816,14.10642561,.0042884,98.7029,147.2278,233.3466,126.3760,0,U,36681,999,75115,.47024E-3,.804E-5,0
FENGYUN 1C DEB,1999-025DZC,2026-05-27T03:40:15.179808,13.70566636,.02310219,98.4766,36.6561,194.6711,164.7657,0,U,36682,999,63658,.11184873E-2,.1161E-4,0
FENGYUN 1C DEB,1999-025DZE,2026-05-28T19:56:51.479232,15.30664831,.0018995,99.4330,285.0258,269.5306,90.3752,0,U,36684,999,68425,.95651E-2,.295973E-2,0
FENGYUN 1C DEB,1999-025DZG,2026-05-26T07:59:35.009376,14.79605806,.00986399,98.9921,2.0651,256.6453,102.3743,0,U,36686,999,68284,.61856995E-3,.4964E-4,0
FENGYUN 1C DEB,1999-025DZH,2026-05-25T11:46:08.457024,14.04650237,.00916821,98.7028,230.2920,164.8045,195.5910,0,U,36687,999,65021,.18593446E-4,-.11E-6,0
FENGYUN 1C DEB,1999-025DZK,2026-05-26T21:27:55.541376,13.75168204,.0305694,98.4768,27.6474,210.9742,147.3066,0,U,36689,999,60482,.11588E-2,.1521E-4,0
FENGYUN 1C DEB,1999-025DZN,2026-05-29T00:09:18.361728,13.93696547,.0113239,99.9947,73.4684,290.9994,67.9079,0,U,36692,999,62135,.51011E-3,.655E-5,0
FENGYUN 1C DEB,1999-025DZR,2026-05-28T17:45:03.432384,14.44262288,.0254434,98.2392,129.8855,343.0976,16.1851,0,U,36695,999,91978,.3432E-3,.1697E-4,0
FENGYUN 1C DEB,1999-025DZS,2026-05-25T12:10:16.921056,14.41158354,.00227278,98.9823,167.6520,196.8110,163.2326,0,U,36696,999,66753,.13253054E-2,.4241E-4,0
FENGYUN 1C DEB,1999-025DZV,2026-05-28T19:17:30.176736,14.24518996,.009375,98.5675,144.1586,4.5136,355.6867,0,U,36699,999,75705,.27003E-3,.612E-5,0
FENGYUN 1C DEB,1999-025DZX,2026-05-28T06:38:47.336064,13.72210008,.0256457,102.7519,161.8498,233.4634,124.2641,0,U,36701,999,63422,.21409E-2,.2397E-4,0
FENGYUN 1C DEB,1999-025DZZ,2026-05-20T03:56:43.671840,14.23043317,.00996349,97.8155,294.9234,196.0826,163.7185,0,U,36703,999,60523,.15465397E-2,.3633E-4,0
FENGYUN 1C DEB,1999-025EAD,2026-05-28T22:09:19.658016,14.17834651,.0048109,98.7317,197.3721,4.3842,355.7745,0,U,36707,999,66448,.66563E-3,.1331E-4,0
FENGYUN 1C DEB,1999-025EAG,2026-05-26T10:20:13.707744,14.51544535,.00655797,98.3597,207.6788,40.4605,320.1440,0,U,36710,999,67341,.11443324E-2,.4663E-4,0
FENGYUN 1C DEB,1999-025EAH,2026-05-28T09:50:11.165280,14.45188487,.0096975,100.7913,217.0800,103.8780,257.3214,0,U,36711,999,66716,.32124E-2,.11877E-3,0
FENGYUN 1C DEB,1999-025EAN,2026-05-29T00:03:09.264384,13.88522194,.0149216,99.2324,71.3608,138.3682,222.8948,0,U,36716,999,65252,.21453E-3,.238E-5,0
FENGYUN 1C DEB,1999-025EAR,2026-05-23T16:04:39.801504,14.35788032,.00804467,98.5430,289.1306,350.3766,9.5874,0,U,36719,999,66674,.56319265E-3,.1646E-4,0
FENGYUN 1C DEB,1999-025EAW,2026-05-27T02:07:51.163104,14.26611582,.01037299,99.4560,196.9589,89.1888,302.7178,0,U,36724,999,59829,.19409609E-2,.4915E-4,0
FENGYUN 1C DEB,1999-025EBB,2026-05-22T05:37:17.781312,14.10475553,.00465479,98.7252,124.1803,159.5868,200.7177,0,U,36729,999,89514,.2039782E-3,.324E-5,0
FENGYUN 1C DEB,1999-025EBG,2026-05-28T02:41:28.545216,14.27061998,.00372562,99.0423,205.5476,104.5271,256.0046,0,U,36734,999,85106,.16012174E-2,.3884E-4,0
FENGYUN 1C DEB,1999-025EBJ,2026-05-27T00:24:05.469408,14.26683558,.00581844,98.7939,226.2001,22.0177,338.3483,0,U,36736,999,90971,.11605078E-2,.2813E-4,0
FENGYUN 1C DEB,1999-025EBR,2026-05-23T20:59:03.147072,14.30118502,.00455053,98.6380,195.9836,254.9210,104.6935,0,U,36743,999,63054,.74941939E-3,.1915E-4,0
FENGYUN 1C DEB,1999-025EBS,2026-05-27T03:46:09.084576,14.15790173,.00885914,99.1345,222.2080,136.6886,224.1295,0,U,36986,999,84084,.22679653E-2,.4585E-4,0
FENGYUN 1C DEB,1999-025EBT,2026-05-24T10:51:12.563136,13.46112209,.0321023,100.8092,43.0508,21.3559,340.0625,0,U,36987,999,63066,.65727428E-3,.487E-5,0
FENGYUN 1C DEB,1999-025EBW,2026-05-20T10:40:04.397376,13.57127183,.02889173,96.5875,41.8993,309.0665,48.5097,0,U,36990,999,85040,.23053604E-3,.19E-5,0
FENGYUN 1C DEB,1999-025ECA,2026-05-25T20:06:40.509504,13.90847899,.01148777,98.6666,101.9589,201.1811,158.4573,0,U,36994,999,83188,.46654862E-4,.21E-6,0
FENGYUN 1C DEB,1999-025ECB,2026-05-25T08:31:17.711040,14.04906255,.00388412,98.3214,15.7925,203.8527,156.0843,0,U,36995,999,65854,.22677634E-3,.328E-5,0
FENGYUN 1C DEB,1999-025ECC,2026-05-28T16:20:54.631104,14.12517801,.025168,98.2452,292.5782,226.9211,146.4078,0,U,36996,999,62048,.12747E-2,.3139E-4,0
FENGYUN 1C DEB,1999-025ECK,2026-05-26T07:42:10.403136,13.96520571,.00974447,98.8296,168.4758,69.0331,308.2145,0,U,37003,999,62954,.39364735E-3,.525E-5,0
FENGYUN 1C DEB,1999-025ECN,2026-05-24T23:40:57.945792,14.50066850,.02530386,99.2879,55.3165,122.7184,239.8677,0,U,37006,999,67479,.35094266E-3,.1989E-4,0
FENGYUN 1C DEB,1999-025ECQ,2026-05-27T06:50:53.370816,14.08366984,.0061967,99.1493,273.2347,154.8058,205.6156,0,U,37008,999,62644,.1372E-2,.2345E-4,0
FENGYUN 1C DEB,1999-025ECZ,2026-05-29T02:44:27.508992,14.42782887,.0273864,98.8054,103.9830,225.7560,132.0855,0,U,37017,999,63573,.56124E-3,.2884E-4,0
FENGYUN 1C DEB,1999-025EDA,2026-05-25T20:45:07.316064,14.45116290,.019594,98.5107,4.5425,144.0150,217.4419,0,U,37018,999,65897,.45098394E-2,.19986E-3,0
FENGYUN 1C DEB,1999-025EDD,2026-05-22T06:57:16.082208,14.33035932,.0176323,98.3748,158.8094,134.5859,294.4225,0,U,37021,999,72353,.43232E-3,.1363E-4,0
FENGYUN 1C DEB,1999-025EDL,2026-05-28T12:11:18.199392,14.24150420,.0033714,99.2459,69.6312,349.6314,10.4164,0,U,37028,999,62848,.18031E-2,.413E-4,0
FENGYUN 1C DEB,1999-025EDU,2026-05-24T17:03:44.898912,14.03761676,.01222609,98.7248,135.8504,318.5859,40.6090,0,U,37036,999,66034,.13945279E-3,.192E-5,0
FENGYUN 1C DEB,1999-025EEA,2026-05-17T04:56:39.351264,14.81437497,.00478305,98.6006,272.4462,256.6088,102.9788,0,U,37042,999,75095,.12803757E-2,.10171E-3,0
FENGYUN 1C DEB,1999-025EEC,2026-05-21T02:17:11.948352,13.72753109,.05020422,98.9630,242.4577,98.9694,266.8608,0,U,37044,999,86043,.1476471E-2,.3346E-4,0
FENGYUN 1C DEB,1999-025EEE,2026-05-16T06:10:27.952608,14.25371330,.00487594,98.5357,151.4233,214.1599,145.6441,0,U,37046,999,66382,.40023377E-3,.912E-5,0
FENGYUN 1C DEB,1999-025EEF,2026-05-15T08:57:28.899360,13.84302447,.02354912,99.1142,189.0136,161.9061,199.0655,0,U,37047,999,64208,.18977941E-2,.2587E-4,0
FENGYUN 1C DEB,1999-025EEG,2026-05-27T09:55:06.280032,13.65271181,.02553176,98.8697,359.9166,75.8041,45.3621,0,U,37048,999,64430,.32013594E-3,.288E-5,0
FENGYUN 1C DEB,1999-025EEM,2026-05-29T03:54:06.154272,14.55957147,.0040128,99.1504,275.8015,30.0382,93.4530,0,U,37053,999,67472,.15276E-2,.6738E-4,0
FENGYUN 1C DEB,1999-025EEN,2026-05-28T15:47:45.228768,14.19689634,.0099627,98.5667,130.6083,343.4888,16.3052,0,U,37054,999,66797,.3098E-3,.645E-5,0
FENGYUN 1C DEB,1999-025EEQ,2026-05-26T21:22:45.691104,14.51173185,.0266195,98.9630,185.3051,9.1745,351.4174,0,U,37056,999,67806,.30447E-3,.1849E-4,0
FENGYUN 1C DEB,1999-025EER,2026-05-28T07:18:02.866176,13.96359016,.0284574,98.9134,163.1972,40.5691,321.6305,0,U,37057,999,65922,.38379E-3,.702E-5,0
FENGYUN 1C DEB,1999-025EEU,2026-05-23T10:27:26.359200,14.00868285,.00788533,99.0694,204.8720,262.8294,96.3901,0,U,37060,999,64970,.24288308E-3,.328E-5,0
FENGYUN 1C DEB,1999-025EEV,2026-05-28T07:24:22.137120,13.15279098,.0794286,98.0555,179.7209,312.3680,41.2758,0,U,37061,999,10343,.61955E-3,.1179E-4,0
FENGYUN 1C DEB,1999-025EEY,2026-05-27T16:43:34.447008,14.18344021,.00992624,98.9065,305.1543,349.4739,10.4357,0,U,37064,999,83886,.24205623E-2,.5196E-4,0
FENGYUN 1C DEB,1999-025EEZ,2026-05-24T08:53:25.097568,13.59793230,.02870005,103.2832,21.4710,250.5854,106.4049,0,U,37065,999,24412,.13291852E-2,.1223E-4,0
FENGYUN 1C DEB,1999-025EFB,2026-05-28T14:00:31.815648,14.02818835,.0145388,99.5245,102.6634,17.8499,342.7697,0,U,37067,999,59746,.52585E-2,.8894E-4,0
FENGYUN 1C DEB,1999-025EFD,2026-05-28T23:15:03.462912,13.38736560,.0420396,95.8522,53.9388,165.0423,196.3609,0,U,37069,999,89945,.22645E-2,.2004E-4,0
FENGYUN 1C DEB,1999-025EFM,2026-05-28T04:51:33.459840,14.41623555,.00953289,99.0215,237.6688,195.5609,164.2643,0,U,37077,999,87353,.40769367E-3,.1349E-4,0
FENGYUN 1C DEB,1999-025EFP,2026-05-28T05:06:11.886048,14.66092038,.0009029,98.8636,300.4403,350.9263,9.1773,0,U,37079,999,67050,.35013E-2,.19232E-3,0
FENGYUN 1C DEB,1999-025EFR,2026-05-28T03:33:09.107712,14.19708251,.02560742,98.6844,301.9842,231.0066,126.8054,0,U,37081,999,60931,.74540814E-2,.21915E-3,0
FENGYUN 1C DEB,1999-025EFS,2026-05-28T07:46:58.173024,13.63860897,.040193,98.8376,336.0244,60.3216,303.7316,0,U,37400,999,82464,.35894E-3,.457E-5,0
FENGYUN 1C DEB,1999-025EFW,2026-05-28T12:02:49.171200,14.32289519,.0044578,98.4540,152.1075,31.3655,120.2831,0,U,37404,999,85127,.74081E-3,.1979E-4,0
FENGYUN 1C DEB,1999-025EFY,2026-05-26T20:11:33.156672,14.04789686,.01490616,98.4310,12.4582,158.1573,273.9044,0,U,37406,999,65550,.86142506E-3,.1487E-4,0
FENGYUN 1C DEB,1999-025EGH,2026-05-27T00:09:42.354144,13.52198863,.02856955,98.9823,244.4307,120.5379,242.4287,0,U,37415,999,64555,.2994725E-3,.219E-5,0
FENGYUN 1C DEB,1999-025EGK,2026-05-26T05:49:51.973824,14.07570955,.0079486,98.8080,139.8567,156.9609,203.5156,0,U,37417,999,70664,.1826714E-3,.275E-5,0
FENGYUN 1C DEB,1999-025EGL,2026-05-24T12:19:03.762336,11.95294466,.10737396,98.6015,347.3877,358.0478,1.6552,0,U,37418,999,51429,.31143545E-3,.104E-5,0
FENGYUN 1C DEB,1999-025EGN,2026-05-26T05:40:53.715648,13.99898826,.00742763,98.8687,136.1724,175.6597,184.5228,0,U,37420,999,62066,.207646E-3,.27E-5,0
FENGYUN 1C DEB,1999-025EGP,2026-05-27T01:58:53.359392,13.40694827,.04096473,98.9068,87.3322,30.3179,332.0979,0,U,37421,999,63161,.52012368E-3,.433E-5,0
FENGYUN 1C DEB,1999-025EGR,2026-05-28T22:16:34.936032,14.07968494,.0048826,98.7673,199.4954,51.0522,309.4984,0,U,37423,999,65962,.70404E-3,.1167E-4,0
FENGYUN 1C DEB,1999-025EGS,2026-05-28T13:20:43.257408,14.18742877,.021481,97.2093,250.9354,143.2477,218.3653,0,U,37424,999,70938,.12058E-2,.3119E-4,0
FENGYUN 1C DEB,1999-025EGV,2026-05-25T17:01:37.102944,15.00951536,.01755826,98.6399,310.4587,118.9997,242.8949,0,U,37427,999,62780,.43047345E-3,.7557E-4,0
FENGYUN 1C DEB,1999-025EGW,2026-05-22T07:44:33.229248,14.36479943,.005417,97.7098,353.2018,334.5790,25.2736,0,U,37428,999,65740,.11585E-2,.3419E-4,0
FENGYUN 1C DEB,1999-025EGX,2026-05-12T04:28:26.963616,14.09883096,.01023281,98.6538,121.5742,291.9683,67.0639,0,U,37429,999,65206,.27891221E-3,.472E-5,0
FENGYUN 1C DEB,1999-025EGY,2026-05-26T16:14:18.381696,14.30371644,.00156558,98.7532,226.7068,304.3675,55.6026,0,U,37430,999,64058,.13223352E-2,.3397E-4,0
FENGYUN 1C DEB,1999-025EHA,2026-05-23T18:19:21.740448,14.54653421,.01809707,98.1757,158.5061,146.2840,215.0025,0,U,37432,999,10731,.37730021E-3,.1956E-4,0
FENGYUN 1C DEB,1999-025EHD,2026-05-26T08:39:50.965920,14.23103784,.00387532,98.6287,184.5156,254.3438,105.3462,0,U,37435,999,91280,.83073736E-3,.1846E-4,0
FENGYUN 1C DEB,1999-025EHE,2026-05-27T09:24:06.379200,14.06639952,.00592207,98.9105,204.5832,46.3936,314.2125,0,U,37436,999,66327,.38715603E-3,.609E-5,0
FENGYUN 1C DEB,1999-025EHF,2026-05-22T05:15:12.155616,14.19230619,.01105773,98.5967,134.2511,305.6737,116.2200,0,U,37437,999,66267,.27002055E-3,.558E-5,0
FENGYUN 1C DEB,1999-025EHG,2026-05-22T08:50:18.675744,14.15911232,.0030497,98.7189,183.0989,122.6471,237.7652,0,U,37438,999,62408,.39755E-3,.743E-5,0
FENGYUN 1C DEB,1999-025EHK,2026-05-25T18:25:32.156256,13.14556977,.0508722,99.1417,335.8553,23.8042,338.5735,0,U,37441,999,84327,.7749672E-3,.519E-5,0
FENGYUN 1C DEB,1999-025EHN,2026-05-23T12:07:30.895680,14.49416426,.02403949,99.0752,241.2901,225.0678,133.0791,0,U,37444,999,67493,.46840335E-3,.2527E-4,0
FENGYUN 1C DEB,1999-025EHS,2026-05-24T11:17:46.658688,13.87915817,.03017952,99.3059,213.8202,341.9102,17.1498,0,U,37448,999,64632,.61826114E-3,.101E-4,0
FENGYUN 1C DEB,1999-025EHX,2026-05-19T12:34:00.927840,13.68287439,.03580646,97.6353,48.4853,171.8173,188.9037,0,U,37453,999,91782,.15699176E-2,.2067E-4,0
FENGYUN 1C DEB,1999-025EJE,2026-05-28T22:41:15.560736,14.50492704,.0054805,98.3863,328.8093,139.3526,221.1779,0,U,37460,999,84911,.2478E-2,.9851E-4,0
FENGYUN 1C DEB,1999-025EJF,2026-05-22T21:19:39.823104,12.79601017,.06628981,99.8655,16.9606,333.9237,22.9821,0,U,37461,999,54095,.12216267E-2,.661E-5,0
FENGYUN 1C DEB,1999-025EJJ,2026-05-28T03:11:43.909440,13.48185601,.04536596,102.7094,122.3929,112.3383,252.6465,0,U,37464,999,63163,.24892478E-2,.284E-4,0
FENGYUN 1C DEB,1999-025EJU,2026-05-24T22:04:32.752992,14.78410830,.0124901,99.1519,17.0145,347.4811,12.3301,0,U,37474,999,64784,.99798E-3,.8221E-4,0
FENGYUN 1C DEB,1999-025EJX,2026-05-28T10:56:58.837056,14.20174995,.0036595,98.6044,153.5551,347.2752,12.7497,0,U,37477,999,84280,.7137E-3,.149E-4,0
FENGYUN 1C DEB,1999-025EJY,2026-05-24T03:38:52.117440,13.03520907,.05424478,99.6577,115.0255,305.5682,49.6005,0,U,37478,999,58677,.13084706E-2,.794E-5,0
FENGYUN 1C DEB,1999-025EKG,2026-05-12T09:07:25.283136,14.14388846,.0080828,98.1317,171.2637,341.2045,33.4120,0,U,37588,999,60382,.75093E-3,.1444E-4,0
FENGYUN 1C DEB,1999-025EKH,2026-05-27T23:00:12.769632,14.09808763,.01143788,99.0755,56.7336,155.6016,205.0628,0,U,37589,999,84925,.24119556E-2,.4463E-4,0
FENGYUN 1C DEB,1999-025EKK,2026-05-28T15:25:58.751904,14.59557590,.0062903,98.4080,101.3719,196.9850,340.1790,0,U,37591,999,68894,.41145E-2,.20104E-3,0
FENGYUN 1C DEB,1999-025EKM,2026-05-22T12:26:24.253728,14.37841548,.0148138,99.0091,32.4141,5.0924,115.4723,0,U,37593,999,88430,.70255E-3,.2352E-4,0
FENGYUN 1C DEB,1999-025EKN,2026-05-27T12:38:07.427904,14.11278621,.00864264,98.7136,177.2113,158.4813,202.0027,0,U,37594,999,80100,.23510452E-3,.398E-5,0
FENGYUN 1C DEB,1999-025EKP,2026-05-25T02:53:28.136256,14.81023333,.00187426,99.0462,18.9248,209.0956,306.9435,0,U,37595,999,65016,.27302223E-2,.21221E-3,0
FENGYUN 1C DEB,1999-025EKU,2026-05-28T04:02:50.941824,13.84802629,.03483692,98.9319,302.0192,319.6076,37.9678,0,U,37600,999,90789,.19747348E-2,.3527E-4,0
FENGYUN 1C DEB,1999-025EKY,2026-05-23T22:31:06.769920,13.32672608,.05839834,97.9946,33.8777,71.6220,310.5704,0,U,37683,999,31400,.12945509E-2,.1628E-4,0
FENGYUN 1C DEB,1999-025ELB,2026-05-28T06:38:04.822944,13.35507019,.0395099,99.0157,152.6885,349.2405,26.6742,0,U,37686,999,62850,.49474E-3,.354E-5,0
FENGYUN 1C DEB,1999-025ELC,2026-05-24T08:13:54.169248,13.87006001,.03272527,98.1858,164.6564,269.4956,103.4666,0,U,37687,999,85507,.2067709E-2,.3657E-4,0
FENGYUN 1C DEB,1999-025ELE,2026-05-27T08:51:10.482048,14.51548652,.00217892,98.9098,202.8954,104.8118,255.5491,0,U,37689,999,60213,.25462522E-2,.10183E-3,0
FENGYUN 1C DEB,1999-025ELG,2026-05-24T11:21:31.476672,14.64163897,.0259639,98.3647,55.1814,4.1478,356.1792,0,U,37691,999,88010,.24460223E-2,.21115E-3,0
FENGYUN 1C DEB,1999-025ELJ,2026-05-28T11:33:58.914432,14.08848260,.0070583,98.6977,147.4034,324.7302,187.2301,0,U,37693,999,64496,.61711E-3,.1048E-4,0
FENGYUN 1C DEB,1999-025ELK,2026-05-28T10:00:43.282368,14.17966333,.0143246,98.1849,208.1114,327.8952,95.3125,0,U,37694,999,54065,.12146E-2,.2711E-4,0
FENGYUN 1C DEB,1999-025ELL,2026-05-16T20:35:48.353856,13.65563389,.04606742,98.1884,161.8411,205.3875,335.1262,0,U,37695,999,91368,.59307507E-3,.969E-5,0
FENGYUN 1C DEB,1999-025ELS,2026-04-30T14:53:36.055680,14.00528334,.02519317,97.6531,254.2396,166.7353,260.6388,0,U,37701,999,78006,.44569688E-2,.8694E-4,0
FENGYUN 1C DEB,1999-025ELV,2026-05-27T11:04:20.107776,13.70937568,.02415823,98.3281,323.6650,93.8188,297.4669,0,U,37704,999,64635,.11900813E-2,.1272E-4,0
FENGYUN 1C DEB,1999-025ELY,2026-05-26T08:35:44.255040,14.57379080,.01402532,100.2083,192.3379,265.8204,156.4423,0,U,37707,999,87963,.24706986E-3,.1203E-4,0
FENGYUN 1C DEB,1999-025EMD,2026-05-28T04:16:46.681248,14.36932090,.00783053,98.8409,296.4122,221.1429,315.2624,0,U,37712,999,66350,.42475128E-3,.1255E-4,0
FENGYUN 1C DEB,1999-025EMF,2026-05-25T07:01:46.946208,14.33985947,.00448687,98.8990,266.3866,322.9650,36.8439,0,U,37714,999,59852,.14326403E-2,.3999E-4,0
FENGYUN 1C DEB,1999-025EMG,2026-05-28T07:22:53.005152,13.95669276,.0114061,98.9532,156.4079,15.5033,1.0762,0,U,37715,999,60127,.60232E-3,.823E-5,0
FENGYUN 1C DEB,1999-025EMJ,2026-05-29T04:14:22.052832,15.06880199,.0040556,98.7454,130.5656,276.6751,143.7815,0,U,37717,999,91909,.29584E-2,.45161E-3,0
FENGYUN 1C DEB,1999-025EML,2026-05-19T09:56:26.596608,14.57762966,.00459191,99.4814,192.2260,148.4033,222.8477,0,U,37719,999,2535,.56418684E-3,.2556E-4,0
FENGYUN 1C DEB,1999-025EMZ,2026-05-26T02:51:57.741120,14.04489504,.021171,102.2998,284.9781,189.6487,170.0571,0,U,37900,999,62121,.23472021E-2,.4506E-4,0
FENGYUN 1C DEB,1999-025ENB,2026-05-28T12:27:51.674112,13.53302839,.0316102,98.6789,353.5611,236.3719,120.6891,0,U,37902,999,65232,.22515E-2,.2033E-4,0
FENGYUN 1C DEB,1999-025ENF,2026-05-24T21:29:45.790368,13.81001707,.01612297,99.5782,193.2383,319.7739,223.3203,0,U,37906,999,61707,.24703582E-3,.24E-5,0
FENGYUN 1C DEB,1999-025ENG,2026-05-19T14:28:48.967392,14.25236320,.0060418,99.0862,262.8795,94.2588,266.5498,0,U,37907,999,85520,.11973978E-2,.2824E-4,0
FENGYUN 1C DEB,1999-025ENH,2026-05-28T09:14:40.924896,14.37091495,.0074001,99.1305,195.5457,31.9871,328.5774,0,U,37908,999,66454,.46073E-3,.1362E-4,0
FENGYUN 1C DEB,1999-025ENP,2026-05-21T05:25:21.466560,14.16773188,.00657061,99.2121,144.6199,263.1288,96.2406,0,U,37914,999,64446,.60726544E-3,.1193E-4,0
FENGYUN 1C DEB,1999-025ENT,2026-05-28T20:05:08.077056,14.35025208,.0055612,99.0480,110.9891,153.1295,207.2788,0,U,37918,999,5938,.54023E-3,.1519E-4,0
FENGYUN 1C DEB,1999-025ENU,2026-05-28T14:06:35.229600,14.27162736,.0047218,99.0754,97.5554,254.4826,105.1137,0,U,37919,999,67288,.37581E-3,.88E-5,0
FENGYUN 1C DEB,1999-025ENW,2026-05-24T20:51:58.247424,13.95248675,.0083469,98.9960,187.2147,12.4389,347.8807,0,U,37921,999,65422,.27754E-4,-.5E-7,0
FENGYUN 1C DEB,1999-025EPA,2026-05-23T22:58:39.594144,14.84121427,.00509782,99.0712,39.8647,189.5840,170.4402,0,U,37925,999,68086,.75013719E-3,.6342E-4,0
FENGYUN 1C DEB,1999-025EPB,2026-05-29T03:30:42.086016,14.25305256,.0054407,98.7082,216.1035,97.8613,292.0374,0,U,37926,999,76654,.15309E-2,.3618E-4,0
FENGYUN 1C DEB,1999-025EPC,2026-05-28T04:01:00.711840,14.81773921,.00074263,98.8126,312.0539,121.1302,239.0638,0,U,37927,999,67573,.40861739E-2,.32343E-3,0
FENGYUN 1C DEB,1999-025EPD,2026-05-27T14:48:41.762592,14.37733878,.0070164,98.8976,33.1316,264.2711,95.0471,0,U,37928,999,83575,.4268E-3,.1273E-4,0
FENGYUN 1C DEB,1999-025EPM,2026-05-28T08:41:37.533408,14.17370524,.0071642,98.6907,188.6034,30.4012,346.0593,0,U,38116,999,66845,.48305E-3,.959E-5,0
FENGYUN 1C DEB,1999-025EPQ,2026-05-21T09:58:25.286016,14.17892473,.0227887,98.5833,214.2954,131.1940,230.9134,0,U,38119,999,56270,.33067E-2,.87E-4,0
FENGYUN 1C DEB,1999-025EPS,2026-05-24T04:56:11.003424,14.22557452,.02042009,99.1417,306.4065,23.7479,337.2960,0,U,38121,999,86229,.35084087E-3,.919E-5,0
FENGYUN 1C DEB,1999-025EPT,2026-05-23T11:04:06.839328,14.43462975,.02257959,98.3185,147.2336,27.8463,333.4601,0,U,38122,999,70071,.45462779E-3,.2043E-4,0
FENGYUN 1C DEB,1999-025EPV,2026-05-07T12:07:10.775712,13.41006316,.03552181,97.8237,52.3557,288.6110,67.6764,0,U,38124,999,56535,.20983136E-3,.136E-5,0
FENGYUN 1C DEB,1999-025EQB,2026-05-26T01:23:08.669472,13.77900835,.02097653,98.5905,187.3572,142.8144,218.7750,0,U,38130,999,71545,.12362334E-2,.1422E-4,0
FENGYUN 1C DEB,1999-025EQG,2026-05-21T10:48:10.876032,14.25734381,.022017,98.6350,201.1670,325.9389,32.7822,0,U,38135,999,63316,.17008E-3,.47E-5,0
FENGYUN 1C DEB,1999-025EQJ,2026-05-20T08:50:32.282016,14.06310366,.00451384,98.8406,184.6149,345.5152,14.4720,0,U,38137,999,65938,.64177084E-4,.63E-6,0
FENGYUN 1C DEB,1999-025EQQ,2026-05-25T21:15:51.273504,14.05217547,.00576362,99.0049,205.7921,125.3713,235.2859,0,U,38143,999,62588,.61461459E-3,.964E-5,0
FENGYUN 1C DEB,1999-025EQR,2026-05-24T04:52:52.197024,13.59450641,.02908647,98.9803,320.2368,131.2750,231.3837,0,U,38144,999,63244,.98996448E-3,.93E-5,0
FENGYUN 1C DEB,1999-025EQT,2026-05-24T01:21:55.716768,14.61123692,.01955585,99.4784,252.8134,335.4298,206.3761,0,U,38146,999,34248,.29936517E-3,.1855E-4,0
FENGYUN 1C DEB,1999-025EQU,2026-05-26T06:08:00.372768,14.23896159,.00504974,98.5494,161.0178,178.7715,181.3597,0,U,38147,999,62728,.43838651E-3,.975E-5,0
FENGYUN 1C DEB,1999-025EQW,2026-05-25T06:10:38.604864,14.26119143,.00784863,98.3687,135.1222,42.2160,318.5028,0,U,38149,999,72818,.1956164E-3,.442E-5,0
FENGYUN 1C DEB,1999-025ERC,2026-05-26T12:25:47.653824,14.27009039,.00971558,98.4423,49.9741,7.1282,353.1255,0,U,38155,999,66124,.21456394E-2,.545E-4,0
FENGYUN 1C DEB,1999-025ERE,2026-05-26T06:00:35.391168,14.22691045,.02717464,99.6570,73.9995,12.2913,348.4719,0,U,38157,999,78586,.11709872E-2,.3772E-4,0
FENGYUN 1C DEB,1999-025ERG,2026-05-14T10:53:40.517088,14.03694203,.00551081,99.3032,34.7136,280.7047,78.7917,0,U,38159,999,85254,.21712336E-3,.299E-5,0
FENGYUN 1C DEB,1999-025ERL,2026-05-12T20:14:06.687744,14.06299011,.00763717,99.1095,175.4320,181.2879,178.8103,0,U,38163,999,26665,.47872506E-3,.765E-5,0
FENGYUN 1C DEB,1999-025ERP,2026-05-29T02:24:16.098048,14.33547488,.0050213,99.0793,264.9488,274.5430,85.0018,0,U,38166,999,66168,.28836E-2,.8052E-4,0
FENGYUN 1C DEB,1999-025ERS,2026-05-27T04:51:57.439296,14.77221222,.00251256,98.9839,144.3242,271.9290,87.9040,0,U,38169,999,63707,.25122928E-2,.17871E-3,0
FENGYUN 1C DEB,1999-025ERV,2026-05-21T02:23:48.997824,13.54893139,.02775188,100.4140,246.2578,298.0323,59.2996,0,U,38172,999,63830,.48948915E-3,.379E-5,0
FENGYUN 1C DEB,1999-025ERW,2026-05-10T23:25:05.708928,14.38465600,.01626797,98.9924,43.2209,34.1870,326.9664,0,U,38173,999,62788,.7575009E-3,.2645E-4,0
FENGYUN 1C DEB,1999-025ESA,2026-05-25T05:57:19.989792,13.96577611,.02242046,98.9338,151.8874,296.0807,61.7435,0,U,38491,999,68742,.23278955E-3,.353E-5,0
FENGYUN 1C DEB,1999-025ESB,2026-05-11T10:04:42.066048,13.95368624,.0229687,98.6061,198.2925,95.8363,266.9032,0,U,38492,999,58090,.15448E-2,.2572E-4,0
FENGYUN 1C DEB,1999-025ESC,2026-05-23T14:25:23.007072,13.62500670,.04263363,99.1021,97.6325,185.0623,174.6140,0,U,38493,999,58702,.18311919E-3,.222E-5,0
FENGYUN 1C DEB,1999-025ESD,2026-05-22T02:55:53.368608,14.03036022,.03740137,98.4479,85.8365,276.2047,79.6646,0,U,38494,999,9401,.97603723E-3,.2773E-4,0
FENGYUN 1C DEB,1999-025ESE,2026-05-18T06:19:02.840448,13.70002892,.02528461,99.1573,152.2181,89.5099,273.5013,0,U,38495,999,63255,.15882413E-2,.1708E-4,0
FENGYUN 1C DEB,1999-025ESF,2026-05-26T06:57:23.501376,14.10491142,.00751353,98.7581,156.8415,259.9698,99.2989,0,U,38496,999,83340,.67356866E-3,.1187E-4,0
FENGYUN 1C DEB,1999-025ESH,2026-05-28T07:07:29.085024,12.96906700,.0558402,99.6883,155.4799,53.5935,311.5350,0,U,38498,999,55902,.13758E-2,.778E-5,0
FENGYUN 1C DEB,1999-025ESV,2026-05-22T07:21:21.480768,14.13722156,.0099028,98.5977,150.2827,51.7159,309.2871,0,U,38510,999,90938,.39777E-3,.746E-5,0
FENGYUN 1C DEB,1999-025ESX,2026-05-26T02:06:57.676320,13.74429628,.02276937,98.3687,12.8743,22.6872,338.4154,0,U,38512,999,61827,.97360069E-3,.1075E-4,0
FENGYUN 1C DEB,1999-025ESY,2026-05-28T10:53:30.822144,14.81049329,.0235091,97.6161,46.3271,61.3720,301.0920,0,U,38513,999,66120,.13691E-2,.17135E-3,0
FENGYUN 1C DEB,1999-025ESZ,2026-05-25T18:30:05.138784,14.19710808,.0250485,98.0404,165.3741,252.0644,105.3083,0,U,38514,999,90321,.19963667E-2,.5742E-4,0
FENGYUN 1C DEB,1999-025ETB,2026-05-28T05:12:50.431968,14.34194898,.01102192,98.4613,133.4431,351.7281,8.2084,0,U,38516,999,87259,.1441161E-3,.387E-5,0
FENGYUN 1C DEB,1999-025ETJ,2026-05-26T21:41:46.080384,14.20983744,.0053883,99.1459,172.9030,242.4587,238.9621,0,U,38717,999,60771,.13204E-2,.2857E-4,0
FENGYUN 1C DEB,1999-025ETP,2026-05-25T07:12:31.049568,14.63579159,.01333649,99.3541,269.7785,320.2221,38.9257,0,U,38722,999,72852,.12350174E-2,.7233E-4,0
FENGYUN 1C DEB,1999-025ETR,2026-05-26T11:30:55.361088,14.17338407,.01178233,98.7313,157.3220,320.9500,38.3212,0,U,38724,999,58956,.23981999E-2,.5151E-4,0
FENGYUN 1C DEB,1999-025ETS,2026-05-28T07:53:16.390752,14.45587885,.0034636,98.8803,285.7972,121.4395,239.0189,0,U,38725,999,75757,.27375E-2,.9705E-4,0
FENGYUN 1C DEB,1999-025ETU,2026-05-28T22:48:31.617216,14.05005256,.0104402,98.6082,142.7532,109.6590,280.1845,0,U,38727,999,74180,.11959E-2,.1982E-4,0
FENGYUN 1C DEB,1999-025ETV,2026-05-28T06:47:47.056128,14.73253414,.0069115,99.2603,163.6222,260.7783,163.7549,0,U,38728,999,68061,.85439E-3,.5668E-4,0
FENGYUN 1C DEB,1999-025EUD,2026-05-20T11:34:59.944800,14.46886846,.02026874,98.8459,38.6743,269.3118,267.4691,0,U,38789,999,64140,.26583624E-3,.1185E-4,0
FENGYUN 1C DEB,1999-025EUK,2026-05-23T17:49:45.589728,13.30586324,.04972523,98.6918,147.1140,212.6429,144.3043,0,U,38795,999,80666,.21402373E-2,.1969E-4,0
FENGYUN 1C DEB,1999-025EUM,2026-05-23T22:21:59.609088,13.61806303,.02451601,99.4708,37.2365,166.7578,194.0155,0,U,38797,999,61490,.39671993E-3,.33E-5,0
FENGYUN 1C DEB,1999-025EUN,2026-05-18T01:25:40.365408,13.29129107,.04117895,98.8217,246.2676,75.0172,289.6147,0,U,38798,999,20811,.16449463E-3,.89E-6,0
FENGYUN 1C DEB,1999-025EUP,2026-05-24T10:57:11.413440,14.50286681,.01608218,98.3894,224.3340,212.9762,146.1323,0,U,38799,999,66396,.80756431E-3,.3664E-4,0
FENGYUN 1C DEB,1999-025EUR,2026-05-28T22:59:34.380384,14.25650871,.0343839,98.3471,197.1581,219.6238,265.5631,0,U,38801,999,66742,.44069E-3,.1895E-4,0
FENGYUN 1C DEB,1999-025EUT,2026-05-25T11:10:51.536064,14.25189690,.00596477,99.1316,160.8325,287.4900,71.9765,0,U,38803,999,62543,.14044621E-2,.3314E-4,0
FENGYUN 1C DEB,1999-025EUZ,2026-05-26T19:36:42.498720,14.18604367,.0221207,98.5841,156.8756,210.9217,147.8778,0,U,38809,999,71546,.34456177E-3,.864E-5,0
FENGYUN 1C DEB,1999-025EVD,2026-05-27T18:20:37.202208,14.20531094,.00062339,99.3455,159.2993,23.0869,337.0585,0,U,38813,999,50607,.43243042E-3,.88E-5,0
FENGYUN 1C DEB,1999-025EVH,2026-05-28T19:55:02.404416,13.58234579,.0289227,98.5874,3.6266,329.2646,29.1830,0,U,38817,999,68102,.14712E-2,.1364E-4,0
FENGYUN 1C DEB,1999-025EVJ,2026-05-22T10:16:13.876032,14.39927963,.0086212,98.2738,198.5041,336.4160,37.5037,0,U,38818,999,69560,.19966E-3,.611E-5,0
FENGYUN 1C DEB,1999-025EVK,2026-05-28T05:48:06.213312,14.19700556,.0081061,98.6283,141.7421,74.6641,303.1349,0,U,38819,999,65840,.43109E-3,.9E-5,0
FENGYUN 1C DEB,1999-025EVQ,2026-05-25T20:14:30.008832,14.16002536,.00968703,99.2971,291.2973,103.2890,257.9108,0,U,38824,999,71458,.18533542E-2,.3781E-4,0
FENGYUN 1C DEB,1999-025EVT,2026-05-22T19:23:09.944736,14.33763225,.0215422,98.3695,165.7437,192.8384,166.7264,0,U,38827,999,63367,.37217158E-3,.1292E-4,0
FENGYUN 1C DEB,1999-025EVV,2026-05-25T23:33:09.570528,14.09555647,.0039045,98.7387,162.2131,285.4792,74.2068,0,U,38829,999,66446,.43877136E-3,.73E-5,0
FENGYUN 1C DEB,1999-025EVY,2026-05-28T10:06:53.914176,14.05094445,.0083377,99.2499,201.1440,301.0843,58.2161,0,U,38832,999,66098,.85122E-3,.1369E-4,0
FENGYUN 1C DEB,1999-025EWE,2026-05-28T20:38:08.316672,13.85011320,.017295,99.1675,295.6235,252.8872,105.3279,0,U,39537,999,61569,.19006E-2,.2371E-4,0
FENGYUN 1C DEB,1999-025EWH,2026-05-20T02:15:35.328960,13.37525968,.04017361,106.1877,105.3839,28.0976,31.8129,0,U,39540,999,71215,.17421103E-2,.1365E-4,0
FENGYUN 1C DEB,1999-025EWJ,2026-05-28T08:18:37.500768,14.20821011,.0069471,98.6591,192.2538,311.7907,47.7348,0,U,39541,999,61368,.45246E-3,.958E-5,0
FENGYUN 1C DEB,1999-025EWL,2026-05-26T07:26:41.059680,13.70561416,.03389976,99.0215,171.5229,69.2363,294.4759,0,U,39543,999,51439,.80943879E-3,.1039E-4,0
FENGYUN 1C DEB,1999-025EWM,2026-05-26T08:57:37.815840,14.05768720,.00527331,98.7229,24.5674,266.4503,93.0633,0,U,39544,999,59168,.44680376E-3,.696E-5,0
FENGYUN 1C DEB,1999-025EWU,2026-05-28T16:14:03.674688,13.83999371,.014057,98.9900,295.8611,302.0298,56.7266,0,U,40688,999,32226,.35331E-3,.381E-5,0
FENGYUN 1C DEB,1999-025EWV,2026-05-28T11:21:16.309152,13.65299908,.031207,99.1260,61.7808,28.4227,333.3551,0,U,40689,999,57158,.16475E-2,.1828E-4,0
FENGYUN 1C DEB,1999-025EWW,2026-05-26T09:01:51.134592,13.95884893,.00937337,99.3986,189.8498,61.6558,299.4018,0,U,40690,999,63672,.17061347E-3,.196E-5,0
FENGYUN 1C DEB,1999-025EWX,2026-05-25T19:40:58.501920,13.90028593,.01280143,99.0344,178.6059,225.0042,134.0688,0,U,40691,999,57715,.13834923E-3,.139E-5,0
FENGYUN 1C DEB,1999-025EXB,2026-05-05T15:21:33.749280,14.51592263,.02782856,99.4430,266.4923,265.5927,91.3427,0,U,40695,999,33953,.19104308E-3,.1188E-4,0
FENGYUN 1C DEB,1999-025EXC,2026-05-23T05:48:37.489248,13.96828327,.00784028,98.9726,130.9511,272.6445,86.5745,0,U,40696,999,57934,.25038684E-3,.313E-5,0
FENGYUN 1C DEB,1999-025EXD,2026-05-17T23:44:01.804992,14.04812971,.00582729,99.1083,208.9579,181.6659,178.4322,0,U,40999,999,83754,.56804727E-3,.88E-5,0
FENGYUN 1C DEB,1999-025EXH,2026-05-26T02:39:03.686976,14.82502524,.00611347,98.9666,88.6567,131.3786,229.2703,0,U,41003,999,54848,.31605654E-2,.26245E-3,0
FENGYUN 1C DEB,1999-025EXK,2026-05-16T08:16:00.337440,13.51324350,.0570286,98.9435,165.1237,57.9384,307.5837,0,U,41005,999,54468,.93518046E-3,.1667E-4,0
FENGYUN 1C DEB,1999-025EXL,2026-05-28T12:12:26.522784,13.86491219,.0184389,102.3646,77.1274,334.3023,24.9047,0,U,41006,999,59799,.35954E-2,.4702E-4,0
FENGYUN 1C DEB,1999-025EXM,2026-05-13T22:53:35.128320,13.86329856,.01699267,99.9534,175.4140,6.1383,354.1800,0,U,41007,999,59507,.68156707E-3,.833E-5,0
FENGYUN 1C DEB,1999-025EXR,2026-05-28T10:55:40.963008,14.44060058,.0305276,99.1430,211.2592,224.4090,133.2252,0,U,41011,999,59562,.48058E-3,.2844E-4,0
FENGYUN 1C DEB,1999-025EXY,2026-05-26T02:56:49.894080,13.52868332,.03136135,99.9420,96.1164,72.1427,291.3649,0,U,41018,999,90397,.19603539E-2,.1737E-4,0
FENGYUN 1C DEB,1999-025EXZ,2026-05-27T16:46:54.578784,14.25921628,.00559967,98.7179,218.0323,100.5619,260.1875,0,U,41822,999,49737,.14680891E-2,.3514E-4,0
FENGYUN 1C DEB,1999-025EYA,2026-05-29T04:12:47.596032,14.24553453,.0055757,98.7044,216.0206,104.4453,256.2922,0,U,41823,999,49741,.14868E-2,.3464E-4,0
FENGYUN 1C DEB,1999-025EYB,2026-05-29T02:54:22.372128,14.25273496,.0058063,98.7162,217.0649,103.7109,257.0543,0,U,41824,999,49743,.15858E-2,.3755E-4,0
FENGYUN 1C DEB,1999-025EYC,2026-05-29T04:12:37.945152,14.26255009,.0056029,98.7292,222.6108,96.5058,264.2505,0,U,41825,999,49734,.15154E-2,.3652E-4,0
FENGYUN 1C DEB,1999-025EYD,2026-05-28T03:41:51.323136,14.24765358,.00564809,98.7187,217.7926,103.0226,257.7267,0,U,41826,999,49729,.13554712E-2,.3168E-4,0
FENGYUN 1C DEB,1999-025EYE,2026-05-29T04:16:23.291904,14.26469431,.0058465,98.7294,222.8512,90.4903,270.2977,0,U,41827,999,49717,.15825E-2,.3838E-4,0
FENGYUN 1C DEB,1999-025EYF,2026-05-28T21:09:02.392416,14.57850120,.0032767,98.9213,293.1070,31.6149,328.7007,0,U,41828,999,49894,.44874E-2,.20708E-3,0
FENGYUN 1C DEB,1999-025EYG,2026-05-29T04:05:19.239648,14.26291776,.0056355,98.7314,222.8374,94.1148,266.6475,0,U,41829,999,49693,.15672E-2,.3782E-4,0
FENGYUN 1C DEB,1999-025EYH,2026-05-29T04:21:01.967328,14.27734540,.0054512,98.7410,226.1646,91.8875,268.8550,0,U,41830,999,49662,.16788E-2,.4167E-4,0
FENGYUN 1C DEB,1999-025EYJ,2026-05-29T04:00:28.075104,14.25693792,.0056705,98.7201,220.1162,97.5611,263.2015,0,U,41831,999,49644,.17227E-2,.4114E-4,0
FENGYUN 1C DEB,1999-025EYK,2026-05-29T02:57:42.255072,14.25343328,.0056084,98.7143,217.0510,101.8067,258.9411,0,U,41832,999,49734,.14198E-2,.3358E-4,0
FENGYUN 1C DEB,1999-025EYL,2026-05-29T04:03:59.228928,14.27082121,.0054685,98.7349,223.4587,98.8686,261.8691,0,U,41833,999,49751,.17071E-2,.4184E-4,0
FENGYUN 1C DEB,1999-025EYM,2026-05-29T03:53:35.909952,14.24922009,.0055738,98.7197,217.4562,103.9477,256.7909,0,U,43213,999,42756,.15091E-2,.3542E-4,0
FENGYUN 1C DEB,1999-025EYN,2026-05-29T03:25:17.279904,14.25225354,.0056004,98.7218,217.8565,103.4756,257.2672,0,U,43214,999,42787,.15362E-2,.3629E-4,0
FENGYUN 1C DEB,1999-025EYP,2026-05-28T06:33:01.435392,13.40877332,.0365994,98.6917,250.1382,141.6941,221.0804,0,U,43358,999,55962,.1783E-2,.1425E-4,0
FENGYUN 1C DEB,1999-025EYQ,2026-05-28T04:23:32.342208,14.24824287,.00724245,99.0465,238.0337,254.7654,104.5508,0,U,43359,999,50118,.20304419E-2,.4823E-4,0
FENGYUN 1C DEB,1999-025EYR,2026-05-27T17:18:31.338720,14.27264460,.0054339,98.7509,224.9385,101.9792,258.7486,0,U,45526,999,45743,.16709468E-2,.4109E-4,0
FENGYUN 1C DEB,1999-025EYS,2026-05-29T03:54:42.069024,14.25634710,.0055665,98.7239,219.9413,102.0985,258.6439,0,U,45527,999,41964,.15817E-2,.3767E-4,0
FENGYUN 1C DEB,1999-025EYU,2026-05-25T16:28:52.115520,14.22537722,.01192615,98.5405,132.5149,290.8413,68.0027,0,U,46439,999,62694,.18718197E-3,.406E-5,0
FENGYUN 1C DEB,1999-025EYV,2026-05-09T20:59:57.178176,14.20567934,.0176185,98.5751,157.6579,66.7782,56.8972,0,U,46440,999,64472,.23459E-3,.547E-5,0
FENGYUN 1C DEB,1999-025EYY,2026-05-29T04:34:52.038048,14.11939699,.0096161,99.2027,225.3791,245.5960,140.3637,0,U,46443,999,61958,.19105E-2,.3603E-4,0
FENGYUN 1C DEB,1999-025EYZ,2026-05-27T18:19:37.334784,14.27610743,.00840681,98.5149,150.4982,25.6876,153.9850,0,U,46444,999,64950,.51355153E-3,.127E-4,0
FENGYUN 1C DEB,1999-025EZE,2026-05-25T13:02:33.105408,14.19478517,.02035948,98.6213,180.9020,157.6547,203.3658,0,U,46449,999,59960,.41081301E-3,.102E-4,0
FENGYUN 1C DEB,1999-025EZF,2026-05-21T06:43:31.884096,14.04829623,.0179933,98.0701,345.4610,326.0944,32.8827,0,U,46450,999,63358,.12955E-2,.2365E-4,0
FENGYUN 1C DEB,1999-025EZG,2026-05-28T23:49:33.885120,14.22606911,.0168389,98.1415,160.5223,55.7637,334.5952,0,U,46451,999,59383,.36462E-2,.9395E-4,0
FENGYUN 1C DEB,1999-025EZK,2026-05-28T04:56:19.464576,14.26082114,.00454482,98.8790,243.0512,111.6299,279.9770,0,U,46468,999,76188,.17196001E-2,.4111E-4,0
FENGYUN 1C DEB,1999-025EZL,2026-05-26T21:12:26.356032,14.47744253,.0105691,98.2207,171.2018,68.4744,292.7676,0,U,46986,999,65789,.42562E-3,.164E-4,0
FENGYUN 1C DEB,1999-025EZM,2026-05-27T04:06:21.693024,14.47396293,.00320058,98.9145,290.8892,205.8705,154.0887,0,U,46987,999,59732,.28860011E-2,.10617E-3,0
FENGYUN 1C DEB,1999-025EZP,2026-05-28T10:15:23.954112,13.81309282,.0230522,99.5125,316.2665,258.4939,128.6539,0,U,46989,999,73342,.3686E-2,.4743E-4,0
FENGYUN 1C DEB,1999-025EZQ,2026-05-22T08:28:04.252800,14.29913995,.0335145,98.2240,342.4040,305.1733,179.8599,0,U,46990,999,10820,.14072E-2,.6645E-4,0
FENGYUN 1C DEB,1999-025EZS,2026-05-20T04:23:51.566208,14.00909239,.00730059,98.9332,128.1390,81.9291,279.0149,0,U,46992,999,63175,.36850456E-3,.521E-5,0
FENGYUN 1C DEB,1999-025EZT,2026-05-12T13:01:08.945760,13.69310984,.0261809,98.7330,242.0067,259.9032,115.5429,0,U,46993,999,62321,.37055E-3,.369E-5,0
FENGYUN 1C DEB,1999-025EZV,2026-05-29T04:01:32.795616,13.87301074,.0182843,98.5895,222.7095,20.3963,340.4378,0,U,46995,999,62789,.18617E-2,.2461E-4,0
FENGYUN 1C DEB,1999-025EZX,2026-05-25T21:04:41.332224,14.28839897,.00249512,98.5402,187.9104,209.1446,330.7356,0,U,46997,999,64794,.74602876E-3,.1845E-4,0
FENGYUN 1C DEB,1999-025FAB,2026-05-17T10:37:03.622656,14.39981714,.00488475,99.2890,213.5009,314.1858,45.5319,0,U,47001,999,76154,.79185388E-3,.2477E-4,0
FENGYUN 1C DEB,1999-025FAD,2026-05-15T12:49:49.332864,13.42896158,.03340128,98.8535,53.8705,32.2407,329.8675,0,U,47003,999,67370,.27962219E-3,.186E-5,0
FENGYUN 1C DEB,1999-025FAF,2026-05-28T12:41:45.663072,14.12547283,.0064645,99.5995,254.0478,142.1985,233.8264,0,U,47005,999,85121,.27455E-2,.5132E-4,0
FENGYUN 1C DEB,1999-025FAG,2026-05-04T23:34:39.435168,13.98386453,.00832676,99.1753,188.4254,44.8370,315.9482,0,U,47006,999,84769,.25718524E-3,.334E-5,0
FENGYUN 1C DEB,1999-025FAH,2026-05-28T19:03:50.263200,13.98675187,.02314,98.2005,358.3505,303.7179,54.2123,0,U,47007,999,81183,.22235E-2,.3979E-4,0
FENGYUN 1C DEB,1999-025FAK,2026-05-26T03:04:58.763424,13.37403263,.03519195,98.9607,115.4896,209.4546,148.6340,0,U,47009,999,61006,.31949515E-3,.201E-5,0
FENGYUN 1C DEB,1999-025FAN,2026-05-22T20:59:28.760352,13.78071151,.01627546,98.7363,13.8095,351.8036,8.0464,0,U,47012,999,56792,.13255492E-3,.107E-5,0
FENGYUN 1C DEB,1999-025FAP,2026-05-28T10:05:18.265920,14.26173386,.0055134,98.0654,210.0780,31.7917,328.6574,0,U,47013,999,75634,.14751E-2,.3551E-4,0
FENGYUN 1C DEB,1999-025FAR,2026-05-29T04:01:28.041024,14.90191333,.0165572,98.6876,227.3137,293.5308,64.8587,0,U,47015,999,66873,.51044E-3,.6338E-4,0
FENGYUN 1C DEB,1999-025FBB,2026-05-28T02:11:12.348096,14.48660062,.0035874,99.0281,10.8287,220.3639,292.7462,0,U,47025,999,65148,.16787712E-2,.6326E-4,0
FENGYUN 1C DEB,1999-025FBF,2026-05-25T20:06:35.570016,15.09378916,.01081792,98.9355,178.2239,169.8305,190.5145,0,U,47029,999,5543,.21347591E-2,.39236E-3,0
FENGYUN 1C DEB,1999-025FBN,2026-05-28T23:04:54.254784,14.15275790,.0067202,98.6950,193.4553,340.6086,138.8362,0,U,47036,999,62292,.13376E-3,.223E-5,0
FENGYUN 1C DEB,1999-025FBS,2026-05-25T02:06:55.774656,14.06769115,.0063089,100.2969,79.1547,154.3803,206.0510,0,U,47040,999,91405,.36010147E-3,.554E-5,0
FENGYUN 1C DEB,1999-025FBT,2026-05-25T21:16:21.553248,15.20592905,.00086722,98.2350,190.8511,5.9885,171.4138,0,U,47041,999,73672,.2142653E-2,.47186E-3,0
FENGYUN 1C DEB,1999-025FBU,2026-05-24T23:48:33.903648,14.23031031,.00535008,98.9903,50.9788,286.1006,91.4378,0,U,47042,999,64843,.14822727E-3,.292E-5,0
FENGYUN 1C DEB,1999-025FBY,2026-05-29T00:17:46.347936,14.54376957,.0083648,99.0207,346.2343,209.3140,150.3348,0,U,47100,999,29197,.20135E-2,.8918E-4,0
FENGYUN 1C DEB,1999-025FBZ,2026-05-28T09:37:44.341824,14.21321460,.0100804,98.8112,213.4568,300.0201,59.1004,0,U,47101,999,37026,.2948E-2,.6729E-4,0
FENGYUN 1C DEB,1999-025FCA,2026-05-28T07:11:03.663744,14.17930884,.011544,98.4462,83.6840,291.9146,222.8771,0,U,47102,999,64300,.98694E-3,.2114E-4,0
FENGYUN 1C DEB,1999-025FCC,2026-05-18T07:46:12.045792,14.19575480,.00397318,98.8895,173.6217,246.9140,112.7845,0,U,47104,999,64594,.12294563E-3,.216E-5,0
FENGYUN 1C DEB,1999-025FCG,2026-05-20T08:29:49.547616,14.10747528,.01312447,99.2597,111.3541,17.2318,343.3245,0,U,48518,999,62405,.1388426E-2,.2645E-4,0
IRIDIUM 33,1997-051C,2026-05-29T01:09:57.644640,14.35140887,.000917,86.3879,357.9932,40.7184,319.4696,0,U,24946,999,50234,.90336E-4,.278E-5,0
IRIDIUM 33 DEB,1997-051L,2026-05-28T23:44:58.828128,14.43618883,.0009949,86.4014,349.7105,330.7875,29.2768,0,U,33773,999,90760,.26474E-3,.917E-5,0
IRIDIUM 33 DEB,1997-051N,2026-05-28T23:54:56.329056,14.41970197,.0011952,86.3626,338.1366,339.0146,183.0442,0,U,33775,999,90550,.46477E-3,.1543E-4,0
IRIDIUM 33 DEB,1997-051P,2026-05-29T01:26:46.406976,14.38517149,.0015122,86.4056,10.4850,16.9355,135.9544,0,U,33776,999,90487,.21287E-3,.671E-5,0
IRIDIUM 33 DEB,1997-051Q,2026-05-28T22:42:45.010656,14.56718231,.0008687,86.3766,322.4144,64.9129,295.2980,0,U,33777,999,90967,.99765E-3,.4479E-4,0
IRIDIUM 33 DEB,1997-051T,2026-05-28T23:34:10.485120,14.42649571,.001064,86.3397,318.2569,349.0009,141.4500,0,U,33850,999,90563,.41588E-3,.1402E-4,0
IRIDIUM 33 DEB,1997-051W,2026-05-28T21:10:24.271104,13.99821808,.0209923,85.9972,276.4661,84.0067,42.0268,0,U,33853,999,87683,.69949E-3,.126E-4,0
IRIDIUM 33 DEB,1997-051AD,2026-05-28T22:13:18.884064,14.69967181,.0010778,86.3800,313.0705,119.6882,40.7391,0,U,33860,999,91176,.14309E-2,.8604E-4,0
IRIDIUM 33 DEB,1997-051AF,2026-05-28T22:44:02.100192,14.73198949,.0047313,86.4072,323.5676,206.1316,314.6377,0,U,33862,999,91282,.14601E-2,.9616E-4,0
IRIDIUM 33 DEB,1997-051AK,2026-05-29T02:43:58.279008,14.26217953,.0114045,86.3028,22.1624,344.9721,166.9917,0,U,33866,999,89195,.14608E-2,.3765E-4,0
IRIDIUM 33 DEB,1997-051AP,2026-05-28T23:44:32.957376,14.46728166,.0020381,86.3746,346.5328,353.3889,136.3264,0,U,33870,999,90554,.57917E-3,.2118E-4,0
IRIDIUM 33 DEB,1997-051BA,2026-05-29T03:42:01.690272,14.61368776,.0057538,86.3853,33.6601,332.8596,189.0017,0,U,33881,999,89941,.33433E-2,.16966E-3,0
IRIDIUM 33 DEB,1997-051BD,2026-05-28T21:00:24.088320,14.82393216,.0012814,86.3647,294.0525,91.3525,61.3576,0,U,33884,999,91319,.24138E-2,.19411E-3,0
IRIDIUM 33 DEB,1997-051BF,2026-05-29T01:03:38.930976,14.36243708,.0015978,86.3840,356.8060,63.1032,88.7606,0,U,33886,999,90453,.16981E-3,.516E-5,0
IRIDIUM 33 DEB,1997-051BG,2026-05-28T22:00:28.329120,14.37381427,.0008034,86.3018,291.3512,63.7285,61.0390,0,U,33887,999,90566,.1486E-3,.464E-5,0
IRIDIUM 33 DEB,1997-051BN,2026-05-29T00:54:04.611168,14.56994873,.0013787,86.3852,341.0849,253.7220,234.7980,0,U,33953,999,90738,.94298E-3,.4263E-4,0
IRIDIUM 33 DEB,1997-051BV,2026-05-29T04:08:24.889920,14.93616442,.0004275,86.2561,209.9854,139.7728,245.5027,0,U,33960,999,91360,.19577E-2,.20728E-3,0
IRIDIUM 33 DEB,1997-051CB,2026-05-29T01:07:59.896128,14.50311422,.0008025,86.3913,334.2046,21.0805,105.9983,0,U,33966,999,90866,.47491E-3,.1871E-4,0
IRIDIUM 33 DEB,1997-051CE,2026-05-28T22:44:45.395232,14.50291707,.0005245,86.3421,305.1093,268.3474,91.7130,0,U,34071,999,90757,.63273E-3,.2484E-4,0
IRIDIUM 33 DEB,1997-051CL,2026-05-28T23:16:52.606848,14.67704519,.0009957,86.3846,337.6650,158.9752,0.1500,0,U,34077,999,90783,.16136E-2,.9216E-4,0
IRIDIUM 33 DEB,1997-051CN,2026-05-28T20:31:47.011008,14.89026608,.0008412,86.3719,292.2662,111.6007,41.2619,0,U,34079,999,91460,.20956E-2,.19792E-3,0
IRIDIUM 33 DEB,1997-051CX,2026-05-28T23:21:14.920704,15.02698094,.0002057,86.3784,313.1322,333.4982,150.0631,0,U,34088,999,91244,.34748E-2,.46635E-3,0
IRIDIUM 33 DEB,1997-051DA,2026-05-28T23:36:47.803968,14.94234329,.0030611,86.3489,349.4297,63.1469,297.2883,0,U,34091,999,90355,.27088E-2,.29419E-3,0
IRIDIUM 33 DEB,1997-051DG,2026-05-28T19:37:42.640896,14.36026466,.0081946,86.1957,287.5647,174.0307,186.1887,0,U,34097,999,89516,.17646E-2,.5348E-4,0
IRIDIUM 33 DEB,1997-051DY,2026-05-28T14:06:19.307808,14.43522329,.004985,86.2102,258.1068,262.6128,96.9406,0,U,34145,999,90044,.10325E-2,.3565E-4,0
IRIDIUM 33 DEB,1997-051DZ,2026-05-28T19:41:44.643840,14.50098389,.0027095,86.2805,275.9116,33.4532,119.5820,0,U,34146,999,90527,.82571E-3,.3238E-4,0
IRIDIUM 33 DEB,1997-051EN,2026-05-28T12:20:57.081120,14.38914353,.0029974,86.3502,337.1312,99.0905,261.3687,0,U,34159,999,90357,.37988E-3,.1196E-4,0
IRIDIUM 33 DEB,1997-051ES,2026-05-28T09:46:07.309056,14.45845989,.0019059,86.3247,290.4621,309.5010,72.9801,0,U,34350,999,90701,.31672E-3,.1146E-4,0
IRIDIUM 33 DEB,1997-051FJ,2026-05-29T00:45:22.137408,14.55608502,.0018275,86.3674,336.4609,300.7636,221.8727,0,U,34366,999,90614,.11517E-2,.5055E-4,0
IRIDIUM 33 DEB,1997-051FT,2026-05-28T21:53:54.928320,14.18312352,.0100074,86.4284,115.3121,317.0642,96.8580,0,U,34375,999,89081,.45808E-3,.1008E-4,0
IRIDIUM 33 DEB,1997-051FU,2026-05-29T02:29:25.403136,14.65698475,.0022939,86.2927,291.0616,323.6011,36.3641,0,U,34376,999,90456,.21105E-2,.11558E-3,0
IRIDIUM 33 DEB,1997-051GB,2026-05-28T09:30:50.686272,15.06477369,.0007486,86.3833,294.3649,214.5069,201.4584,0,U,34486,999,91487,.28082E-2,.4168E-3,0
IRIDIUM 33 DEB,1997-051GC,2026-05-28T21:07:43.064256,14.43466249,.0028882,86.3405,300.4161,299.6588,214.1145,0,U,34487,999,90659,.18593E-3,.651E-5,0
IRIDIUM 33 DEB,1997-051GH,2026-05-28T07:23:06.334944,14.29063353,.0182298,86.4687,267.0991,62.7693,328.0245,0,U,34492,999,87435,.18394E-2,.5594E-4,0
IRIDIUM 33 DEB,1997-051GN,2026-05-28T12:19:59.078208,14.28034143,.0079933,86.2776,341.1410,159.2913,230.7889,0,U,34497,999,89263,.68753E-3,.1784E-4,0
IRIDIUM 33 DEB,1997-051GZ,2026-05-29T04:25:51.579264,14.39601331,.0064136,86.3724,31.5512,345.7175,14.2208,0,U,34508,999,89717,.10698E-2,.3441E-4,0
IRIDIUM 33 DEB,1997-051HN,2026-05-28T23:25:36.287616,14.65547139,.0005136,86.3761,316.7893,70.5894,289.5873,0,U,34521,999,90920,.14581E-2,.7932E-4,0
IRIDIUM 33 DEB,1997-051HS,2026-05-28T12:24:37.725984,14.43333566,.0002273,86.3719,335.6545,252.3390,169.1508,0,U,34525,999,90493,.3431E-3,.1176E-4,0
IRIDIUM 33 DEB,1997-051HW,2026-05-28T10:59:30.793920,14.40829679,.000581,86.3618,324.3510,35.2325,324.9257,0,U,34529,999,90542,.22776E-3,.749E-5,0
IRIDIUM 33 DEB,1997-051JF,2026-05-28T20:33:54.995328,14.43609065,.0035877,86.2730,292.2946,130.4668,22.8960,0,U,34538,999,90166,.86557E-3,.2976E-4,0
IRIDIUM 33 DEB,1997-051JH,2026-05-29T04:02:11.490720,14.78937287,.0012178,86.3116,230.8023,309.1568,75.2387,0,U,34540,999,91493,.15744E-2,.11657E-3,0
IRIDIUM 33 DEB,1997-051JZ,2026-05-29T03:23:28.129920,14.14485725,.0179438,86.3962,214.2022,130.1949,231.5100,0,U,34648,999,87325,.44036E-2,.9879E-4,0
IRIDIUM 33 DEB,1997-051KC,2026-05-29T04:20:02.174208,14.28214294,.0138163,86.2786,69.1174,25.5352,335.2579,0,U,34651,999,88284,.37147E-2,.10272E-3,0
IRIDIUM 33 DEB,1997-051KD,2026-05-29T01:50:03.151968,14.63536628,.0029812,86.3291,265.3815,86.6367,37.9434,0,U,34652,999,90930,.97968E-3,.5135E-4,0
IRIDIUM 33 DEB,1997-051KM,2026-05-28T23:54:21.578112,14.55766866,.0010952,86.3763,324.2720,157.8637,332.8126,0,U,34690,999,90527,.84421E-3,.3718E-4,0
IRIDIUM 33 DEB,1997-051KT,2026-05-28T16:48:26.155008,14.76330522,.0055562,86.1807,309.0397,311.6437,62.2010,0,U,34696,999,89128,.39742E-2,.2838E-3,0
IRIDIUM 33 DEB,1997-051LJ,2026-05-28T10:56:52.310400,14.40921019,.0017435,86.3371,321.2157,35.8951,353.6396,0,U,34765,999,90014,.37721E-3,.1232E-4,0
IRIDIUM 33 DEB,1997-051MH,2026-05-28T23:35:23.625312,14.53451679,.0017119,86.3925,338.8698,253.5845,259.7632,0,U,34833,999,90143,.65653E-3,.2759E-4,0
IRIDIUM 33 DEB,1997-051MQ,2026-05-29T05:10:01.041312,14.79846981,.0013604,86.3107,237.1307,335.6620,54.0061,0,U,34870,999,91385,.13665E-2,.10342E-3,0
IRIDIUM 33 DEB,1997-051MY,2026-05-24T13:51:48.879648,14.67906761,.00255223,86.3279,253.5298,25.5406,349.5917,0,U,34896,999,90007,.54212634E-3,.3137E-4,0
IRIDIUM 33 DEB,1997-051NF,2026-05-29T04:14:15.279936,14.61839733,.0072815,86.1299,290.1237,88.6865,31.1627,0,U,34926,999,88897,.44446E-2,.23132E-3,0
IRIDIUM 33 DEB,1997-051NR,2026-05-29T00:31:12.606816,14.42741801,.0022501,86.3694,345.4919,37.0623,115.2297,0,U,34985,999,89586,.51801E-3,.1749E-4,0
IRIDIUM 33 DEB,1997-051NX,2026-05-28T03:33:24.098976,14.48388132,.00062624,86.3210,296.2844,246.7580,113.2964,0,U,35051,999,89404,.54749864E-3,.2069E-4,0
IRIDIUM 33 DEB,1997-051NY,2026-05-28T04:00:02.777184,14.38704258,.00093675,86.3280,309.1327,253.7391,106.2777,0,U,35052,999,89668,.18723654E-3,.594E-5,0
IRIDIUM 33 DEB,1997-051PF,2026-05-28T11:34:22.816128,15.21432143,.0028105,86.2178,330.6540,287.4384,72.3788,0,U,35080,999,72192,.90752E-2,.211348E-2,0
IRIDIUM 33 DEB,1997-051PM,2026-05-22T07:58:51.960576,14.45876781,.001493,86.3871,354.1924,339.3865,20.6733,0,U,35297,999,72746,.329E-3,.1189E-4,0
IRIDIUM 33 DEB,1997-051PP,2026-05-28T22:10:23.810016,14.42238975,.0053215,86.2863,320.3286,270.5169,242.9259,0,U,35299,999,88739,.13433E-2,.4521E-4,0
IRIDIUM 33 DEB,1997-051QA,2026-05-27T17:50:57.007968,14.50578644,.00113679,86.3535,312.9059,270.3869,89.6033,0,U,35480,999,89437,.55332239E-3,.2189E-4,0
IRIDIUM 33 DEB,1997-051QE,2026-05-28T14:23:17.401344,15.13982137,.0013653,86.3424,273.5310,228.4813,131.5256,0,U,35484,999,64528,.36539E-2,.66956E-3,0
IRIDIUM 33 DEB,1997-051QJ,2026-05-28T04:06:36.260064,14.86774981,.00266529,86.3261,223.8858,164.3915,195.8138,0,U,35488,999,90736,.11688653E-2,.10506E-3,0
IRIDIUM 33 DEB,1997-051QN,2026-05-26T01:33:22.127616,14.86517413,.00064167,86.3506,270.4199,328.2332,31.8505,0,U,35616,999,90012,.15244122E-2,.13529E-3,0
IRIDIUM 33 DEB,1997-051QQ,2026-05-24T02:51:08.037792,14.52953708,.00283368,86.3379,282.4435,188.3947,171.6790,0,U,35618,999,67751,.30812581E-3,.1297E-4,0
IRIDIUM 33 DEB,1997-051QS,2026-05-25T10:45:09.696960,14.41635135,.01382927,86.3895,148.2230,80.0039,281.6735,0,U,35620,999,62322,.19256566E-2,.7053E-4,0
IRIDIUM 33 DEB,1997-051QU,2026-05-29T01:46:30.722880,15.22054169,.0004849,86.1888,179.8593,45.9380,343.5361,0,U,35622,999,89891,.42904E-2,.99298E-3,0
IRIDIUM 33 DEB,1997-051QX,2026-05-25T17:35:57.265152,14.31738347,.01043803,86.1872,311.0732,31.2135,349.0863,0,U,35625,999,68386,.9876811E-3,.2818E-4,0
IRIDIUM 33 DEB,1997-051RA,2026-05-29T03:23:58.883136,14.70200103,.0013499,86.3534,294.2368,113.3210,246.9428,0,U,35628,999,88904,.15439E-2,.9338E-4,0
IRIDIUM 33 DEB,1997-051RD,2026-05-28T21:44:16.628064,14.47776484,.0014727,86.3641,308.9813,285.7859,225.6281,0,U,35631,999,89615,.2646E-3,.999E-5,0
IRIDIUM 33 DEB,1997-051RJ,2026-05-22T17:28:57.105408,14.22992304,.01509333,86.0997,310.1225,126.1890,252.6948,0,U,35680,999,62989,.13416945E-2,.3416E-4,0
IRIDIUM 33 DEB,1997-051RX,2026-05-28T12:31:06.996864,14.73318178,.0018771,86.3285,249.8976,348.7531,11.3264,0,U,35744,999,89785,.10767E-2,.7008E-4,0
IRIDIUM 33 DEB,1997-051SF,2026-05-27T00:40:08.540832,14.87635869,.00080086,86.3333,253.6775,296.5626,63.4778,0,U,35797,999,89794,.15767103E-2,.14385E-3,0
IRIDIUM 33 DEB,1997-051SQ,2026-05-23T17:29:39.912288,14.59074416,.00117749,86.3399,309.1987,235.8366,124.1727,0,U,35806,999,88685,.70842384E-3,.3354E-4,0
IRIDIUM 33 DEB,1997-051ST,2026-05-24T01:03:31.119552,14.79299580,.00124562,86.3249,261.1750,54.5409,305.6972,0,U,35809,999,89204,.97541888E-3,.729E-4,0
IRIDIUM 33 DEB,1997-051SW,2026-05-27T12:15:38.479392,14.43798680,.00176284,86.3748,348.0754,353.7952,6.3028,0,U,35846,999,73720,.39291919E-3,.1359E-4,0
IRIDIUM 33 DEB,1997-051SY,2026-05-27T16:28:28.046208,14.82748479,.00065839,86.3852,301.2170,1.7914,358.3331,0,U,35848,999,69146,.1607489E-2,.13021E-3,0
IRIDIUM 33 DEB,1997-051TA,2026-05-26T01:20:41.129376,14.82837061,.00075983,86.3455,269.2023,359.8350,0.2869,0,U,35850,999,73789,.12103914E-2,.9829E-4,0
IRIDIUM 33 DEB,1997-051TY,2026-05-28T13:54:59.197248,14.85472885,.0008437,86.3409,266.3711,342.8618,17.2320,0,U,35915,999,10559,.18556E-2,.16059E-3,0
IRIDIUM 33 DEB,1997-051UB,2026-05-25T08:39:13.968576,14.52603115,.00256786,86.4029,5.5061,348.5067,185.3596,0,U,35918,999,87581,.70045393E-3,.2897E-4,0
IRIDIUM 33 DEB,1997-051UN,2026-05-28T11:58:25.048992,15.16198049,.0015509,86.3417,232.8207,132.7765,227.4783,0,U,35929,999,90295,.30162E-2,.58815E-3,0
IRIDIUM 33 DEB,1997-051US,2026-05-28T19:03:54.153792,14.41871326,.0019667,86.3389,323.6622,36.7163,21.4334,0,U,36011,999,66947,.44552E-3,.148E-4,0
IRIDIUM 33 DEB,1997-051UT,2026-05-27T16:49:51.677184,14.21180112,.0221438,86.4394,240.4543,93.3565,269.2980,0,U,36012,999,67840,.11374187E-2,.3194E-4,0
IRIDIUM 33 DEB,1997-051VK,2026-05-27T11:43:20.755488,15.04147633,.00171521,86.3193,228.1440,157.4911,202.7080,0,U,36028,999,89609,.2166826E-2,.30257E-3,0
IRIDIUM 33 DEB,1997-051VM,2026-05-25T03:32:00.363552,14.47295020,.0016344,86.3148,296.7468,346.5826,13.4940,0,U,36080,999,49777,.41989529E-3,.1558E-4,0
IRIDIUM 33 DEB,1997-051VQ,2026-05-28T05:18:58.094208,14.43844646,.0027637,86.3418,322.4636,39.7676,320.5544,0,U,36083,999,87851,.48216E-3,.1669E-4,0
IRIDIUM 33 DEB,1997-051VU,2026-05-26T11:50:33.021600,14.75821669,.00267003,86.2918,223.7123,320.5389,39.3884,0,U,36390,999,68690,.61444891E-3,.426E-4,0
IRIDIUM 33 DEB,1997-051VZ,2026-05-23T19:28:07.339584,14.46407292,.00077057,86.3798,343.1026,323.6335,36.4343,0,U,36483,999,67488,.27137102E-3,.994E-5,0
IRIDIUM 33 DEB,1997-051WG,2026-05-28T16:14:20.679072,14.80366161,.0003654,86.3610,294.8745,161.0555,199.0803,0,U,36490,999,88951,.20256E-2,.15496E-3,0
IRIDIUM 33 DEB,1997-051WK,2026-05-28T03:27:08.041248,14.67535458,.00121897,86.3532,297.5945,134.1162,226.1057,0,U,36493,999,76957,.12991507E-2,.7398E-4,0
IRIDIUM 33 DEB,1997-051WP,2026-05-24T08:23:13.371648,14.65835322,.00423222,86.1568,177.8712,286.2029,73.4529,0,U,36497,999,68032,.84789098E-3,.4711E-4,0
IRIDIUM 33 DEB,1997-051XH,2026-05-27T18:31:52.634208,14.52547518,.00244034,86.3503,331.0510,1.5854,358.5425,0,U,37548,999,67941,.80996648E-3,.3342E-4,0
IRIDIUM 33 DEB,1997-051XK,2026-05-28T04:55:38.344224,14.69730511,.0001033,86.3741,309.9378,219.4764,140.6377,0,U,37550,999,88776,.13847E-2,.8275E-4,0
IRIDIUM 33 DEB,1997-051XX,2026-05-19T20:24:32.156352,14.58073507,.00216656,86.3736,334.5809,294.7634,129.0322,0,U,37562,999,88631,.52337294E-3,.2436E-4,0
IRIDIUM 33 DEB,1997-051YD,2026-05-29T02:58:07.533120,14.52868464,.0076371,86.3322,93.1275,270.6202,88.6253,0,U,38017,999,63830,.22136E-2,.9487E-4,0
IRIDIUM 33 DEB,1997-051YJ,2026-05-20T04:54:26.020512,14.42491865,.00423964,86.2653,306.9764,243.6540,116.0304,0,U,38022,999,71477,.58496042E-3,.1977E-4,0
IRIDIUM 33 DEB,1997-051YQ,2026-05-23T03:27:10.081152,14.46662691,.00258832,86.3226,290.0762,309.3426,50.5483,0,U,38028,999,67828,.25373099E-3,.939E-5,0
IRIDIUM 33 DEB,1997-051ZC,2026-05-28T06:51:13.495968,14.27570835,.0064361,86.2933,337.6667,16.3149,164.1465,0,U,38228,999,87157,.363E-3,.931E-5,0
IRIDIUM 33 DEB,1997-051ZR,2026-05-28T02:02:11.630976,14.55940867,.00031509,86.3200,277.1321,176.7765,183.3464,0,U,38241,999,62620,.66728288E-3,.2951E-4,0
IRIDIUM 33 DEB,1997-051AAB,2026-05-28T03:25:13.072224,14.51467554,.00235247,86.3366,297.5002,247.2760,112.5959,0,U,38474,999,67731,.55781535E-3,.2255E-4,0
IRIDIUM 33 DEB,1997-051AAE,2026-05-29T03:07:44.870880,13.61938269,.0398672,86.4117,43.6105,111.0622,253.3645,0,U,38477,999,56955,.20034E-2,.2646E-4,0
IRIDIUM 33 DEB,1997-051AAJ,2026-05-28T13:40:19.290144,14.60824221,.0056938,85.9581,93.7576,345.6963,14.2632,0,U,39777,999,62617,.34913E-2,.17497E-3,0
IRIDIUM 33 DEB,1997-051AAK,2026-05-28T11:29:10.296096,14.55628811,.000746,86.3766,330.7767,165.1489,194.9939,0,U,39778,999,63117,.10016E-2,.4392E-4,0
IRIDIUM 33 DEB,1997-051AAN,2026-05-28T08:39:20.065824,14.24792958,.017594,86.3793,189.1601,100.6378,276.5225,0,U,39781,999,10476,.59445E-2,.16323E-3,0
IRIDIUM 33 DEB,1997-051ABJ,2026-05-28T20:00:06.598944,15.10753240,.0006456,86.3454,282.3642,152.9207,358.7966,0,U,40996,999,64999,.39641E-2,.66292E-3,0
IRIDIUM 33 DEB,1997-051ABL,2026-05-20T08:09:20.930112,14.45672573,.00052182,86.3829,345.8930,275.0769,265.1408,0,U,40998,999,8972,.23646533E-3,.856E-5,0
IRIDIUM 33 DEB,1997-051ABN,2026-05-23T16:48:11.815200,14.38884647,.02051996,86.2769,123.7717,103.0529,73.1918,0,U,46435,999,10241,.20217777E-2,.7991E-4,0
IRIDIUM 33 DEB,1997-051ABR,2026-05-25T16:21:25.288416,14.42955232,.00410356,86.2604,290.8171,148.9173,227.0007,0,U,46734,999,65374,.82973802E-3,.2823E-4,0
IRIDIUM 33 DEB,1997-051ABX,2026-05-28T13:58:23.858976,14.61505226,.0021385,86.3348,266.6065,116.9489,257.9924,0,U,46965,999,64704,.80355E-3,.4018E-4,0
IRIDIUM 33 DEB,1997-051ACE,2026-05-01T08:34:01.102944,14.51350828,.00093599,86.3872,339.2922,13.6253,111.5367,0,U,46972,999,63597,.46758606E-3,.1883E-4,0
IRIDIUM 33 DEB,1997-051ACG,2026-05-25T09:49:11.564832,14.47921367,.00908918,86.2999,33.5759,4.5129,355.6871,0,U,46974,999,59874,.23718576E-2,.9286E-4,0
